barcodes	label_id	label	ent	CD14	mahalanobis_0	mahalanobis_1
AAACCTGCACGCATCG	1	Other	0.6890476526508393	1	0.45475664249590325	0.5452433575040968
AACCATGGTATGCTTG	0	CD42b+, CD14+ megakaryocyte	9.827116693620453e-31	21	1.0	1.339012237162403e-32
ACTGTCCAGTAGGCCA	0	CD42b+, CD14+ megakaryocyte	5.512014784348872e-72	32	1.0	3.2574929025824025e-74
ACTTGTTGTGCCTTGG	0	CD42b+, CD14+ megakaryocyte	1.4495825079140997e-136	44	1.0	4.550649971896726e-139
AGCATACGTTTGGCGC	0	CD42b+, CD14+ megakaryocyte	3.317671951278387e-63	30	1.0	2.2286200336904345e-65
AGGGTGAGTCGCATAT	0	CD42b+, CD14+ megakaryocyte	1.6337730135181775e-229	57	1.0	3.0647815203222816e-232
ATAAGAGCATGCAATC	0	CD42b+, CD14+ megakaryocyte	2.272464132315854e-198	53	1.0	4.9270199490162744e-201
ATAAGAGGTCTACCTC	0	CD42b+, CD14+ megakaryocyte	2.0471703719213414e-96	37	1.0	9.068261355401879e-99
ATAGACCAGGAACTGC	0	CD42b+, CD14+ megakaryocyte	1.6499415686161146e-118	41	1.0	5.960175192766386e-121
ATCACGAGTTCACCTC	0	CD42b+, CD14+ megakaryocyte	0.00024143355268596735	8	0.9999795338548659	2.046614513361387e-05
CAACCTCAGAAACCGC	0	CD42b+, CD14+ megakaryocyte	2.6092043701824248e-149	46	1.0	7.498181836024907e-152
CACAAACTCTTCTGGC	0	CD42b+, CD14+ megakaryocyte	2.3761055064765576e-47	26	1.0	2.1200991516779746e-49
CAGCGACTCCTTAATC	0	CD42b+, CD14+ megakaryocyte	0.6722862441959757	2	0.6017729537752854	0.398227046224715
CCAGCGACATGGGAAC	0	CD42b+, CD14+ megakaryocyte	7.695749543070052e-10	12	0.9999999999694769	3.0523516676042186e-11
CCGGTAGTCTTCAACT	0	CD42b+, CD14+ megakaryocyte	1.6994401480867088e-176	50	1.0	4.1374816359821725e-179
CCGTGGAAGACAATAC	0	CD42b+, CD14+ megakaryocyte	1.7999790226541595e-13	14	0.9999999999999947	5.314187850686133e-15
CCTTCGAGTGCAGGTA	0	CD42b+, CD14+ megakaryocyte	8.978875568929845e-113	40	1.0	3.4066176836885434e-115
CGCGGTACACTAAGTC	0	CD42b+, CD14+ megakaryocyte	1.6253172232513493e-221	56	1.0	3.1582306260445024e-224
CGGACACCATTCTTAC	0	CD42b+, CD14+ megakaryocyte	6.153012906199288e-191	52	1.0	1.3855865331989294e-193
CGGAGCTCATTAGGCT	0	CD42b+, CD14+ megakaryocyte	0.0804417704737098	5	0.9843853938405288	0.015614606159471144
CGTGTAAGTTCAGGCC	0	CD42b+, CD14+ megakaryocyte	1.1679151336194954e-213	55	1.0	2.35228215640053e-216
CTACACCAGAGTCTGG	0	CD42b+, CD14+ megakaryocyte	2.188795636740567e-124	42	1.0	7.53695474733426e-127
CTGCTGTTCGTTGACA	0	CD42b+, CD14+ megakaryocyte	6.792409787717418e-156	47	1.0	1.8702476433187344e-158
CTGGTCTAGCGAAGGG	0	CD42b+, CD14+ megakaryocyte	1.7068009031352038e-05	9	0.9999988360348959	1.163965104078788e-06
CTGTGCTGTGTAACGG	0	CD42b+, CD14+ megakaryocyte	1.6236378365731842e-15	15	1.0	4.308637420265906e-17
GAACATCCACAAGCCC	0	CD42b+, CD14+ megakaryocyte	1.0812359504586622e-17	16	1.0	2.5249003869269734e-19
GACACGCCAATTGCTG	0	CD42b+, CD14+ megakaryocyte	2.8190732606751067e-40	24	1.0	2.9479747696224163e-42
GACGTGCCAGTTCCCT	0	CD42b+, CD14+ megakaryocyte	1.59227424374948e-67	31	1.0	1.0022109133600545e-69
GAGCAGACATTGTGCA	1	Other	0.6683396215543438	0	0.3890907309248038	0.6109092690751963
GATGAGGTCTGTCTCG	0	CD42b+, CD14+ megakaryocyte	6.221808770775907e-246	59	1.0	1.0897192908975998e-248
GATGCTAGTGTTGGGA	0	CD42b+, CD14+ megakaryocyte	0.512434310100167	3	0.7911460244279188	0.20885397557208082
GCACTCTTCCTAGGGC	0	CD42b+, CD14+ megakaryocyte	7.718449306384058e-28	20	1.0	1.158441161172328e-29
GCAGCCAAGTACGATA	0	CD42b+, CD14+ megakaryocyte	2.0963118701711723e-130	43	1.0	6.8886487866360356e-133
GCATGTAGTTTGGCGC	0	CD42b+, CD14+ megakaryocyte	9.002755023743557e-34	22	1.0	1.118655506977148e-35
GCCAAATCAGCCTTGG	0	CD42b+, CD14+ megakaryocyte	7.237476839137289e-143	45	1.0	2.1727715863217083e-145
GGACAGAAGCTCAACT	0	CD42b+, CD14+ megakaryocyte	0.0024065398283321282	7	0.9997399614621778	0.000260038537822624
GGACAGACAAACTGTC	0	CD42b+, CD14+ megakaryocyte	5.936790579453586e-37	23	1.0	6.754752442520119e-39
GGATTACGTCGCGTGT	0	CD42b+, CD14+ megakaryocyte	1.3764670787484566e-76	33	1.0	7.652601205919525e-79
GGCCGATTCCGGCACA	0	CD42b+, CD14+ megakaryocyte	1.7703609220118002e-22	18	1.0	3.2738336498480343e-24
GGCTGGTGTGCGCTTG	0	CD42b+, CD14+ megakaryocyte	3.0240448863037037e-91	36	1.0	1.4144689292170181e-93
GGGAATGCAAAGGTGC	0	CD42b+, CD14+ megakaryocyte	0.2555284581694853	4	0.9292679391016467	0.07073206089835347
GTATTCTCAGTCAGAG	0	CD42b+, CD14+ megakaryocyte	1.733433737663368e-169	49	1.0	4.39328291685604e-172
GTGCATAGTCTAGCCG	0	CD42b+, CD14+ megakaryocyte	1.3917544943735314e-11	13	0.9999999999995266	4.7373460355276e-13
GTGTTAGAGACAGACC	0	CD42b+, CD14+ megakaryocyte	1.1862645374909265e-237	58	1.0	2.1495940590290445e-240
GTTACAGGTCGGCACT	0	CD42b+, CD14+ megakaryocyte	1.2768844342527712e-162	48	1.0	3.371658009984272e-165
GTTCTCGTCCTCTAGC	0	CD42b+, CD14+ megakaryocyte	4.9853611049902435e-59	29	1.0	3.581906012352037e-61
TACACGAAGGATGGAA	0	CD42b+, CD14+ megakaryocyte	6.061793263671442e-206	54	1.0	1.2662989327761875e-208
TACCTTAAGTTTAGGA	0	CD42b+, CD14+ megakaryocyte	4.2197927816416523e-51	27	1.0	3.4936086724524435e-53
TAGACCAGTTCCACAA	0	CD42b+, CD14+ megakaryocyte	5.4018257008006474e-55	28	1.0	4.1609605176712145e-57
TAGAGCTAGACTGTAA	0	CD42b+, CD14+ megakaryocyte	3.223747925971398e-86	35	1.0	1.5946451223470314e-88
TATCTCATCGCCTGAG	0	CD42b+, CD14+ megakaryocyte	2.4799001367162924e-81	34	1.0	1.2993792846679204e-83
TCAACGAGTATGGTTC	0	CD42b+, CD14+ megakaryocyte	5.16394405568097e-20	17	1.0	1.0694236938718516e-21
TCAATCTTCATTGCCC	0	CD42b+, CD14+ megakaryocyte	3.527277030095245e-107	39	1.0	1.4073075598346897e-109
TCTCTAAGTCCATGAT	0	CD42b+, CD14+ megakaryocyte	3.037889044288241e-08	11	0.9999999985785379	1.4214620852798268e-09
TGAGAGGTCGCGATCG	0	CD42b+, CD14+ megakaryocyte	8.542880285076487e-07	10	0.9999999521549265	4.784507348470736e-08
TGCGCAGAGAAACCAT	0	CD42b+, CD14+ megakaryocyte	0.016775257249282124	6	0.9976164665514202	0.002383533448579615
TGGCTGGTCAACGGGA	0	CD42b+, CD14+ megakaryocyte	1.2032659474803022e-183	51	1.0	2.8163345295963606e-186
TGGTTAGTCAGTTCGA	0	CD42b+, CD14+ megakaryocyte	4.360000375166953e-25	19	1.0	7.24377025493059e-27
TGTGTTTCAGTGAGTG	0	CD42b+, CD14+ megakaryocyte	9.642108806058144e-44	25	1.0	9.299066226156943e-46
TTGGAACAGAGGTTGC	0	CD42b+, CD14+ megakaryocyte	1.0002155363371729e-101	38	1.0	4.201998547332362e-104
