barcodes	label_id	label	ent	PALMD	NFIB	RDX	CLEC14A	UTRN	LIFR	SPTBN1	S100A10	PRSS23	EGFL7	GSN	IFI27	VWF	TCF4	GNG11	SPARCL1	PROK1	WNT6	KRT18	PRKAR2B	MIR202HG	HES1	C4orf48	EMX2	DNAJB1	SPRR2F	WIPF3	IGFBP2	GATM	REL	MS4A6A	SGK1	HLA-DPB1	GPX1	MCL1	CST3	ARPC3	FGL2	HERPUD1	NEAT1	CTSB	FTL	TSG101	ODC1	PSMG1	PSMG4	PAIP1	TUBA1C	UCHL1	PDCD5	ZFAND2A	CD9	MYH11	RGS5	TAGLN	ACTA2	MYL9	DSTN	C11orf96	TIMP3	TPM2	MYL6	MT2A	ADIRF	IGFBP7	C7	MIR503HG	GREB1	CLDN11	KCNQ1OT1	SERPINE2	CFH	HTRA1	PEG3	OGN	PDGFRA	C1S	COL1A1	MDK	TCEAL4	DCN	PFN1	KLF6	ARHGDIB	CD52	CD69	STK4	SH3BGRL3	CCL5	TSC22D3	ZFP36L2	TMSB4X	BTG1	mahalanobis_0	mahalanobis_1	mahalanobis_2	mahalanobis_3	mahalanobis_4	mahalanobis_5	mahalanobis_6	mahalanobis_7
AACCATGAGGGAACGG	7	Other	0.0	0	0	0	0	0	0	0	127	0	0	0	0	0	113	0	0	0	0	0	0	0	0	0	0	0	0	0	0	0	0	0	0	0	0	0	0	0	0	129	0	0	121	0	0	0	0	0	0	0	0	0	0	0	0	0	0	0	121	0	0	0	0	0	0	0	0	0	0	129	0	0	0	0	0	0	0	0	0	0	0	121	0	0	0	0	0	0	0	0	0	125	0	0	0.0	0.0	0.0	0.0	0.0	0.0	0.0	1.0
AACCGCGCATACAGCT	7	Other	0.0	0	0	0	0	0	0	0	131	125	122	0	123	0	0	105	107	0	0	0	0	0	57	0	0	69	0	0	0	0	0	0	0	0	0	0	0	0	0	0	85	0	118	0	0	0	0	0	0	0	0	0	0	0	0	0	0	0	78	0	0	0	0	124	0	97	0	0	0	115	0	0	0	0	0	0	0	0	0	0	0	0	0	0	0	0	0	0	0	0	0	0	118	107	0.0	0.0	0.0	0.0	0.0	0.0	0.0	1.0
AACTCAGCATGTCTCC	7	Other	0.0	0	0	0	0	0	0	0	0	0	0	0	0	0	0	0	0	0	0	0	0	0	0	0	0	118	0	129	0	0	0	0	0	0	0	0	0	0	0	0	110	0	0	0	0	0	0	0	0	0	0	0	0	0	0	0	0	0	0	0	0	0	0	0	0	0	0	0	0	0	0	0	0	0	0	0	131	0	0	0	0	0	0	125	0	0	0	0	0	0	0	0	0	0	0.0	0.0	0.0	0.0	0.0	0.0	0.0	1.0
AAGGTTCAGTCCAGGA	7	Other	0.0	0	0	0	0	0	0	0	0	0	0	0	0	0	0	0	0	0	0	0	0	0	131	0	0	111	0	0	0	0	0	0	0	0	0	130	0	0	0	0	129	0	0	0	0	0	0	0	0	0	0	0	0	0	130	0	0	0	0	0	0	0	0	131	124	0	0	0	0	0	129	0	0	0	0	0	0	0	0	0	0	0	0	0	0	0	0	0	0	0	0	0	0	0	0.0	0.0	0.0	0.0	0.0	0.0	0.0	1.0
ACCCACTGTAGTACCT	6	t cells	0.0	0	121	118	119	0	0	0	126	0	0	115	106	0	101	114	100	0	0	0	0	0	82	0	0	57	0	0	123	0	0	0	0	0	0	100	116	0	0	104	0	0	71	0	0	0	0	0	0	0	0	0	0	0	0	0	0	0	83	0	0	0	84	119	88	85	0	0	0	0	0	0	0	0	0	0	0	0	0	95	104	0	0	105	0	0	0	0	0	0	0	106	122	0	0.0	0.0	0.0	0.0	0.0	0.0	1.0	0.0
ACCGTAATCCAATGGT	4	perivascular cells	0.0	0	0	0	0	0	0	0	0	124	0	121	0	0	0	0	91	0	0	0	0	0	0	0	0	55	0	0	0	0	0	0	0	0	0	103	0	0	0	0	78	0	43	0	0	0	0	0	126	0	0	0	0	0	116	115	0	114	118	0	120	110	99	0	94	94	0	0	0	0	0	0	0	0	0	0	0	0	0	0	0	0	96	0	0	0	0	0	0	0	0	0	42	122	0.0	0.0	0.0	0.0	1.0	0.0	0.0	0.0
ACCGTAATCCACGACG	7	Other	0.0	0	0	0	0	0	0	0	0	0	0	0	0	0	0	0	0	0	0	0	0	0	0	0	0	128	0	0	0	0	0	0	0	0	0	131	0	0	0	0	121	0	0	0	131	0	0	0	0	0	0	0	0	0	0	0	0	0	0	0	0	0	0	0	0	0	0	0	0	0	0	0	0	0	0	0	0	0	0	0	0	0	0	0	0	131	0	0	0	0	0	0	105	0	0.0	0.0	0.0	0.0	0.0	0.0	0.0	1.0
ACCTTTATCGCTGATA	7	Other	0.0	0	0	0	0	0	0	0	0	0	0	0	0	0	0	0	0	0	0	0	0	0	0	0	0	0	0	0	0	0	0	0	0	0	0	0	131	0	0	0	0	0	0	0	0	0	0	131	0	0	0	0	0	0	0	0	0	0	125	0	0	0	130	0	0	0	0	0	0	0	0	0	0	0	0	0	0	0	0	0	0	0	129	0	0	0	0	0	131	0	0	0	131	0	0.0	0.0	0.0	0.0	0.0	0.0	0.0	1.0
ACGAGCCGTTCCATGA	4	perivascular cells	0.0	0	0	0	0	0	0	0	0	0	0	122	0	0	0	103	116	0	0	130	0	0	74	0	0	60	0	0	0	0	0	0	0	0	0	99	118	0	0	0	84	0	51	0	0	0	128	0	0	0	0	0	0	0	0	127	104	110	114	0	114	124	107	118	111	74	0	0	0	0	0	0	0	126	0	0	0	0	0	0	0	0	0	0	0	0	0	128	0	0	0	117	46	98	0.0	0.0	0.0	0.0	1.0	0.0	0.0	0.0
ACGATACTCACATAGC	7	Other	0.0	0	0	0	0	0	0	0	124	0	0	0	0	0	108	113	89	0	0	0	0	0	0	0	0	62	0	127	126	0	0	0	0	0	0	0	119	0	131	0	0	0	65	0	0	0	0	0	0	0	0	0	0	0	0	0	0	97	91	0	0	0	97	0	0	0	128	0	0	127	0	0	0	0	0	0	0	0	112	100	0	106	0	0	0	0	0	0	120	0	0	0	47	0	0.0	0.0	0.0	0.0	0.0	0.0	0.0	1.0
ACGCAGCTCTTTACGT	7	Other	0.0	0	0	0	0	0	0	0	0	130	0	0	0	0	0	0	0	0	0	0	0	0	0	0	0	0	0	0	0	0	0	0	0	0	0	0	0	0	0	0	0	0	0	0	0	0	0	0	0	0	0	0	0	0	0	0	0	117	0	0	0	0	0	0	0	0	0	0	0	0	0	0	0	0	0	0	0	0	0	0	0	130	0	0	0	0	0	0	0	0	0	0	119	0	0.0	0.0	0.0	0.0	0.0	0.0	0.0	1.0
ACGCCGATCTTTACGT	4	perivascular cells	0.0	0	0	0	0	0	0	0	0	0	0	0	0	0	0	0	0	0	0	0	0	0	129	0	0	129	0	0	0	0	0	0	0	0	0	0	0	0	0	0	0	0	0	0	0	0	0	130	0	0	0	0	0	0	0	131	124	116	124	128	0	0	0	0	128	124	0	0	0	0	0	0	0	0	0	0	0	0	0	0	0	0	0	0	0	0	0	0	0	0	0	0	95	0	0.0	0.0	0.0	0.0	1.0	0.0	0.0	0.0
ACGGGCTTCAAAGACA	7	Other	0.0	0	0	125	0	0	0	0	0	0	0	127	0	0	0	0	0	0	0	0	0	0	86	0	130	0	0	0	129	0	0	0	129	0	0	0	0	0	0	111	0	0	107	0	0	0	0	0	0	0	131	0	0	0	0	0	0	0	0	0	0	119	104	0	0	0	0	0	0	0	0	0	0	0	0	129	0	0	122	123	0	123	0	0	0	0	0	0	0	0	0	129	51	104	0.0	0.0	0.0	0.0	0.0	0.0	0.0	1.0
ACTATCTGTTCACCTC	1	granulosa cells	0.0	0	0	0	0	0	0	0	0	0	0	0	0	0	0	0	0	0	0	0	0	0	118	0	0	121	0	0	0	0	0	0	0	0	0	0	0	0	0	0	0	0	0	0	0	0	0	0	0	0	0	0	0	131	0	130	0	131	0	0	0	125	0	0	99	0	0	0	0	0	0	0	0	0	0	0	0	0	0	0	0	0	0	0	0	0	0	0	0	0	0	0	36	128	0.0	1.0	0.0	0.0	0.0	0.0	0.0	0.0
ACTGAGTAGATGCCTT	7	Other	0.0	0	0	130	0	0	0	0	0	0	0	108	126	0	124	0	122	0	0	0	0	0	0	0	0	72	0	0	0	0	0	0	0	0	0	115	0	0	0	93	113	0	59	0	0	0	0	0	0	0	0	0	0	0	0	0	0	0	0	0	0	0	0	129	0	0	0	0	129	118	108	0	0	0	0	0	0	0	0	0	0	0	0	121	0	0	0	0	0	0	0	0	90	84	0.0	0.0	0.0	0.0	0.0	0.0	0.0	1.0
ACTGATGGTAGTACCT	7	Other	0.0	0	0	0	0	0	0	0	0	0	0	0	0	0	0	0	0	0	0	0	0	0	0	0	131	0	0	0	0	0	0	0	0	0	0	0	0	0	0	131	0	0	129	0	0	0	0	0	0	0	0	0	0	0	0	0	0	0	0	0	0	0	0	0	0	0	0	0	0	0	0	0	0	0	0	0	0	0	0	0	131	0	0	0	0	0	0	0	0	0	0	0	114	0	0.0	0.0	0.0	0.0	0.0	0.0	0.0	1.0
AGATTGCGTATTCTCT	7	Other	0.0	0	0	0	0	0	0	0	0	0	0	0	0	0	0	0	0	0	0	0	0	0	0	0	0	0	0	0	0	0	129	0	0	0	0	120	0	128	0	0	82	0	84	0	0	0	0	0	0	0	0	0	0	0	0	0	0	0	98	0	0	0	0	0	0	0	0	0	0	0	0	0	0	0	0	0	0	0	0	0	0	0	0	0	128	130	131	0	124	0	127	0	115	0	0.0	0.0	0.0	0.0	0.0	0.0	0.0	1.0
AGCAGCCAGAGGTTGC	7	Other	0.0	0	0	0	0	0	0	0	0	131	130	0	129	0	0	0	0	0	0	0	0	0	0	0	0	0	0	0	0	0	0	0	0	0	130	129	0	0	0	117	120	0	87	0	0	0	0	0	0	0	0	0	0	0	0	0	0	0	105	0	0	0	0	0	0	127	0	0	0	0	126	0	0	0	0	0	0	0	0	0	0	0	0	0	0	0	0	0	0	0	0	0	30	0	0.0	0.0	0.0	0.0	0.0	0.0	0.0	1.0
AGCGTATCAGGAATCG	7	Other	0.0	0	0	0	0	0	126	0	0	0	0	0	105	122	112	0	0	0	0	0	0	0	68	0	0	0	0	0	0	0	0	0	0	0	0	0	0	0	0	0	124	0	0	0	0	0	0	0	0	0	0	0	0	0	0	0	0	0	96	0	0	0	0	0	0	77	0	0	0	0	119	0	0	0	0	0	0	0	0	0	0	0	0	0	0	0	0	0	0	0	0	0	25	0	0.0	0.0	0.0	0.0	0.0	0.0	0.0	1.0
AGCGTCGAGTACGTTC	7	Other	0.0	0	0	121	0	0	0	0	121	0	0	0	0	0	103	108	0	0	0	0	0	0	54	0	0	98	0	0	0	0	0	0	128	0	0	0	0	0	0	95	115	0	100	0	0	0	0	0	0	0	0	129	0	0	0	0	0	0	86	0	0	112	91	0	0	0	0	0	0	0	109	0	0	0	0	0	0	0	121	120	111	118	0	0	0	0	0	0	0	0	0	0	64	103	0.0	0.0	0.0	0.0	0.0	0.0	0.0	1.0
AGGGAGTAGCAACGGT	6	t cells	0.0	0	0	0	0	0	0	0	0	0	0	0	0	0	0	0	0	0	0	0	0	0	130	0	0	0	0	0	0	0	0	0	0	0	0	128	0	0	0	0	0	0	125	0	0	0	0	0	0	0	0	0	127	0	0	0	0	127	129	127	131	0	127	0	110	0	0	0	0	0	0	0	0	0	0	0	0	0	0	0	0	0	0	0	0	0	0	0	0	0	0	131	37	126	0.0	0.0	0.0	0.0	0.0	0.0	1.0	0.0
AGTGAGGAGAGGGATA	7	Other	0.0	0	0	0	0	0	0	0	0	0	0	0	0	0	0	110	0	0	0	0	0	0	96	0	0	85	0	0	0	0	0	0	0	0	0	107	0	0	0	0	0	0	0	0	0	0	0	0	0	0	0	0	119	0	117	0	0	113	0	0	0	0	0	0	112	86	0	0	0	0	0	0	0	0	0	0	0	0	0	115	0	0	0	0	0	0	0	0	0	0	0	116	0	88	0.0	0.0	0.0	0.0	0.0	0.0	0.0	1.0
AGTGAGGGTGTGCGTC	7	Other	0.0	0	0	128	0	0	0	0	0	0	0	0	0	0	0	0	0	0	0	0	0	0	76	0	0	120	0	0	0	0	0	0	0	0	0	0	0	0	0	0	86	0	64	0	128	0	0	0	0	0	0	0	0	0	0	0	0	0	112	0	0	0	125	0	90	72	0	0	131	0	0	0	0	0	0	0	0	0	0	126	0	0	0	0	0	0	0	0	0	0	0	0	77	0	0.0	0.0	0.0	0.0	0.0	0.0	0.0	1.0
AGTGGGAAGGATCGCA	7	Other	0.0	0	0	0	0	0	0	0	0	0	0	0	0	0	0	0	0	0	0	0	0	0	0	0	0	0	0	0	0	0	0	0	0	0	0	0	0	0	0	0	0	0	127	0	0	0	0	0	0	0	0	0	0	0	0	0	0	0	0	0	0	0	0	0	0	0	0	0	0	0	0	0	0	0	0	0	0	0	0	131	0	0	0	0	0	0	0	0	0	0	0	0	0	0	0.0	0.0	0.0	0.0	0.0	0.0	0.0	1.0
AGTTGGTAGAGCTTCT	4	perivascular cells	0.0	0	0	0	0	0	0	0	0	0	0	107	0	0	0	0	77	0	0	0	0	0	75	0	126	75	0	0	0	0	0	0	121	0	0	124	0	0	0	113	89	0	63	128	0	0	0	0	0	0	126	0	0	119	113	119	115	111	84	0	0	111	111	0	108	0	0	0	0	113	114	0	0	0	0	0	0	0	0	97	0	0	0	109	0	0	0	0	0	0	0	0	60	106	0.0	0.0	0.0	0.0	1.0	0.0	0.0	0.0
ATAACGCTCACAAACC	7	Other	0.0	0	0	0	0	0	0	0	0	0	0	0	0	0	0	116	0	0	0	0	0	0	0	0	0	0	130	0	0	0	0	0	0	0	0	0	0	0	0	0	0	0	110	129	125	0	0	0	0	0	0	0	0	0	0	0	0	0	97	0	0	0	0	0	0	68	0	0	0	122	0	0	127	0	0	0	0	0	114	102	112	0	0	0	0	0	0	0	0	0	0	113	121	0	0.0	0.0	0.0	0.0	0.0	0.0	0.0	1.0
ATAGACCTCAGCTTAG	4	perivascular cells	0.0	0	0	0	0	0	0	0	0	0	0	128	0	0	0	0	94	0	0	131	0	0	125	0	0	124	0	0	0	0	0	0	0	0	0	0	0	0	0	128	0	0	0	0	0	0	0	0	0	0	0	0	0	122	0	120	120	109	99	0	0	0	109	0	125	130	0	0	0	0	0	0	0	0	0	0	0	0	0	0	0	0	0	127	0	0	0	0	0	0	0	124	73	0	0.0	0.0	0.0	0.0	1.0	0.0	0.0	0.0
ATCATCTAGCCAGTTT	4	perivascular cells	0.0	0	0	0	0	126	0	0	0	0	0	0	109	0	0	0	82	0	0	0	0	0	103	0	0	90	0	0	0	0	0	0	0	0	0	0	0	129	0	0	0	0	0	0	0	0	0	0	0	0	0	0	0	121	0	112	110	124	88	121	0	122	116	0	119	105	0	0	0	0	0	0	0	0	0	0	0	0	0	0	0	0	0	115	0	0	0	0	125	0	0	0	82	87	0.0	0.0	0.0	0.0	1.0	0.0	0.0	0.0
ATCATGGAGGGTTTCT	6	t cells	0.0	0	0	0	0	0	130	0	0	0	0	0	113	0	0	123	130	0	0	0	0	0	113	0	0	0	0	0	0	0	0	0	0	0	0	127	0	0	0	127	0	0	0	0	0	0	0	0	0	0	0	0	0	0	121	0	0	0	0	0	122	0	0	0	97	83	0	0	0	0	0	0	0	0	0	0	0	0	0	0	0	0	0	128	0	0	0	0	0	0	0	0	128	0	0.0	0.0	0.0	0.0	0.0	0.0	1.0	0.0
ATCTACTTCAGGCCCA	4	perivascular cells	0.0	0	0	0	0	130	0	0	0	0	0	0	0	0	100	0	93	0	0	0	0	0	63	0	0	0	0	0	0	0	0	0	0	0	125	0	0	0	0	0	79	0	48	0	124	0	0	0	0	0	0	0	116	0	0	0	106	102	0	125	112	0	117	0	96	95	0	0	0	0	0	0	0	0	0	0	0	0	0	0	0	0	106	0	0	0	0	0	0	0	0	0	67	0	0.0	0.0	0.0	0.0	1.0	0.0	0.0	0.0
ATCTACTTCCTTCAAT	4	perivascular cells	0.0	0	0	0	0	0	0	0	0	0	0	116	101	0	0	0	81	0	0	0	0	0	92	0	0	80	0	0	0	0	0	0	124	0	0	0	117	0	0	98	74	0	72	0	0	0	0	126	0	0	0	0	128	116	123	111	114	94	77	112	0	0	95	0	109	100	0	0	0	0	102	0	0	0	0	0	0	0	0	0	0	0	107	0	0	0	0	0	0	0	0	0	33	96	0.0	0.0	0.0	0.0	1.0	0.0	0.0	0.0
ATCTGCCAGAGTGAGA	7	Other	0.0	0	0	0	0	0	0	0	0	0	0	0	0	0	0	0	0	0	0	0	0	0	81	0	0	127	131	0	0	0	0	0	0	0	0	0	0	0	0	122	0	0	123	0	0	0	0	0	0	0	0	0	0	0	0	0	0	0	0	0	0	0	0	0	0	0	0	0	0	0	0	0	0	0	0	0	0	0	0	0	127	126	0	0	0	0	0	0	0	0	0	0	35	116	0.0	0.0	0.0	0.0	0.0	0.0	0.0	1.0
ATTACTCGTCATATCG	7	Other	0.0	0	0	0	126	0	0	0	0	0	0	0	128	0	131	129	120	0	0	0	0	0	85	0	0	78	0	0	0	0	0	0	0	0	0	0	0	0	0	0	0	0	0	131	0	0	0	0	0	0	130	0	0	0	0	0	0	0	119	0	0	0	0	0	0	0	0	0	0	0	0	0	0	0	0	0	0	0	0	0	0	0	117	129	0	0	0	0	130	0	0	0	125	0	0.0	0.0	0.0	0.0	0.0	0.0	0.0	1.0
ATTTCTGCATTAGCCA	6	t cells	0.0	0	0	0	0	124	0	0	0	119	0	0	0	0	0	0	111	0	0	0	0	0	0	0	0	58	0	124	0	0	0	0	0	0	0	0	124	0	0	0	0	0	66	0	0	0	0	0	0	0	0	0	118	0	128	116	123	120	102	0	0	0	0	0	95	119	0	0	0	0	0	0	0	0	0	0	0	0	0	0	120	0	0	0	0	0	0	0	0	0	0	0	100	0	0.0	0.0	0.0	0.0	0.0	0.0	1.0	0.0
CAACCAACATGCCCGA	4	perivascular cells	0.0	0	0	0	0	0	0	0	0	0	0	0	0	0	0	0	95	0	0	0	0	0	94	0	0	123	0	0	0	0	0	0	0	0	0	0	130	0	0	101	0	0	90	0	0	0	0	0	0	0	0	0	0	117	0	113	112	115	0	126	126	0	96	0	103	113	0	0	0	0	0	0	0	0	0	0	0	0	0	0	0	0	113	0	0	0	0	0	0	0	0	0	22	91	0.0	0.0	0.0	0.0	1.0	0.0	0.0	0.0
CAACCTCTCGTCACGG	7	Other	0.0	0	120	0	0	0	0	123	114	0	123	105	116	0	107	119	86	0	0	0	0	0	84	0	0	81	0	120	0	0	0	0	119	0	0	97	0	0	0	96	83	0	73	0	0	0	0	0	0	0	0	131	0	0	0	0	0	0	0	0	0	0	0	0	0	87	0	0	0	0	100	0	0	0	0	0	0	0	109	0	0	0	0	106	0	0	0	0	0	0	0	108	103	99	0.0	0.0	0.0	0.0	0.0	0.0	0.0	1.0
CAAGATCAGGCTCAGA	7	Other	0.0	0	0	0	0	0	0	0	123	0	0	0	0	0	115	0	0	0	0	0	0	0	119	0	0	94	0	0	0	0	0	0	0	0	0	0	0	0	0	102	0	0	77	0	0	0	0	0	0	0	0	0	0	0	0	0	0	0	0	0	115	0	122	0	0	0	0	0	0	0	0	0	0	0	0	0	0	0	0	127	0	0	0	0	0	0	0	0	0	0	0	0	0	0	0.0	0.0	0.0	0.0	0.0	0.0	0.0	1.0
CAAGGCCAGGTGACCA	4	perivascular cells	0.0	0	125	0	0	0	0	0	0	0	0	0	0	0	0	0	0	0	0	0	0	0	120	0	0	108	0	0	0	0	0	0	0	0	0	113	0	0	0	124	108	0	82	0	0	0	0	0	0	0	0	0	0	125	0	0	116	125	122	0	118	126	0	0	122	106	0	0	0	0	0	0	0	0	0	0	0	0	0	0	0	0	0	0	0	0	0	0	0	0	0	0	55	129	0.0	0.0	0.0	0.0	1.0	0.0	0.0	0.0
CACACCTAGAGCCCAA	7	Other	0.0	0	0	0	0	0	0	130	0	0	0	0	0	0	0	0	0	0	0	0	0	0	0	0	0	0	0	0	0	0	0	0	0	0	0	0	0	0	0	0	0	0	0	0	0	0	0	0	0	0	0	0	0	0	0	0	0	0	0	0	0	0	0	0	0	0	0	0	0	128	0	0	131	130	131	0	0	0	0	0	0	0	124	0	0	0	0	0	0	0	0	0	71	0	0.0	0.0	0.0	0.0	0.0	0.0	0.0	1.0
CACACCTCACGCATCG	6	t cells	0.0	0	0	0	0	0	0	0	0	0	0	0	0	0	0	0	0	0	0	0	0	0	83	0	0	91	0	0	0	0	0	0	0	0	0	0	126	0	0	94	0	0	86	0	0	0	0	0	0	0	0	0	117	0	119	109	0	126	93	0	0	123	0	0	115	98	0	0	0	0	0	0	0	0	0	0	0	0	0	0	0	0	116	0	0	0	0	0	122	0	0	0	56	0	0.0	0.0	0.0	0.0	0.0	0.0	1.0	0.0
CACCACTTCCGCTGTT	7	Other	0.0	0	0	0	0	0	0	0	0	0	0	0	0	0	0	0	0	0	0	0	0	0	97	0	0	95	0	0	0	0	0	0	127	0	0	111	0	0	0	0	77	0	60	0	0	0	130	0	0	0	0	0	0	0	0	0	0	0	0	0	0	0	87	0	0	0	130	0	0	0	115	0	0	0	0	126	129	0	0	0	122	102	104	0	0	0	0	0	0	0	0	0	57	105	0.0	0.0	0.0	0.0	0.0	0.0	0.0	1.0
CACCTTGTCTAACCGA	7	Other	0.0	0	0	0	0	0	0	0	0	0	0	0	0	0	0	0	119	0	0	0	0	0	0	0	0	104	0	0	0	0	0	0	0	0	0	0	0	0	0	0	0	0	106	0	0	0	0	0	0	0	0	0	0	0	0	0	0	0	0	0	0	0	0	0	0	0	0	0	0	0	0	0	0	0	0	0	0	0	0	0	130	129	0	0	0	0	0	0	0	0	0	0	120	118	0.0	0.0	0.0	0.0	0.0	0.0	0.0	1.0
CAGCGACGTCAGAGGT	7	Other	0.0	0	0	0	0	0	0	0	0	0	0	0	130	0	0	0	0	0	0	0	0	0	127	0	0	114	0	0	0	0	0	0	0	0	0	0	0	0	0	0	0	0	0	0	0	0	0	0	0	0	0	0	0	0	0	0	0	0	0	131	0	0	0	0	0	128	0	0	0	0	0	0	0	0	0	0	0	0	0	0	0	0	0	0	0	0	0	0	0	0	0	0	0	0	0.0	0.0	0.0	0.0	0.0	0.0	0.0	1.0
CATCAAGCAATCCGAT	1	granulosa cells	0.0	0	0	0	0	0	0	0	0	0	0	0	0	0	0	0	0	0	0	0	0	0	69	0	0	119	0	0	0	0	0	0	0	0	0	0	0	0	0	0	112	0	76	0	0	0	0	0	0	0	0	0	0	0	0	117	0	105	123	0	129	127	103	0	121	102	0	0	0	0	0	0	0	0	0	0	0	0	0	0	0	0	127	0	0	0	0	0	0	0	131	0	109	124	0.0	1.0	0.0	0.0	0.0	0.0	0.0	0.0
CATCAGAAGATGGCGT	4	perivascular cells	0.0	0	0	0	0	0	0	0	0	0	0	0	0	0	102	0	103	0	0	0	0	0	121	0	0	97	0	0	0	0	0	0	0	0	0	0	0	0	0	109	92	0	99	0	0	0	0	0	0	0	127	0	126	127	0	128	108	130	127	123	0	128	118	117	106	122	0	0	0	0	0	0	0	0	0	0	0	0	0	0	0	0	118	0	0	0	0	0	0	0	0	121	79	86	0.0	0.0	0.0	0.0	1.0	0.0	0.0	0.0
CCACCTAAGAGAACAG	7	Other	0.0	0	0	0	0	0	0	0	0	0	129	124	0	0	127	122	114	0	0	0	0	0	73	0	0	0	0	0	0	0	0	0	0	0	0	0	0	0	0	0	119	0	0	0	0	0	0	0	0	0	0	0	0	0	0	0	0	0	0	0	0	0	126	128	0	116	0	0	0	0	122	0	0	0	0	0	0	0	0	0	0	0	0	0	0	0	0	0	0	0	0	0	129	0	0.0	0.0	0.0	0.0	0.0	0.0	0.0	1.0
CCACCTATCATTGCCC	7	Other	0.0	0	0	0	0	0	0	0	0	0	0	129	0	0	0	0	0	0	0	0	0	0	79	0	0	0	0	0	0	0	0	0	0	0	0	0	0	0	0	0	122	0	0	0	0	0	0	0	0	0	0	0	0	0	0	0	0	0	0	0	0	0	0	0	0	0	0	0	0	0	123	0	0	0	0	0	0	0	128	0	0	0	0	0	0	0	0	0	0	0	0	0	98	127	0.0	0.0	0.0	0.0	0.0	0.0	0.0	1.0
CCAGCGAAGAAGCCCA	7	Other	0.0	0	0	0	0	0	0	0	0	0	0	0	0	0	0	0	0	0	0	0	0	0	126	0	0	113	0	0	0	131	0	0	0	0	0	0	0	0	0	0	0	0	122	0	0	0	0	0	0	0	0	0	0	0	0	0	0	0	0	0	0	0	0	0	0	0	0	0	0	0	0	0	0	0	0	0	0	0	0	0	0	0	0	0	0	0	0	0	0	0	0	0	124	0	0.0	0.0	0.0	0.0	0.0	0.0	0.0	1.0
CCAGCGACAGCGTAAG	7	Other	0.0	129	119	114	0	0	0	0	0	0	0	0	118	118	97	109	84	0	0	0	0	0	50	0	0	67	0	0	0	0	0	0	0	130	0	98	0	0	0	87	99	0	70	0	0	0	0	0	125	0	0	130	115	0	0	0	0	0	75	0	0	0	0	114	0	78	0	0	0	0	112	0	0	0	0	0	0	0	0	98	0	0	0	0	0	0	0	0	0	0	125	0	81	121	0.0	0.0	0.0	0.0	0.0	0.0	0.0	1.0
CCATTCGCATCCTTGC	7	Other	0.0	0	0	0	0	0	0	0	0	0	0	0	127	0	125	0	0	0	0	0	0	0	0	0	0	0	0	0	0	0	0	0	0	0	0	0	0	0	0	0	127	0	0	0	0	0	0	0	0	0	0	0	0	0	0	0	0	0	0	0	0	0	0	0	0	0	0	0	0	0	0	0	0	0	0	0	0	0	0	0	0	0	0	0	0	0	0	0	0	0	0	0	0	0	0.0	0.0	0.0	0.0	0.0	0.0	0.0	1.0
CCCATACAGAGTACAT	7	Other	0.0	0	130	0	0	131	0	0	0	0	0	0	0	129	0	0	0	0	0	0	0	0	0	0	0	0	0	0	0	0	0	0	0	0	0	0	0	0	0	0	123	0	0	0	0	131	0	0	0	0	0	0	0	0	0	0	0	0	0	0	0	0	0	0	0	0	0	0	0	0	0	0	0	0	0	0	0	0	0	0	0	0	0	0	0	0	0	0	0	0	0	0	0	0	0.0	0.0	0.0	0.0	0.0	0.0	0.0	1.0
CCCATACGTCTAGAGG	7	Other	0.0	0	0	0	0	0	0	0	0	0	0	0	0	0	99	0	75	0	0	0	0	0	0	0	0	0	0	0	0	0	0	0	0	0	0	0	122	0	0	0	0	0	75	0	0	0	0	0	0	0	0	0	0	0	0	0	0	96	104	0	0	0	0	116	0	0	0	0	0	123	105	128	0	128	0	127	0	0	126	128	0	116	110	117	0	0	0	0	0	0	0	0	68	0	0.0	0.0	0.0	0.0	0.0	0.0	0.0	1.0
CCCATACTCAACACGT	7	Other	0.0	0	0	0	0	0	0	0	0	0	0	0	0	131	0	0	0	0	0	0	0	0	0	0	0	0	0	0	0	0	0	0	0	0	0	0	0	0	0	130	0	0	111	0	0	0	0	0	0	0	0	0	0	0	0	0	0	0	0	0	0	0	0	0	0	110	0	0	0	0	0	0	0	0	0	0	0	0	0	0	0	0	0	0	0	0	0	0	0	0	0	0	127	0	0.0	0.0	0.0	0.0	0.0	0.0	0.0	1.0
CCCTCCTGTACTCAAC	7	Other	0.0	0	0	0	0	0	0	0	0	0	0	0	0	0	0	0	0	0	0	0	0	0	122	0	129	115	0	0	0	0	0	0	0	0	0	118	0	0	0	0	0	0	89	0	0	0	0	0	0	0	0	0	0	0	0	0	0	0	0	0	0	0	119	0	0	0	0	0	0	0	0	131	0	0	0	131	0	0	0	121	0	0	0	0	0	0	0	0	0	0	0	122	26	101	0.0	0.0	0.0	0.0	0.0	0.0	0.0	1.0
CCGGGATGTAAGGGCT	4	perivascular cells	0.0	0	0	0	0	0	0	0	0	0	0	120	0	0	0	0	0	0	0	0	0	0	104	0	0	0	0	0	0	0	0	0	0	0	0	0	0	0	0	97	97	0	0	0	0	0	0	0	0	0	0	0	122	114	0	126	128	122	115	119	113	0	106	0	117	84	0	0	0	119	0	0	0	0	0	0	0	0	0	0	0	0	0	0	0	0	0	0	0	0	0	115	43	0	0.0	0.0	0.0	0.0	1.0	0.0	0.0	0.0
CCGGTAGAGCGAGAAA	7	Other	0.0	0	0	0	0	0	0	0	0	0	0	0	0	0	0	0	0	0	0	0	0	0	0	0	0	0	0	0	0	0	0	0	0	0	0	0	0	0	0	0	0	0	96	0	0	0	0	0	0	0	0	0	0	0	0	0	0	107	0	0	0	0	93	0	93	0	0	0	0	0	120	0	0	0	0	0	0	0	0	105	113	125	103	0	0	0	0	0	0	0	0	0	59	0	0.0	0.0	0.0	0.0	0.0	0.0	0.0	1.0
CCTAAAGAGTCAAGGC	7	Other	0.0	0	0	0	0	0	0	0	0	0	0	0	0	128	0	0	118	0	0	0	0	0	0	0	0	99	0	130	0	0	0	0	0	0	0	0	0	0	0	0	131	0	0	0	0	0	0	0	0	0	0	0	0	0	0	0	0	0	0	0	0	0	0	0	0	0	0	0	0	131	0	0	0	0	0	0	0	0	0	0	0	0	0	0	0	0	0	0	0	0	0	0	0	0	0.0	0.0	0.0	0.0	0.0	0.0	0.0	1.0
CCTACACAGGAGCGAG	7	Other	0.0	0	0	119	120	0	0	122	0	0	125	0	122	0	0	0	127	0	0	0	0	0	90	0	0	0	0	0	0	0	0	0	0	0	0	0	0	125	0	0	0	0	0	0	0	0	131	0	0	0	0	0	0	0	0	0	0	0	0	0	0	0	0	0	0	89	0	0	0	0	0	0	126	0	0	0	0	0	0	125	119	0	100	0	0	0	0	0	0	0	0	0	97	0	0.0	0.0	0.0	0.0	0.0	0.0	0.0	1.0
CCTAGCTGTGGTAACG	7	Other	0.0	131	0	0	0	0	0	0	0	0	0	111	108	124	104	126	108	0	0	0	0	0	55	0	0	0	0	0	0	0	0	0	0	0	0	0	0	0	0	0	0	0	45	0	0	0	0	0	0	0	0	0	0	0	0	0	0	0	0	0	0	0	108	0	0	0	0	0	0	0	0	0	0	0	0	0	0	0	0	0	0	0	112	123	0	0	0	0	0	0	0	0	110	0	0.0	0.0	0.0	0.0	0.0	0.0	0.0	1.0
CCTATTAAGGGTGTTG	5	stroma	0.0	0	0	0	0	0	0	0	0	0	0	0	0	0	0	0	126	0	0	0	0	0	0	0	0	109	0	0	0	0	0	0	0	0	0	0	0	0	0	0	0	0	0	0	0	0	0	0	0	0	0	0	0	130	0	0	131	0	0	0	0	131	129	0	0	0	0	0	0	0	0	0	0	0	0	0	0	0	129	0	0	0	0	0	0	0	0	0	0	0	0	0	0	0	0.0	0.0	0.0	0.0	0.0	1.0	0.0	0.0
CCTTACGAGGACATTA	7	Other	0.0	0	126	0	0	0	0	127	120	120	0	0	112	123	0	0	109	0	0	0	0	0	95	0	0	93	0	0	0	0	0	0	0	0	0	0	0	0	0	110	0	0	119	0	0	0	0	0	0	0	128	0	0	0	0	0	0	0	0	0	0	0	0	0	0	114	0	0	0	0	0	0	0	0	0	0	0	0	0	0	0	0	119	0	0	0	0	0	0	0	0	0	69	0	0.0	0.0	0.0	0.0	0.0	0.0	0.0	1.0
CCTTCGACAATTGCTG	7	Other	0.0	0	0	0	0	0	0	0	0	0	0	0	0	0	0	0	0	0	0	0	0	0	0	0	0	122	0	0	0	0	0	0	0	0	0	0	0	0	0	0	0	0	130	0	0	0	0	0	0	0	0	0	0	0	0	0	0	0	130	0	0	0	0	0	131	131	0	0	0	0	0	0	0	0	0	0	0	0	0	0	0	0	0	0	0	0	0	0	0	0	0	0	130	131	0.0	0.0	0.0	0.0	0.0	0.0	0.0	1.0
CCTTTCTCAGGTCCAC	7	Other	0.0	0	127	122	0	0	129	0	0	0	0	0	102	0	119	124	128	0	0	0	0	0	58	0	0	0	0	0	0	0	0	0	0	0	0	0	120	0	0	0	0	0	0	0	0	0	0	0	0	0	0	0	0	0	0	0	0	0	100	0	0	0	0	0	0	88	0	0	0	0	0	0	124	0	0	0	0	0	0	0	0	0	0	0	0	0	0	0	0	0	0	0	87	109	0.0	0.0	0.0	0.0	0.0	0.0	0.0	1.0
CGCTATCTCATGTCTT	7	Other	0.0	0	0	0	0	0	124	0	0	0	0	0	0	0	0	0	0	0	0	0	0	0	123	0	0	70	0	0	130	0	0	0	0	0	128	108	0	0	0	100	98	0	97	0	0	0	0	0	130	0	0	0	0	0	0	0	0	0	0	0	0	0	0	0	0	0	0	0	0	120	0	0	0	0	0	0	0	0	0	0	114	108	0	0	0	0	0	0	0	0	0	0	99	0	0.0	0.0	0.0	0.0	0.0	0.0	0.0	1.0
CGGACACCACCTCGTT	7	Other	0.0	0	0	0	0	0	0	0	125	0	0	0	125	0	0	0	0	0	0	0	0	0	52	0	0	73	0	0	0	0	0	0	0	0	0	0	0	0	0	0	80	0	102	0	0	0	0	0	0	0	0	0	0	0	0	0	0	0	95	0	0	0	0	125	0	0	0	0	0	0	0	0	0	0	0	0	0	0	0	101	0	0	102	110	0	0	0	0	0	0	0	120	91	0	0.0	0.0	0.0	0.0	0.0	0.0	0.0	1.0
CGGAGCTTCATAGCAC	1	granulosa cells	0.0	0	0	0	0	0	0	0	0	0	0	112	0	0	0	0	0	0	0	0	0	0	117	0	0	117	0	0	0	0	0	0	0	0	0	123	0	0	0	125	0	0	0	0	0	0	0	0	0	0	129	0	0	0	114	0	111	0	117	0	125	0	110	0	101	99	0	0	0	0	0	0	0	0	0	0	0	0	0	0	0	0	0	0	0	0	0	0	0	0	128	0	62	90	0.0	1.0	0.0	0.0	0.0	0.0	0.0	0.0
CGGGTCAGTCAAAGAT	7	Other	0.0	0	0	0	0	0	0	0	0	0	0	0	0	0	129	0	0	0	0	0	0	0	0	0	0	0	0	0	0	0	0	0	0	0	0	0	0	0	0	0	130	0	0	0	0	0	0	0	0	0	0	0	0	0	0	0	0	0	0	0	0	0	0	0	0	0	0	0	0	0	131	0	0	0	0	0	0	0	0	0	0	0	0	0	0	0	0	0	0	0	0	0	0	0	0.0	0.0	0.0	0.0	0.0	0.0	0.0	1.0
CGGGTCAGTTGTTTGG	7	Other	0.0	0	0	0	0	0	0	124	0	0	0	0	0	0	0	0	0	0	0	0	0	0	91	0	0	105	0	125	124	0	0	0	0	0	126	106	0	121	0	99	73	0	93	0	0	0	0	0	0	0	0	0	0	0	0	0	0	0	76	0	110	0	0	0	0	0	0	0	0	0	0	0	0	129	0	125	0	128	123	110	107	107	0	107	0	0	0	0	0	0	0	0	65	0	0.0	0.0	0.0	0.0	0.0	0.0	0.0	1.0
CGGTTAAGTAAGCACG	4	perivascular cells	0.0	0	0	0	0	0	0	0	0	0	0	0	0	0	0	0	0	0	0	0	0	0	101	0	0	126	0	0	0	0	0	0	0	0	0	0	0	0	0	0	0	0	128	0	0	0	0	0	0	0	0	0	130	129	0	0	127	119	120	129	124	0	0	0	120	92	0	0	0	0	127	0	0	0	0	0	0	0	0	0	0	0	123	0	0	0	0	0	0	0	0	0	0	0	0.0	0.0	0.0	0.0	1.0	0.0	0.0	0.0
CGTCACTTCAACGCTA	5	stroma	0.0	0	0	124	127	128	0	0	0	0	124	114	115	0	0	112	125	0	0	0	0	0	60	0	0	0	0	0	0	0	130	0	0	0	0	0	0	0	0	115	101	0	0	0	0	0	0	0	0	0	0	0	125	0	0	0	0	0	0	0	0	0	0	0	0	120	0	0	0	0	0	0	0	0	0	0	0	0	0	107	0	0	120	0	0	0	0	0	0	0	0	0	29	0	0.0	0.0	0.0	0.0	0.0	1.0	0.0	0.0
CGTCAGGCACATTCGA	6	t cells	0.0	0	0	0	0	0	0	0	122	121	0	0	0	0	96	0	0	0	0	0	0	0	93	0	0	101	0	0	0	0	0	0	123	0	122	104	0	127	0	86	93	0	83	0	0	0	0	0	0	0	0	0	0	0	0	0	0	99	87	0	0	108	92	0	89	0	0	0	0	0	111	0	123	0	128	0	0	0	0	104	0	109	0	0	0	0	0	0	0	0	0	114	83	102	0.0	0.0	0.0	0.0	0.0	0.0	1.0	0.0
CGTCAGGGTACAGTTC	7	Other	0.0	0	0	0	0	0	0	0	0	0	0	0	0	0	0	0	0	0	0	0	0	0	0	0	0	0	0	0	0	0	0	0	0	0	0	0	0	0	0	0	0	0	0	0	0	0	0	0	0	0	0	0	0	0	0	0	0	0	0	0	0	0	0	0	0	0	0	0	0	0	0	0	0	0	0	0	0	0	130	0	0	0	0	0	0	0	0	0	0	0	0	0	0	0	0.0	0.0	0.0	0.0	0.0	0.0	0.0	1.0
CGTCTACCAAGCTGGA	6	t cells	0.0	0	0	0	0	0	0	0	129	0	0	0	0	0	0	104	0	0	0	0	0	0	0	0	0	0	0	0	0	0	0	0	0	0	0	0	0	122	0	88	0	0	95	0	0	0	129	127	0	131	0	126	0	0	0	0	0	95	92	113	0	121	0	115	0	69	0	0	130	125	0	0	0	0	0	0	0	125	0	0	125	127	0	0	0	0	0	0	0	0	0	0	94	89	0.0	0.0	0.0	0.0	0.0	0.0	1.0	0.0
CGTGAGCTCGGTTAAC	7	Other	0.0	0	0	0	0	0	0	0	0	0	127	0	0	0	0	118	106	0	0	0	0	0	0	0	0	0	0	0	0	0	0	0	0	0	0	125	0	131	0	0	0	0	94	130	0	0	0	0	0	0	0	0	121	0	0	0	0	0	0	0	0	0	0	0	0	129	0	0	0	0	0	0	0	0	0	0	0	0	0	0	0	0	111	0	0	0	0	0	129	0	0	0	111	0	0.0	0.0	0.0	0.0	0.0	0.0	0.0	1.0
CGTGTAAGTCCGAATT	6	t cells	0.0	0	0	0	0	0	0	0	0	0	0	130	0	0	0	0	105	0	0	0	0	0	87	0	0	82	0	0	0	0	0	0	0	0	0	0	0	0	0	126	111	0	112	0	0	0	0	0	0	0	0	0	0	0	0	0	126	0	0	0	0	0	121	126	100	126	0	0	0	0	0	0	0	0	0	0	0	0	0	0	0	0	121	0	0	0	0	0	0	0	0	0	0	0	0.0	0.0	0.0	0.0	0.0	0.0	1.0	0.0
CGTGTAATCGCCCTTA	4	perivascular cells	0.0	0	124	0	0	0	0	0	0	0	0	0	0	0	0	0	99	0	0	0	0	0	102	0	0	110	0	0	0	0	0	0	0	0	0	0	0	0	0	120	0	0	120	0	0	0	0	0	131	0	0	0	0	124	0	0	130	112	110	0	0	0	98	0	127	111	0	0	0	0	0	0	0	0	0	0	0	0	0	0	0	0	105	0	0	0	0	0	0	0	0	0	32	0	0.0	0.0	0.0	0.0	1.0	0.0	0.0	0.0
CGTTGGGTCCGTTGCT	7	Other	0.0	0	0	0	0	0	0	0	0	0	0	0	0	0	0	0	0	0	0	0	131	0	70	0	0	87	0	0	0	0	0	0	0	0	0	0	0	0	0	0	0	0	88	0	0	0	0	0	0	0	124	0	0	0	0	105	0	0	90	0	0	0	113	0	0	0	131	0	0	0	0	130	0	0	0	0	0	0	111	99	123	110	0	0	0	0	0	0	119	0	0	110	39	93	0.0	0.0	0.0	0.0	0.0	0.0	0.0	1.0
CTAGAGTTCTGCAAGT	7	Other	0.0	0	0	0	0	0	0	0	0	0	0	0	0	0	0	0	0	0	0	0	0	0	77	0	0	100	0	123	0	0	0	0	0	0	0	121	0	0	0	121	0	0	47	0	0	0	0	0	0	0	0	0	0	0	0	0	0	98	0	116	0	117	0	0	0	0	0	0	0	116	125	0	0	0	0	0	0	130	127	114	0	114	0	0	0	0	0	130	0	0	0	0	44	125	0.0	0.0	0.0	0.0	0.0	0.0	0.0	1.0
CTAGCCTAGAGTAAGG	7	Other	0.0	0	0	0	0	0	0	0	0	0	0	0	0	0	118	0	0	0	0	0	0	0	80	0	0	64	0	0	0	0	0	0	0	0	0	126	0	0	0	0	0	0	103	0	129	0	0	0	0	0	0	0	0	0	0	0	0	0	113	0	0	0	0	0	91	0	0	0	0	0	118	0	0	0	0	0	0	0	118	0	0	0	0	0	0	0	0	0	0	0	0	0	101	97	0.0	0.0	0.0	0.0	0.0	0.0	0.0	1.0
CTCGGGACAAGGTTCT	1	granulosa cells	0.0	0	0	0	0	0	0	0	0	0	0	0	0	0	0	0	0	0	0	0	0	0	112	0	0	131	0	0	0	0	0	0	0	0	0	0	0	0	0	0	0	0	0	0	0	0	0	0	0	0	0	0	0	0	125	129	0	0	0	0	0	0	0	0	107	125	0	0	0	0	0	0	0	0	0	0	0	0	0	0	0	0	0	131	0	0	0	0	0	0	0	130	50	0	0.0	1.0	0.0	0.0	0.0	0.0	0.0	0.0
CTGAAACAGACTTGAA	1	granulosa cells	0.0	0	0	0	0	0	0	0	0	129	0	0	0	0	0	0	0	0	0	0	0	0	65	0	0	83	0	0	0	0	0	0	0	0	0	114	0	0	0	105	107	0	52	0	0	0	0	0	0	0	0	128	120	0	127	108	121	0	0	0	0	0	112	0	92	80	0	0	0	0	107	0	0	0	0	0	0	0	0	0	0	0	99	0	0	0	0	0	127	0	0	112	24	111	0.0	1.0	0.0	0.0	0.0	0.0	0.0	0.0
CTTTGCGCAGATAATG	6	t cells	0.0	0	123	0	0	0	0	0	0	118	0	0	114	0	105	102	98	0	0	0	0	0	59	0	0	56	0	0	0	0	0	0	120	0	120	0	0	0	0	123	116	0	85	0	0	0	0	0	0	0	0	0	0	0	0	0	0	0	0	0	0	0	90	127	0	73	0	0	0	121	0	0	0	0	0	0	0	0	0	96	105	0	98	0	0	0	0	0	0	0	0	111	61	95	0.0	0.0	0.0	0.0	0.0	0.0	1.0	0.0
GAAATGACAAACTGTC	7	Other	0.0	0	0	0	0	0	0	0	0	0	0	0	0	0	0	0	0	0	0	0	0	131	0	0	0	0	0	0	0	0	0	0	0	0	0	0	0	0	0	0	125	0	0	0	0	0	0	0	0	0	0	0	0	0	0	0	0	0	0	130	0	0	0	0	0	0	0	0	0	0	0	0	0	0	0	0	0	0	0	0	0	0	0	0	0	0	0	0	0	0	0	0	123	0	0.0	0.0	0.0	0.0	0.0	0.0	0.0	1.0
GAATAAGCAATGTAAG	7	Other	0.0	0	0	0	0	0	0	0	0	0	0	0	0	0	130	0	0	0	0	0	0	0	106	0	0	0	0	0	0	0	0	0	0	0	0	0	0	0	0	0	0	0	126	0	0	0	0	0	0	0	0	0	0	0	0	0	0	0	0	0	0	130	0	0	0	0	0	0	0	0	0	0	0	0	0	0	0	0	131	0	0	0	0	0	0	0	0	0	0	0	0	0	89	0	0.0	0.0	0.0	0.0	0.0	0.0	0.0	1.0
GACACGCCATGTAAGA	4	perivascular cells	0.0	0	0	0	0	0	0	0	0	0	0	0	0	0	0	117	87	0	0	0	0	0	116	0	0	116	0	0	0	0	0	0	0	0	0	0	0	0	0	0	0	0	55	0	0	0	0	0	0	0	0	0	0	128	0	118	118	0	128	124	123	0	128	0	129	104	0	0	0	0	0	0	0	0	0	0	0	0	0	0	0	0	0	119	0	0	0	0	0	0	0	0	85	123	0.0	0.0	0.0	0.0	1.0	0.0	0.0	0.0
GATCAGTCAAGAGGCT	4	perivascular cells	0.0	0	0	0	0	0	0	0	0	0	0	0	0	0	0	0	83	0	0	0	0	0	114	0	0	125	0	126	0	0	0	0	0	0	0	0	0	0	0	116	0	0	46	0	0	0	0	0	0	0	0	0	0	123	0	121	125	101	103	122	127	0	120	0	126	108	0	0	0	0	0	0	0	0	0	0	0	0	0	0	115	0	0	0	0	0	0	0	0	0	0	126	52	112	0.0	0.0	0.0	0.0	1.0	0.0	0.0	0.0
GATGCTAAGACAAGCC	7	Other	0.0	0	0	0	0	0	0	0	0	0	0	0	0	0	0	0	123	0	0	0	0	0	71	0	0	0	0	0	0	0	0	0	0	0	0	0	0	0	0	0	0	0	117	0	0	0	0	0	0	0	0	0	0	0	0	0	0	0	101	0	0	0	0	0	0	123	0	131	0	0	0	0	129	0	0	0	0	0	0	116	0	120	114	0	0	0	0	0	0	0	0	0	76	0	0.0	0.0	0.0	0.0	0.0	0.0	0.0	1.0
GCACTCTTCTAAGCCA	7	Other	0.0	0	0	0	0	0	0	0	0	0	126	119	117	0	122	125	88	0	0	0	0	0	109	0	0	68	0	0	0	0	0	0	0	0	0	0	0	0	0	0	95	0	56	0	0	0	0	0	0	0	0	0	0	0	0	0	0	0	0	0	0	0	123	0	0	0	0	0	0	0	0	0	0	0	0	0	0	0	0	0	124	0	122	0	0	0	0	0	0	0	0	123	108	0	0.0	0.0	0.0	0.0	0.0	0.0	0.0	1.0
GCATGCGCACAAGCCC	7	Other	0.0	0	0	0	0	0	0	0	130	0	0	113	0	0	121	0	0	131	0	0	0	0	0	0	0	0	0	0	0	0	0	0	0	0	129	0	0	0	0	0	0	0	81	0	0	0	0	0	0	0	0	0	0	0	0	0	0	0	0	0	0	0	0	0	0	0	0	0	0	0	0	0	125	0	0	0	0	0	0	0	0	119	115	0	0	0	0	0	0	0	0	0	112	0	0.0	0.0	0.0	0.0	0.0	0.0	0.0	1.0
GCCAAATCATGGGACA	7	Other	0.0	0	0	127	0	0	0	0	0	126	0	0	111	0	0	0	97	0	0	0	0	0	100	0	0	61	0	0	0	0	0	0	0	0	0	0	0	0	0	103	103	0	114	0	0	0	0	0	0	0	0	0	0	0	0	0	0	0	106	0	0	0	0	0	0	81	0	0	0	0	0	0	0	0	0	0	0	0	0	0	0	0	0	0	0	0	0	0	0	0	0	127	116	115	0.0	0.0	0.0	0.0	0.0	0.0	0.0	1.0
GCGCAACTCCTAGGGC	6	t cells	0.0	0	0	0	0	0	0	0	0	0	0	106	0	0	0	0	0	0	0	0	0	0	0	131	0	63	0	0	0	0	128	0	0	129	0	0	125	0	0	0	105	0	98	0	0	0	0	0	127	0	0	0	0	112	0	0	0	0	0	0	0	0	89	0	0	0	0	0	0	0	0	0	0	0	0	0	0	0	0	0	0	0	97	120	127	0	0	0	0	0	126	0	34	0	0.0	0.0	0.0	0.0	0.0	0.0	1.0	0.0
GGAACTTAGTCTCCTC	7	Other	0.0	0	0	120	0	0	0	0	0	0	0	0	0	0	0	0	78	0	0	0	0	130	0	0	0	0	0	128	0	0	0	0	0	0	0	0	0	126	0	0	0	0	53	0	0	0	0	0	0	0	0	0	0	0	0	0	0	0	0	0	0	0	0	0	0	75	0	0	0	0	0	0	0	0	0	0	0	0	0	0	126	103	0	0	0	0	0	0	0	0	0	0	40	0	0.0	0.0	0.0	0.0	0.0	0.0	0.0	1.0
GGAATAAGTTATTCTC	4	perivascular cells	0.0	0	0	0	0	0	0	0	0	0	0	0	103	0	0	0	74	0	0	0	0	0	89	0	0	92	0	0	0	0	0	0	122	0	0	0	0	0	0	0	81	0	62	0	0	0	0	0	0	0	0	0	0	111	0	123	109	104	74	111	116	107	115	0	98	115	0	0	0	0	110	0	0	0	0	0	0	0	0	0	106	0	93	122	0	0	0	0	116	0	0	0	54	0	0.0	0.0	0.0	0.0	1.0	0.0	0.0	0.0
GGACATTAGCGTCAAG	7	Other	0.0	0	0	0	0	0	0	0	0	0	0	0	0	0	109	0	0	0	0	0	0	0	115	130	0	112	0	0	127	0	0	0	0	0	0	101	0	0	0	118	0	0	113	0	0	0	0	0	0	0	0	0	0	0	0	0	0	0	0	0	0	0	0	0	0	0	129	0	0	0	117	0	0	0	0	0	0	131	116	109	0	117	0	0	0	0	0	0	0	0	0	128	70	81	0.0	0.0	0.0	0.0	0.0	0.0	0.0	1.0
GGACATTAGCTGGAAC	7	Other	0.0	0	131	131	0	0	0	0	0	0	0	0	124	0	128	0	0	0	0	0	0	0	0	0	0	0	0	0	0	0	0	0	0	0	0	0	0	0	0	0	0	0	0	0	0	0	0	0	0	0	0	0	0	0	0	0	0	0	0	0	128	0	0	0	0	0	0	0	0	0	0	0	0	0	0	0	0	0	0	0	0	0	0	0	0	0	0	0	0	0	0	0	0	130	0.0	0.0	0.0	0.0	0.0	0.0	0.0	1.0
GGACGTCAGCGATGAC	7	Other	0.0	0	0	123	123	0	0	0	0	0	131	0	104	119	111	106	124	0	0	0	0	0	78	0	0	66	0	0	0	0	0	0	0	128	0	110	0	0	0	0	0	0	54	0	0	0	0	0	0	0	0	0	0	0	0	0	0	0	0	0	111	0	0	0	0	82	0	0	0	0	104	127	122	0	0	0	0	0	0	0	0	0	0	108	0	0	0	129	0	0	0	0	41	110	0.0	0.0	0.0	0.0	0.0	0.0	0.0	1.0
GGCTGGTTCACCATAG	7	Other	0.0	0	0	0	0	0	0	0	0	0	0	0	0	0	0	0	0	0	0	0	0	0	0	0	0	0	0	0	0	0	0	0	0	0	0	0	0	130	0	0	0	0	115	0	0	0	0	0	0	0	0	0	0	0	0	0	0	0	116	0	0	0	0	0	0	0	0	0	0	0	0	0	0	131	0	0	130	0	125	118	0	115	0	0	0	0	0	0	0	0	0	0	78	0	0.0	0.0	0.0	0.0	0.0	0.0	0.0	1.0
GGGAATGAGCGTTCCG	0	endothelial cells	0.0	0	118	113	122	125	122	120	0	123	0	0	99	121	95	0	117	0	0	0	0	0	53	0	0	0	0	0	0	0	0	0	0	127	0	0	0	0	0	0	91	0	42	0	0	128	0	0	0	0	0	0	0	0	0	0	0	0	94	0	0	0	83	0	0	79	0	0	0	114	101	0	0	0	0	0	0	0	0	113	0	0	92	111	0	0	0	127	0	0	0	0	72	113	1.0	0.0	0.0	0.0	0.0	0.0	0.0	0.0
GGGAATGTCCTTAATC	7	Other	0.0	0	0	0	0	0	0	0	0	0	0	0	0	0	0	130	131	0	0	0	0	0	0	0	0	0	0	0	0	0	0	0	0	0	0	0	0	0	0	0	0	0	0	0	0	0	0	0	0	0	0	0	0	0	0	0	0	0	0	0	0	0	0	0	0	118	0	0	0	0	0	0	0	0	0	0	0	0	0	0	0	0	0	0	0	0	0	0	0	0	0	0	86	0	0.0	0.0	0.0	0.0	0.0	0.0	0.0	1.0
GGGATGACAACTTGAC	7	Other	0.0	0	0	0	124	0	0	0	0	127	0	0	0	0	0	127	115	0	0	0	0	0	88	0	0	74	0	0	0	0	0	0	0	0	0	0	0	0	0	0	0	0	0	0	0	0	0	0	0	0	0	0	0	0	0	0	0	0	0	0	0	0	0	0	0	71	0	0	0	0	116	0	0	0	0	0	0	0	0	108	0	0	0	0	0	0	0	0	0	0	129	0	31	94	0.0	0.0	0.0	0.0	0.0	0.0	0.0	1.0
GGTGCGTAGAAGAAGC	5	stroma	0.0	0	0	0	0	0	0	0	0	0	0	117	0	0	0	0	0	0	0	0	0	0	111	0	127	84	0	0	0	0	0	0	126	0	0	116	0	0	0	0	90	0	78	0	0	0	0	0	0	0	0	127	0	0	0	0	0	100	79	0	0	0	85	0	0	0	0	0	0	0	103	0	0	0	0	0	0	0	0	106	0	104	94	0	0	0	0	0	117	0	0	0	49	117	0.0	0.0	0.0	0.0	0.0	1.0	0.0	0.0
GTACTTTGTTAGATGA	4	perivascular cells	0.0	0	0	126	0	0	0	0	0	0	0	118	0	0	0	0	79	0	0	0	0	0	67	0	0	88	0	0	0	0	0	0	0	0	0	0	0	0	0	0	109	0	61	0	126	0	0	0	128	0	0	0	0	113	124	122	107	0	85	118	0	0	102	122	104	67	0	0	0	0	124	0	0	0	0	0	0	0	120	112	0	0	101	0	0	0	0	0	0	0	0	0	53	85	0.0	0.0	0.0	0.0	1.0	0.0	0.0	0.0
GTCAAGTAGCCTCGTG	7	Other	0.0	0	0	0	0	0	127	0	0	0	0	0	119	0	0	121	110	0	0	0	0	0	0	0	0	0	0	0	0	0	0	0	0	0	0	0	0	0	0	114	0	0	57	0	0	0	0	0	0	0	0	0	0	0	0	0	0	0	0	0	0	0	0	0	0	107	0	0	0	0	0	0	0	0	0	0	0	0	0	0	0	0	0	0	0	0	0	0	128	0	0	0	104	0	0.0	0.0	0.0	0.0	0.0	0.0	0.0	1.0
GTCAAGTGTCTCTTTA	4	perivascular cells	0.0	127	0	0	0	0	0	0	0	122	0	0	0	0	0	0	0	0	0	0	0	0	110	0	0	106	0	0	0	0	0	0	0	0	0	0	0	0	0	108	100	0	58	0	0	129	0	0	0	0	0	0	124	118	118	114	0	0	81	115	0	109	0	0	116	91	0	0	0	0	0	0	0	0	0	0	0	0	0	0	0	0	95	116	0	0	0	0	0	0	0	0	38	0	0.0	0.0	0.0	0.0	1.0	0.0	0.0	0.0
GTCACAACAACTTGAC	7	Other	0.0	0	0	0	130	0	0	128	0	0	128	0	0	0	114	0	96	0	0	0	0	0	72	0	0	0	0	0	0	0	0	0	0	0	0	0	0	0	0	0	117	0	0	0	0	0	0	0	0	0	0	0	0	0	0	0	0	0	0	0	0	0	0	0	0	0	0	0	0	0	121	0	0	0	0	0	0	0	0	117	128	0	0	0	0	0	0	0	126	0	0	0	63	0	0.0	0.0	0.0	0.0	0.0	0.0	0.0	1.0
GTCACAACATTCTTAC	7	Other	0.0	0	0	0	0	0	0	0	0	0	0	0	0	0	0	0	0	0	0	0	0	0	0	0	0	65	0	0	0	0	0	0	0	0	0	0	123	0	0	0	0	0	69	0	0	0	0	0	0	0	0	0	0	0	0	0	117	103	0	0	0	0	0	0	0	0	0	0	0	0	0	0	0	0	0	0	0	0	119	130	118	105	0	0	0	0	0	0	121	0	0	119	106	0	0.0	0.0	0.0	0.0	0.0	0.0	0.0	1.0
GTCACGGCAGTTCCCT	7	Other	0.0	0	0	0	0	0	0	0	118	0	0	0	0	0	0	0	0	0	0	0	0	0	108	0	128	103	0	0	0	0	0	0	0	0	124	0	0	0	0	0	0	0	105	0	0	0	0	0	0	0	125	0	0	0	0	107	0	118	111	0	0	0	0	0	0	0	0	0	0	117	106	0	0	0	129	0	0	129	117	0	110	113	0	0	0	0	0	0	0	0	0	0	48	0	0.0	0.0	0.0	0.0	0.0	0.0	0.0	1.0
GTCATTTAGCGCCTCA	7	Other	0.0	0	0	0	0	0	0	0	0	0	0	0	0	0	0	128	0	0	0	0	0	0	0	0	0	130	0	0	0	0	0	0	0	0	0	0	0	0	0	0	0	0	131	0	0	0	0	0	0	0	0	0	0	0	0	0	0	0	0	0	0	0	0	0	0	0	0	0	0	0	0	0	0	0	130	0	0	0	0	0	0	131	0	0	0	0	0	0	0	0	0	0	126	0	0.0	0.0	0.0	0.0	0.0	0.0	0.0	1.0
GTCCTCACAGCTGTGC	7	Other	0.0	130	128	129	129	0	0	129	0	0	0	0	0	0	110	0	129	0	0	0	0	0	66	0	0	76	0	0	0	0	0	0	0	0	0	0	0	0	0	107	0	0	68	0	0	0	0	0	0	0	0	0	129	0	0	0	0	0	0	0	0	0	101	130	0	0	0	0	0	0	0	0	0	0	0	0	0	0	0	111	0	0	0	0	0	0	0	0	0	0	0	0	80	0	0.0	0.0	0.0	0.0	0.0	0.0	0.0	1.0
GTGAAGGTCGAATGGG	2	monocytes	0.0	0	0	0	0	0	0	0	116	0	0	109	0	0	0	0	0	0	0	0	0	0	49	0	125	79	0	0	0	0	127	0	130	131	121	122	128	124	0	91	96	0	74	127	0	0	0	0	0	0	123	125	0	0	0	0	0	0	72	0	0	0	82	113	0	0	0	0	0	0	0	0	0	0	0	0	0	0	0	0	0	0	109	114	129	129	130	0	118	0	0	0	92	0	0.0	0.0	1.0	0.0	0.0	0.0	0.0	0.0
GTGCAGCTCGCGTAGC	7	Other	0.0	0	0	0	0	0	0	0	0	0	0	126	0	0	0	0	0	0	0	0	0	0	0	0	0	0	0	0	0	0	0	0	0	0	0	112	0	0	0	0	0	0	104	0	0	0	0	0	0	0	0	0	0	0	0	0	0	0	89	0	0	115	0	120	0	70	0	0	0	0	0	0	130	0	0	0	0	0	124	129	116	124	0	0	0	0	0	131	0	0	0	0	93	114	0.0	0.0	0.0	0.0	0.0	0.0	0.0	1.0
GTTAAGCGTCTGCGGT	4	perivascular cells	0.0	0	0	0	0	0	0	0	0	0	0	0	107	0	0	0	90	0	0	0	0	0	0	0	0	59	0	0	0	0	0	0	0	0	131	105	0	0	0	0	106	130	91	0	0	0	0	0	129	0	0	0	0	115	122	0	119	108	0	120	119	114	94	0	118	117	0	0	0	0	0	0	0	0	0	0	0	0	0	0	0	0	0	0	0	0	0	0	0	0	0	0	107	0	0.0	0.0	0.0	0.0	1.0	0.0	0.0	0.0
TACCTATAGATATGCA	7	Other	0.0	0	0	0	0	0	0	0	0	0	0	131	131	0	0	0	0	0	0	0	0	0	128	0	0	0	0	0	0	0	0	0	0	0	0	0	0	0	0	0	126	0	0	0	0	0	0	0	0	0	0	0	0	0	0	0	0	0	0	0	0	0	0	0	0	0	0	0	0	0	130	0	0	0	0	0	0	0	0	0	0	128	131	0	0	0	0	0	0	0	0	0	0	0	0.0	0.0	0.0	0.0	0.0	0.0	0.0	1.0
TACCTATAGGCCCTCA	3	oocytes	0.0	0	0	0	0	0	125	125	115	128	0	123	110	120	120	111	104	0	0	0	0	0	51	0	0	71	0	0	0	0	0	0	0	0	123	109	0	0	0	89	114	0	0	0	0	0	0	0	0	0	0	0	0	0	0	0	0	0	0	0	0	0	86	123	0	103	0	0	0	0	0	0	0	0	0	0	0	0	0	0	0	0	0	0	0	0	0	0	0	0	0	0	88	79	0.0	0.0	0.0	1.0	0.0	0.0	0.0	0.0
TACCTTAAGTTTGCGT	7	Other	0.0	0	0	0	128	0	0	131	0	0	0	0	120	0	0	131	113	0	0	0	0	0	0	0	0	0	0	0	0	0	0	131	0	0	0	0	0	0	0	0	0	0	0	0	0	0	0	0	0	0	0	0	131	0	0	0	0	0	0	0	0	0	0	0	0	0	0	0	0	0	0	0	0	0	0	0	0	0	0	0	0	0	0	0	0	0	0	0	0	0	0	0	0	0	0.0	0.0	0.0	0.0	0.0	0.0	0.0	1.0
TACCTTATCCCGACTT	3	oocytes	0.0	0	0	0	0	0	0	0	0	0	0	0	0	0	0	0	121	0	0	0	0	0	0	0	0	0	0	131	0	0	0	0	0	0	0	0	0	0	0	0	128	0	109	0	0	0	0	0	0	0	0	0	0	0	129	0	0	128	126	0	130	0	0	0	114	109	0	0	0	0	0	0	0	0	0	0	0	0	0	0	0	0	130	0	0	0	0	0	0	0	0	0	0	0	0.0	0.0	0.0	1.0	0.0	0.0	0.0	0.0
TACGGTATCAGGATCT	7	Other	0.0	0	0	0	0	0	131	0	0	0	0	0	0	130	0	0	112	0	0	0	0	0	105	0	0	89	0	0	0	0	0	0	0	0	0	0	0	0	0	0	118	0	0	0	0	0	0	0	0	0	0	0	0	0	0	0	0	0	0	0	0	0	0	0	0	0	0	0	0	0	0	0	0	0	0	0	0	0	0	0	0	0	125	130	0	0	0	0	0	0	0	0	0	0	0.0	0.0	0.0	0.0	0.0	0.0	0.0	1.0
TACTCATCAGCAGTTT	7	Other	0.0	0	0	0	0	0	0	0	0	0	0	103	100	0	98	0	0	0	0	0	0	0	56	0	0	86	0	121	125	0	0	0	125	0	0	0	0	0	0	106	75	0	101	0	0	0	0	0	0	0	0	0	0	0	0	0	0	0	0	114	0	0	0	0	0	0	0	0	0	0	113	0	0	127	0	0	0	0	115	0	108	111	0	0	0	0	0	0	0	0	0	109	58	100	0.0	0.0	0.0	0.0	0.0	0.0	0.0	1.0
TAGACCATCGACGGAA	4	perivascular cells	0.0	0	0	0	0	0	0	0	0	0	0	0	0	0	0	0	0	0	0	0	0	0	64	0	0	102	0	0	0	0	0	0	0	0	0	0	0	0	0	0	0	0	92	0	130	0	0	0	0	0	0	0	0	0	0	124	122	123	0	0	117	129	100	0	113	96	0	0	0	0	0	0	0	0	0	0	0	0	0	0	0	0	108	118	0	0	0	0	0	0	0	0	117	0	0.0	0.0	0.0	0.0	1.0	0.0	0.0	0.0
TATCTCATCTCCTATA	7	Other	0.0	0	0	0	0	0	0	0	0	0	0	0	0	0	123	0	0	0	0	0	0	0	0	0	0	0	0	0	0	0	0	0	0	0	0	0	0	0	0	0	0	0	116	0	0	0	0	0	0	0	0	0	0	0	0	0	0	0	0	0	0	0	0	0	0	0	0	0	0	0	0	0	0	0	0	0	0	0	0	0	0	0	0	0	0	0	0	0	0	0	0	0	0	0	0.0	0.0	0.0	0.0	0.0	0.0	0.0	1.0
TCGCGTTAGTTACCCA	4	perivascular cells	0.0	0	0	0	0	0	0	0	0	0	0	110	0	0	0	0	80	0	0	0	0	0	99	0	0	107	0	0	0	0	0	0	0	0	0	119	0	0	0	119	0	0	108	0	127	0	0	0	0	0	0	0	0	120	120	110	129	106	109	0	0	113	105	0	102	121	0	0	0	0	0	0	0	0	0	0	0	0	0	103	0	0	128	113	0	0	0	0	0	0	0	0	102	119	0.0	0.0	0.0	0.0	1.0	0.0	0.0	0.0
TGACGGCTCGAATGGG	7	Other	0.0	0	0	0	0	0	0	0	0	0	0	0	0	0	0	0	0	0	0	0	0	0	124	0	0	0	0	0	128	0	0	0	131	0	127	117	0	0	0	0	0	0	124	0	0	0	0	0	0	0	0	0	0	0	0	0	0	0	0	0	0	0	0	0	0	0	0	0	0	130	0	0	0	0	0	128	0	0	0	122	0	0	0	126	0	0	0	0	0	0	0	0	66	120	0.0	0.0	0.0	0.0	0.0	0.0	0.0	1.0
TGATTTCCATCACGAT	6	t cells	0.0	0	122	116	121	0	123	0	119	0	0	0	121	117	116	120	101	0	0	0	130	0	48	0	0	53	0	0	0	0	0	0	118	0	0	0	0	0	0	90	102	0	49	0	0	0	0	0	0	0	122	0	0	0	0	0	0	0	73	0	0	0	0	121	0	93	0	0	0	0	99	0	0	0	0	0	0	124	0	0	0	0	91	112	0	0	0	0	0	0	0	107	96	80	0.0	0.0	0.0	0.0	0.0	0.0	1.0	0.0
TGATTTCTCGGTCCGA	7	Other	0.0	0	0	0	0	0	0	121	0	0	0	104	0	0	106	0	0	0	0	0	0	0	0	0	0	54	0	0	0	0	0	0	0	0	0	0	121	0	0	0	0	0	67	0	0	0	0	128	0	0	0	0	0	0	0	0	0	0	80	0	0	0	0	0	0	0	0	0	0	0	0	0	0	0	0	0	0	126	110	119	121	112	0	0	0	0	0	0	0	0	0	0	74	92	0.0	0.0	0.0	0.0	0.0	0.0	0.0	1.0
TGCCCTATCTACCTGC	7	Other	0.0	0	0	0	0	0	0	0	117	0	0	0	0	0	0	0	76	0	0	0	0	0	61	0	0	0	0	122	0	0	0	0	0	0	0	102	127	0	0	92	0	129	79	0	0	0	0	129	0	0	0	0	0	0	0	0	0	0	0	0	0	0	88	0	0	0	0	0	0	124	0	129	128	0	0	130	0	127	113	124	117	122	0	0	0	0	0	0	0	0	0	0	45	82	0.0	0.0	0.0	0.0	0.0	0.0	0.0	1.0
TGGTTAGTCGCAAACT	4	perivascular cells	0.0	0	0	0	0	129	0	0	0	0	0	125	0	0	0	107	92	0	0	0	0	0	62	0	0	77	0	0	0	0	0	0	0	0	0	0	0	0	0	0	87	0	44	0	0	0	0	0	0	0	0	0	123	126	126	106	113	129	108	117	121	116	114	0	123	90	0	0	128	0	0	0	0	0	0	0	0	0	0	0	109	0	126	0	0	0	0	0	0	0	0	0	27	0	0.0	0.0	0.0	0.0	1.0	0.0	0.0	0.0
TGTGGTACAGTACACT	7	Other	0.0	0	0	0	0	0	0	0	0	0	0	0	0	0	0	0	0	0	0	0	0	0	0	0	0	0	0	0	0	0	0	0	0	0	0	0	0	0	0	0	0	131	0	0	0	0	0	0	0	0	0	0	0	0	131	0	0	0	131	0	0	0	131	0	130	0	0	0	0	0	0	0	0	0	0	0	0	0	0	0	0	0	0	0	0	0	0	0	0	0	0	0	0	0	0.0	0.0	0.0	0.0	0.0	0.0	0.0	1.0
TGTGGTATCCGGGTGT	7	Other	0.0	0	0	0	0	0	128	0	128	0	0	0	0	127	117	0	0	0	0	0	0	0	0	0	0	0	0	0	0	0	0	0	0	0	0	0	129	0	0	0	104	0	0	0	0	0	0	0	0	0	0	0	0	0	0	0	0	0	0	0	0	0	0	0	0	112	0	0	0	126	0	0	0	0	0	0	0	0	0	0	129	0	0	0	0	0	0	0	0	131	0	0	113	0	0.0	0.0	0.0	0.0	0.0	0.0	0.0	1.0
TTGAACGGTGAGCGAT	7	Other	0.0	128	0	117	125	0	0	126	0	0	0	0	0	126	0	0	102	0	0	0	0	0	0	0	0	0	0	0	0	0	131	0	0	0	0	0	0	0	0	0	88	0	50	0	0	0	0	0	0	0	0	0	0	0	0	0	0	0	82	0	0	0	0	0	0	101	0	0	0	0	0	0	0	0	0	0	0	0	0	0	0	0	0	0	0	0	0	0	0	0	0	0	23	83	0.0	0.0	0.0	0.0	0.0	0.0	0.0	1.0
TTTCCTCAGCCGCCTA	7	Other	0.0	0	129	0	131	0	0	0	0	0	0	0	0	0	126	0	0	0	0	0	0	0	0	0	0	0	0	0	131	0	0	0	0	0	0	0	0	0	0	0	0	0	0	0	0	0	0	0	0	0	0	0	0	0	0	0	0	0	0	0	0	0	0	0	0	0	0	0	0	0	0	0	0	0	0	0	0	0	0	0	0	0	0	0	0	0	0	0	0	0	0	0	84	0	0.0	0.0	0.0	0.0	0.0	0.0	0.0	1.0
TTTCCTCTCTGCAGTA	7	Other	0.0	0	0	0	0	0	0	0	0	0	0	0	0	125	0	115	85	0	0	0	0	0	107	0	0	0	0	0	0	0	0	0	0	0	0	0	0	0	0	112	94	0	0	0	0	0	0	0	0	0	0	0	0	0	0	0	0	0	0	0	0	120	0	0	0	0	0	0	0	0	128	0	0	0	0	0	0	0	0	0	0	0	0	0	131	0	0	0	123	0	0	0	75	0	0.0	0.0	0.0	0.0	0.0	0.0	0.0	1.0
TTTGGTTAGTCAAGCG	4	perivascular cells	0.0	0	0	115	0	127	0	0	0	0	0	0	0	0	0	0	0	0	131	0	0	0	98	0	0	96	0	0	0	0	0	0	0	0	0	0	0	123	0	0	76	0	80	0	0	130	0	0	0	0	0	0	0	0	115	125	105	121	107	0	0	118	124	0	105	76	0	0	0	0	0	0	0	0	0	0	0	0	0	0	0	0	0	124	130	0	0	0	0	0	130	118	28	108	0.0	0.0	0.0	0.0	1.0	0.0	0.0	0.0
