barcodes	label_id	label	ent	FLOT2	ITGA6	LAMP3	GHRL	KRT15	CHGB	LAMA1	SCG3	CD4	mahalanobis_0	mahalanobis_1	mahalanobis_2	mahalanobis_3	mahalanobis_4	mahalanobis_5	mahalanobis_6	mahalanobis_7	mahalanobis_8
AACACGTAGTATGACA	0	Cancer stem cell	3.8568518514088643e-19	108	0	0	0	0	0	0	0	0	1.0	8.342212963475591e-21	0.0	0.0	0.0	0.0	0.0	5.690453377077636e-40	0.0
AACTCAGCAAGTCTAC	0	Cancer stem cell	3.638162179169605e-20	112	0	0	0	0	0	0	0	0	1.0	7.479041158851475e-22	0.0	0.0	0.0	0.0	0.0	5.374711896758372e-40	0.0
AACTCTTCAATCGAAA	1	Epithelial fate stem cell	1.8768705828829186e-48	0	112	0	0	0	0	0	0	0	0.0	1.0	0.0	0.0	0.0	0.0	0.0	1.6372401425983436e-50	0.0
AACTCTTTCAGCACAT	0	Cancer stem cell	7.0150032409548e-19	107	0	0	0	0	0	0	0	0	1.0	1.537654819907804e-20	0.0	0.0	0.0	0.0	0.0	5.890001760904233e-40	0.0
AACTTTCGTATAATGG	0	Cancer stem cell	4.446837280728823e-15	93	0	0	0	0	0	0	0	0	1.0	1.1511508687812047e-16	0.0	0.0	0.0	0.0	0.0	2.2286500317999707e-39	0.0
AATCCAGGTCCTGCTT	0	Cancer stem cell	1.1605213883026936e-21	118	0	0	0	0	0	0	0	0	1.0	2.2249375648105736e-23	0.0	0.0	0.0	0.0	0.0	6.286592239957491e-40	0.0
ACAGCTACAAGTCTAC	7	T cell	0.0	0	0	0	0	0	0	0	0	103	0.0	0.0	0.0	0.0	0.0	0.0	0.0	1.0	0.0
ACGATGTGTTAGAACA	7	T cell	0.0	0	0	0	0	0	0	0	0	107	0.0	0.0	0.0	0.0	0.0	0.0	0.0	1.0	0.0
ACGTCAATCACCGGGT	1	Epithelial fate stem cell	1.264718688761607e-49	0	118	0	0	0	0	0	0	0	0.0	1.0	0.0	0.0	0.0	0.0	0.0	1.0776675013204046e-51	0.0
ACTATCTTCCTTCAAT	0	Cancer stem cell	5.846029420404611e-14	89	0	0	0	0	0	0	0	0	1.0	1.6657791249467077e-15	0.0	0.0	0.0	0.0	0.0	4.3597427700538896e-39	0.0
ACTGATGTCTAGAGTC	0	Cancer stem cell	5.045712398110458e-17	100	0	0	0	0	0	0	0	0	1.0	1.2233531867629385e-18	0.0	0.0	0.0	0.0	0.0	9.399969084465741e-40	0.0
ACTTACTTCAACACCA	1	Epithelial fate stem cell	3.874852672396084e-44	0	88	0	0	0	0	0	0	0	0.0	1.0	0.0	0.0	0.0	0.0	0.0	3.704112689298612e-46	0.0
ACTTGTTTCCAGTAGT	7	T cell	0.0	0	0	0	0	0	0	0	0	90	0.0	0.0	0.0	0.0	0.0	0.0	0.0	1.0	0.0
ACTTTCAAGACATAAC	1	Epithelial fate stem cell	5.690719192883987e-44	0	87	0	0	0	0	0	0	0	0.0	1.0	0.0	0.0	0.0	0.0	0.0	5.4602200872504056e-46	0.0
ACTTTCATCTGATTCT	7	T cell	0.0	0	0	0	0	0	0	0	0	110	0.0	0.0	0.0	0.0	0.0	0.0	0.0	1.0	0.0
AGACGTTTCCAAACTG	1	Epithelial fate stem cell	9.14164200539498e-47	0	103	0	0	0	0	0	0	0	0.0	1.0	0.0	0.0	0.0	0.0	0.0	8.256867141737727e-49	0.0
AGCCTAAGTTCAGACT	1	Epithelial fate stem cell	1.64399055451311e-45	0	96	0	0	0	0	0	0	0	0.0	1.0	0.0	0.0	0.0	0.0	0.0	1.5250450412852592e-47	0.0
AGCTCCTAGGGCATGT	7	T cell	0.0	0	0	0	0	0	0	0	0	109	0.0	0.0	0.0	0.0	0.0	0.0	0.0	1.0	0.0
AGCTCTCAGCTCCTCT	6	Myoepithelial cell	0.6931471805599453	0	0	0	0	0	0	0	120	0	0.0	0.0	0.0	0.0	0.0	0.0	0.5000000000000009	0.0	0.5000000000000009
AGGTCATAGATATGGT	7	T cell	0.0	0	0	0	0	0	0	0	0	114	0.0	0.0	0.0	0.0	0.0	0.0	0.0	1.0	0.0
AGGTCATTCCTTTACA	0	Cancer stem cell	9.410654915209608e-17	99	0	0	0	0	0	0	0	0	1.0	2.3175516410770633e-18	0.0	0.0	0.0	0.0	0.0	1.0379131470222274e-39	0.0
AGTCTTTCAGGAATGC	1	Epithelial fate stem cell	4.9243980527850765e-49	0	115	0	0	0	0	0	0	0	0.0	1.0	0.0	0.0	0.0	0.0	0.0	4.2456854711345264e-51	0.0
ATAAGAGTCCGCAGTG	6	Myoepithelial cell	0.6931471805599453	0	0	0	0	0	119	0	0	0	0.0	0.0	0.0	0.0	0.0	0.0	0.5000000000000009	0.0	0.5000000000000009
ATCATCTTCTGGGCCA	7	T cell	0.0	0	0	0	0	0	0	0	0	118	0.0	0.0	0.0	0.0	0.0	0.0	0.0	1.0	0.0
ATCATGGAGAACTGTA	1	Epithelial fate stem cell	1.0808843231913399e-47	0	108	0	0	0	0	0	0	0	0.0	1.0	0.0	0.0	0.0	0.0	0.0	9.57636876848904e-50	0.0
ATCGAGTTCTTTACGT	1	Epithelial fate stem cell	1.0957749196148419e-45	0	97	0	0	0	0	0	0	0	0.0	1.0	0.0	0.0	0.0	0.0	0.0	1.0126473910728475e-47	0.0
CAACTAGTCTAACGGT	7	T cell	0.0	0	0	0	0	0	0	0	0	101	0.0	0.0	0.0	0.0	0.0	0.0	0.0	1.0	0.0
CAAGATCAGATCCTGT	0	Cancer stem cell	1.5827476747066916e-14	91	0	0	0	0	0	0	0	0	1.0	4.349104421879648e-16	0.0	0.0	0.0	0.0	0.0	3.067148919816936e-39	0.0
CACAAACAGACTAAGT	0	Cancer stem cell	4.225874103352629e-13	86	0	0	0	0	0	0	0	0	0.9999999999999858	1.2811501088808101e-14	0.0	0.0	0.0	0.0	0.0	7.849857566523401e-39	0.0
CACAAACAGGGAGTAA	7	T cell	0.0	0	0	0	0	0	0	0	0	115	0.0	0.0	0.0	0.0	0.0	0.0	0.0	1.0	0.0
CACACTCCAAATCCGT	0	Cancer stem cell	2.342844364660403e-18	105	0	0	0	0	0	0	0	0	1.0	5.278086576000382e-20	0.0	0.0	0.0	0.0	0.0	6.465130524105707e-40	0.0
CACATTTCATTACCTT	1	Epithelial fate stem cell	2.5853737401666413e-43	0	83	0	0	0	0	0	0	0	0.0	1.0	0.0	0.0	0.0	0.0	0.0	2.5175746198420013e-45	0.0
CACTCCAGTCTAGGTT	0	Cancer stem cell	6.219377535765583e-16	96	0	0	0	0	0	0	0	0	1.0	1.6083741835027575e-17	0.0	0.0	0.0	0.0	0.0	1.4666088493272946e-39	0.0
CAGAGAGCAGTATCTG	1	Epithelial fate stem cell	1.6645199998015027e-47	0	107	0	0	0	0	0	0	0	0.0	1.0	0.0	0.0	0.0	0.0	0.0	1.4804374887042966e-49	0.0
CAGCTAAAGAAGATTC	7	T cell	0.0	0	0	0	0	0	0	0	0	106	0.0	0.0	0.0	0.0	0.0	0.0	0.0	1.0	0.0
CAGGTGCCACGGTAGA	3	Luminal cell	0.0	0	0	0	120	0	0	0	0	0	0.0	0.0	0.0	1.0	0.0	0.0	0.0	0.0	0.0
CAGTCCTAGAACTGTA	4	Luminal epithelial cell of mammary gland	0.0	0	0	0	0	0	0	119	0	0	0.0	0.0	0.0	0.0	1.0	0.0	0.0	0.0	0.0
CATCGAAGTCATACTG	7	T cell	0.0	0	0	0	0	0	0	0	0	108	0.0	0.0	0.0	0.0	0.0	0.0	0.0	1.0	0.0
CATCGAATCAGGATCT	4	Luminal epithelial cell of mammary gland	0.0	0	0	0	0	0	0	118	0	0	0.0	0.0	0.0	0.0	1.0	0.0	0.0	0.0	0.0
CATTATCTCCTGCTTG	1	Epithelial fate stem cell	1.7771656315823967e-43	0	84	0	0	0	0	0	0	0	0.0	1.0	0.0	0.0	0.0	0.0	0.0	1.724205574950353e-45	0.0
CCACCTAGTGTATGGG	1	Epithelial fate stem cell	4.83365626121825e-46	0	99	0	0	0	0	0	0	0	0.0	1.0	0.0	0.0	0.0	0.0	0.0	4.433124367720072e-48	0.0
CCCTCCTCACCACGTG	1	Epithelial fate stem cell	2.917873866041475e-48	0	111	0	0	0	0	0	0	0	0.0	1.0	0.0	0.0	0.0	0.0	0.0	2.5552550058459046e-50	0.0
CCCTCCTGTTCTGTTT	1	Epithelial fate stem cell	1.1308788169589893e-42	0	79	0	0	0	0	0	0	0	0.0	1.0	0.0	0.0	0.0	0.0	0.0	1.1174393256876844e-44	0.0
CCGTACTGTACATGTC	0	Cancer stem cell	1.1390562722922009e-20	114	0	0	0	0	0	0	0	0	1.0	2.2858789820662715e-22	0.0	0.0	0.0	0.0	0.0	5.482881681226697e-40	0.0
CCTAAAGGTACGAAAT	7	T cell	0.0	0	0	0	0	0	0	0	0	119	0.0	0.0	0.0	0.0	0.0	0.0	0.0	1.0	0.0
CCTACCAGTATATCCG	0	Cancer stem cell	7.923840022691159e-18	103	0	0	0	0	0	0	0	0	1.0	1.8367250787612775e-19	0.0	0.0	0.0	0.0	0.0	7.329463495983682e-40	0.0
CCTATTACATCCAACA	1	Epithelial fate stem cell	5.992884374852531e-47	0	104	0	0	0	0	0	0	0	0.0	1.0	0.0	0.0	0.0	0.0	0.0	5.392109897679649e-49	0.0
CCTTTCTAGCTGTCTA	7	T cell	0.0	0	0	0	0	0	0	0	0	111	0.0	0.0	0.0	0.0	0.0	0.0	0.0	1.0	0.0
CGAACATTCCATGAAC	7	T cell	0.0	0	0	0	0	0	0	0	0	97	0.0	0.0	0.0	0.0	0.0	0.0	0.0	1.0	0.0
CGGGTCAAGACAATAC	7	T cell	0.0	0	0	0	0	0	0	0	0	99	0.0	0.0	0.0	0.0	0.0	0.0	0.0	1.0	0.0
CGTCACTAGGTTACCT	7	T cell	0.0	0	0	0	0	0	0	0	0	116	0.0	0.0	0.0	0.0	0.0	0.0	0.0	1.0	0.0
CGTCCATAGACTAAGT	6	Myoepithelial cell	0.6931471805599453	0	0	0	0	0	120	0	0	0	0.0	0.0	0.0	0.0	0.0	0.0	0.5000000000000009	0.0	0.5000000000000009
CGTGTCTAGAAGGTGA	0	Cancer stem cell	3.037412009076983e-14	90	0	0	0	0	0	0	0	0	1.0	8.496985486427544e-16	0.0	0.0	0.0	0.0	0.0	3.6420318334912023e-39	0.0
CGTTAGAGTCTCCACT	7	T cell	0.0	0	0	0	0	0	0	0	0	92	0.0	0.0	0.0	0.0	0.0	0.0	0.0	1.0	0.0
CGTTGGGCACACCGCA	0	Cancer stem cell	2.0324339407798337e-20	113	0	0	0	0	0	0	0	0	1.0	4.1276781842686174e-22	0.0	0.0	0.0	0.0	0.0	5.406645622252192e-40	0.0
CTACATTTCTTGTTTG	5	Mammary gland glandular cell	0.0	0	0	0	0	120	0	0	0	0	0.0	0.0	0.0	0.0	0.0	1.0	0.0	0.0	0.0
CTAGTGAAGGAGTAGA	0	Cancer stem cell	1.4641170252143175e-17	102	0	0	0	0	0	0	0	0	1.0	3.4439689358150563e-19	0.0	0.0	0.0	0.0	0.0	7.899180027635493e-40	0.0
CTCACACCACGCCAGT	0	Cancer stem cell	2.044195928741639e-21	117	0	0	0	0	0	0	0	0	1.0	3.96296679562555e-23	0.0	0.0	0.0	0.0	0.0	6.0020734597333764e-40	0.0
CTCGAAAAGACAATAC	0	Cancer stem cell	1.760596963764008e-16	98	0	0	0	0	0	0	0	0	1.0	4.405492642588354e-18	0.0	0.0	0.0	0.0	0.0	1.15532415915191e-39	0.0
CTCGAAAGTAGGGTAC	1	Epithelial fate stem cell	2.5572215750564455e-47	0	106	0	0	0	0	0	0	0	0.0	1.0	0.0	0.0	0.0	0.0	0.0	2.283211397993692e-49	0.0
CTCGTACAGAAGGTTT	1	Epithelial fate stem cell	7.286408651697365e-46	0	98	0	0	0	0	0	0	0	0.0	1.0	0.0	0.0	0.0	0.0	0.0	6.708117529802665e-48	0.0
CTCTAATTCAAACGGG	0	Cancer stem cell	2.2240130259547413e-15	94	0	0	0	0	0	0	0	0	1.0	5.952915217011473e-17	0.0	0.0	0.0	0.0	0.0	1.922904711686397e-39	0.0
CTCTGGTAGACTTGAA	0	Cancer stem cell	1.2799682772628821e-18	106	0	0	0	0	0	0	0	0	1.0	2.8439629413070984e-20	0.0	0.0	0.0	0.0	0.0	6.145995442810639e-40	0.0
CTGAAGTCATCTATGG	7	T cell	0.0	120	0	0	0	0	0	0	0	104	0.0	0.0	0.0	0.0	0.0	0.0	0.0	1.0	0.0
CTTAACTAGGGCACTA	1	Epithelial fate stem cell	5.473367449917379e-45	0	93	0	0	0	0	0	0	0	0.0	1.0	0.0	0.0	0.0	0.0	0.0	5.135195251604372e-47	0.0
CTTGGCTAGAAACCTA	1	Epithelial fate stem cell	7.002270836809397e-48	0	109	0	0	0	0	0	0	0	0.0	1.0	0.0	0.0	0.0	0.0	0.0	6.179857862806329e-50	0.0
CTTGGCTCACACATGT	1	Epithelial fate stem cell	1.218718616319061e-43	0	85	0	0	0	0	0	0	0	0.0	1.0	0.0	0.0	0.0	0.0	0.0	1.1780468856992714e-45	0.0
GAACCTACAGGAACGT	1	Epithelial fate stem cell	2.4606365583008806e-45	0	95	0	0	0	0	0	0	0	0.0	1.0	0.0	0.0	0.0	0.0	0.0	2.291257661167694e-47	0.0
GAAGCAGGTAGCTAAA	0	Cancer stem cell	2.1272463879365998e-19	109	0	0	0	0	0	0	0	0	1.0	4.541414986005984e-21	0.0	0.0	0.0	0.0	0.0	5.54225582277331e-40	0.0
GACACGCCACCAGGCT	1	Epithelial fate stem cell	8.337769487177424e-44	0	86	0	0	0	0	0	0	0	0.0	1.0	0.0	0.0	0.0	0.0	0.0	8.029766995677788e-46	0.0
GACTACATCTTTACAC	1	Epithelial fate stem cell	1.625800875915973e-42	0	78	0	0	0	0	0	0	0	0.0	1.0	0.0	0.0	0.0	0.0	0.0	1.6123207540344525e-44	0.0
GAGTCCGCACGCTTTC	1	Epithelial fate stem cell	5.049704534862778e-50	0	120	0	0	0	0	0	0	0	0.0	1.0	0.0	0.0	0.0	0.0	0.0	4.269171665151795e-52	0.0
GATGCTACATACGCTA	1	Epithelial fate stem cell	1.2059887490886058e-44	0	91	0	0	0	0	0	0	0	0.0	1.0	0.0	0.0	0.0	0.0	0.0	1.140006535597204e-46	0.0
GCAAACTGTACCGTTA	7	T cell	0.0	0	0	0	0	0	0	0	0	98	0.0	0.0	0.0	0.0	0.0	0.0	0.0	1.0	0.0
GCCTCTAAGGTGACCA	1	Epithelial fate stem cell	3.137600959004353e-49	0	116	0	0	0	0	0	0	0	0.0	1.0	0.0	0.0	0.0	0.0	0.0	2.6945937817446175e-51	0.0
GCGACCACACACCGCA	2	Langerhans cell	0.0	0	0	120	0	0	0	0	0	0	0.0	0.0	1.0	0.0	0.0	0.0	0.0	0.0	0.0
GCTCCTACAATGTAAG	0	Cancer stem cell	6.609823643351168e-22	119	0	0	0	0	0	0	0	0	1.0	1.2534376081184708e-23	0.0	0.0	0.0	0.0	0.0	6.638004337265339e-40	0.0
GCTCTGTTCCTTTACA	1	Epithelial fate stem cell	3.6742261211923626e-45	0	94	0	0	0	0	0	0	0	0.0	1.0	0.0	0.0	0.0	0.0	0.0	3.434250949300916e-47	0.0
GCTTCCAAGTACGTTC	1	Epithelial fate stem cell	2.1120792360244593e-46	0	101	0	0	0	0	0	0	0	0.0	1.0	0.0	0.0	0.0	0.0	0.0	1.9223343721963266e-48	0.0
GGAATAAAGGTGATAT	7	T cell	0.0	0	0	0	0	0	0	0	0	96	0.0	0.0	0.0	0.0	0.0	0.0	0.0	1.0	0.0
GGAATAACACTATCTT	1	Epithelial fate stem cell	5.579566353088227e-33	85	81	0	0	0	0	0	0	0	0.0	1.0	0.0	0.0	0.0	0.0	0.0	7.095889674516684e-35	0.0
GGACATTAGAGCAATT	0	Cancer stem cell	2.177682675173957e-13	87	0	0	0	0	0	0	0	0	0.9999999999999929	6.468223025238014e-15	0.0	0.0	0.0	0.0	0.0	6.400588188403312e-39	0.0
GGACATTGTAGAGGAA	7	T cell	0.0	84	0	0	0	0	0	0	0	91	0.0	0.0	0.0	0.0	0.0	0.0	0.0	1.0	0.0
GGACATTGTGTGCCTG	7	T cell	0.0	0	0	0	0	0	0	0	0	95	0.0	0.0	0.0	0.0	0.0	0.0	0.0	1.0	0.0
GGTGTTAGTCTCTTTA	1	Epithelial fate stem cell	3.198954112623734e-46	0	100	0	0	0	0	0	0	0	0.0	1.0	0.0	0.0	0.0	0.0	0.0	2.922711878882221e-48	0.0
GTACTTTTCAGAAATG	4	Luminal epithelial cell of mammary gland	0.0	0	0	0	0	0	0	120	0	0	0.0	0.0	0.0	0.0	1.0	0.0	0.0	0.0	0.0
GTAGTCAGTCAGATAA	0	Cancer stem cell	2.7137690830485224e-17	101	0	0	0	0	0	0	0	0	1.0	6.479802853319592e-19	0.0	0.0	0.0	0.0	0.0	8.582228858420494e-40	0.0
GTATTCTGTCGAATCT	1	Epithelial fate stem cell	3.9193793590502576e-47	0	105	0	0	0	0	0	0	0	0.0	1.0	0.0	0.0	0.0	0.0	0.0	3.512926075691034e-49	0.0
GTCAAGTGTCTCTCTG	7	T cell	0.0	0	0	0	0	0	0	0	0	113	0.0	0.0	0.0	0.0	0.0	0.0	0.0	1.0	0.0
GTCACAAAGAGACTTA	0	Cancer stem cell	4.30186614454329e-18	104	0	0	0	0	0	0	0	0	1.0	9.829164059061376e-20	0.0	0.0	0.0	0.0	0.0	6.855996933760819e-40	0.0
GTCCTCATCTTCCTTC	0	Cancer stem cell	6.53340173810435e-20	111	0	0	0	0	0	0	0	0	1.0	1.3597952322510416e-21	0.0	0.0	0.0	0.0	0.0	5.386302353798778e-40	0.0
GTCTCGTAGGTACTCT	7	T cell	0.0	0	0	0	0	0	0	0	0	89	0.0	0.0	0.0	0.0	0.0	0.0	0.0	1.0	0.0
GTGCATAGTATAATGG	1	Epithelial fate stem cell	3.3364462180102685e-42	0	76	0	0	0	0	0	0	0	0.0	1.0	0.0	0.0	0.0	0.0	0.0	3.332782269826502e-44	0.0
GTTTCTAAGGTGATTA	7	T cell	0.0	0	0	0	0	0	0	0	0	112	0.0	0.0	0.0	0.0	0.0	0.0	0.0	1.0	0.0
TACCTATTCACTTACT	7	T cell	0.0	0	0	0	0	0	0	0	0	93	0.0	0.0	0.0	0.0	0.0	0.0	0.0	1.0	0.0
TACGGATGTAATCACC	0	Cancer stem cell	1.1743087156557678e-15	95	0	0	0	0	0	0	0	0	1.0	3.088976800335474e-17	0.0	0.0	0.0	0.0	0.0	1.6725607667467155e-39	0.0
TAGACCAGTTTACTCT	7	T cell	0.0	0	0	0	0	0	0	0	0	102	0.0	0.0	0.0	0.0	0.0	0.0	0.0	1.0	0.0
TAGACCATCAATCACG	1	Epithelial fate stem cell	8.134178701198036e-45	0	92	0	0	0	0	0	0	0	0.0	1.0	0.0	0.0	0.0	0.0	0.0	7.660352108875893e-47	0.0
TCAATCTAGCTGAAAT	0	Cancer stem cell	1.1770247121826872e-19	110	0	0	0	0	0	0	0	0	1.0	2.4807820028733027e-21	0.0	0.0	0.0	0.0	0.0	5.441699070155075e-40	0.0
TCAATCTCAGTTCCCT	0	Cancer stem cell	3.1418549243920933e-12	83	0	0	0	0	0	0	0	0	0.9999999999999005	1.0161787271355661e-13	0.0	0.0	0.0	0.0	0.0	1.5199768516047908e-38	0.0
TCATTACCAATACGCT	1	Epithelial fate stem cell	2.6321699961039707e-44	0	89	0	0	0	0	0	0	0	0.0	1.0	0.0	0.0	0.0	0.0	0.0	2.506831078349591e-46	0.0
TCATTACTCTCGATGA	0	Cancer stem cell	1.1262003955820394e-13	88	0	0	0	0	0	0	0	0	1.0	3.276856716342887e-15	0.0	0.0	0.0	0.0	0.0	5.261217413887483e-39	0.0
TCTATTGCAGGTTTCA	7	T cell	0.0	0	0	0	0	0	0	0	0	105	0.0	0.0	0.0	0.0	0.0	0.0	0.0	1.0	0.0
TCTGAGAGTCTAACGT	1	Epithelial fate stem cell	1.3911766932632796e-46	0	102	0	0	0	0	0	0	0	0.0	1.0	0.0	0.0	0.0	0.0	0.0	1.261358956567049e-48	0.0
TCTTTCCAGCTAAACA	0	Cancer stem cell	8.271740118970557e-15	92	0	0	0	0	0	0	0	0	1.0	2.2336868711207583e-16	0.0	0.0	0.0	0.0	0.0	2.6039596025045527e-39	0.0
TGACAACGTAAGAGAG	0	Cancer stem cell	3.303980711165976e-16	97	0	0	0	0	0	0	0	0	1.0	8.403245238226487e-18	0.0	0.0	0.0	0.0	0.0	1.2964475491378747e-39	0.0
TGAGAGGAGCAGGTCA	0	Cancer stem cell	6.40428762398942e-21	115	0	0	0	0	0	0	0	0	1.0	1.2702468789711008e-22	0.0	0.0	0.0	0.0	0.0	5.605290140789005e-40	0.0
TGATTTCAGACAGAGA	7	T cell	0.0	0	0	0	0	0	0	0	0	94	0.0	0.0	0.0	0.0	0.0	0.0	0.0	1.0	0.0
TGATTTCAGTGACATA	1	Epithelial fate stem cell	1.99439566464563e-49	0	117	0	0	0	0	0	0	0	0.0	1.0	0.0	0.0	0.0	0.0	0.0	1.7061044907712468e-51	0.0
TGATTTCGTATTCTCT	1	Epithelial fate stem cell	3.752232969561126e-43	0	82	0	0	0	0	0	0	0	0.0	1.0	0.0	0.0	0.0	0.0	0.0	3.6672667065607145e-45	0.0
TGCACCTAGACTGTAA	7	T cell	0.0	0	0	0	0	0	0	0	0	100	0.0	0.0	0.0	0.0	0.0	0.0	0.0	1.0	0.0
TGCCAAAAGAATTGTG	1	Epithelial fate stem cell	7.847586191328116e-43	0	80	0	0	0	0	0	0	0	0.0	1.0	0.0	0.0	0.0	0.0	0.0	7.72615284572934e-45	0.0
TGCCAAATCCCTCAGT	1	Epithelial fate stem cell	1.2044018309315e-48	0	113	0	0	0	0	0	0	0	0.0	1.0	0.0	0.0	0.0	0.0	0.0	1.0465436771007718e-50	0.0
TGGTTCCTCTAGCACA	1	Epithelial fate stem cell	7.71041403168558e-49	0	114	0	0	0	0	0	0	0	0.0	1.0	0.0	0.0	0.0	0.0	0.0	6.673738250439891e-51	0.0
TTAGTTCAGGTGCTAG	7	T cell	0.0	0	0	0	0	0	0	0	0	117	0.0	0.0	0.0	0.0	0.0	0.0	0.0	1.0	0.0
TTCGGTCCACAGACTT	0	Cancer stem cell	3.612399948948309e-21	116	0	0	0	0	0	0	0	0	1.0	7.082890637946465e-23	0.0	0.0	0.0	0.0	0.0	5.7769096450239764e-40	0.0
TTCTCCTAGATCGATA	1	Epithelial fate stem cell	4.5255151355985e-48	0	110	0	0	0	0	0	0	0	0.0	1.0	0.0	0.0	0.0	0.0	0.0	3.978532851362538e-50	0.0
TTGAACGTCAATAAGG	1	Epithelial fate stem cell	2.3317931183053544e-42	0	77	0	0	0	0	0	0	0	0.0	1.0	0.0	0.0	0.0	0.0	0.0	2.3208430655108544e-44	0.0
TTGACTTCACCTCGTT	7	T cell	0.0	0	119	0	0	0	0	0	0	120	0.0	0.0	0.0	0.0	0.0	0.0	0.0	1.0	0.0
TTGACTTGTAGTAGTA	2	Langerhans cell	0.0	0	0	119	0	0	0	0	0	0	0.0	0.0	1.0	0.0	0.0	0.0	0.0	0.0	0.0
TTTGCGCCACTTCTGC	1	Epithelial fate stem cell	1.7837882948804845e-44	0	90	0	0	0	0	0	0	0	0.0	1.0	0.0	0.0	0.0	0.0	0.0	1.6925160160277071e-46	0.0
