barcodes	label_id	label	ent	HIST1H1C	ISG20	STK4	CLEC2B	ACAP1	ZFP36L2	HLA-C	HYAL2	MPZL2	PRSS23	PDLIM1	SPRY1	SOCS2	GIMAP7	A2M	TGM2	S1PR1	KCTD12	TMSB10	SPARCL1	HSPB1	SLPI	IRF8	CD37	LINC00926	MEG3	C1S	FBLN1	RARRES1	PLA2G2A	GSN	PTGDS	MT2A	APOD	MGP	CYB561A3	CDC42EP3	PHLDA1	GPX3	APOE	VIM	CD63	CD59	UBB	KLF6	RNASET2	CST3	CTSZ	COTL1	INSIG1	CREM	HLA-DRB5	CYBA	HSPD1	GJA1	SLC35G1	SDS	GNG11	FRZB	TFPI2	CLU	CDH19	SPARC	S100B	ABCA8	CD9	ATP2A2	ACTA2	PPP1R12A	MYL9	CKB	MYH11	DSTN	TPM2	MYLK	TPM1	mahalanobis_0	mahalanobis_1	mahalanobis_2	mahalanobis_3	mahalanobis_4	mahalanobis_5	mahalanobis_6	mahalanobis_7	mahalanobis_8	mahalanobis_9	mahalanobis_10	mahalanobis_11	mahalanobis_12	mahalanobis_13
ACACTGACAACCGCCA	10	Schwann cells	0.0	0	0	0	56	0	0	0	0	0	56	0	0	0	0	0	0	0	0	44	0	59	0	0	0	0	0	0	0	0	0	0	53	48	0	0	0	0	0	0	0	36	55	52	0	57	0	0	0	0	0	0	0	0	57	0	0	0	54	0	0	0	0	0	0	0	58	0	0	0	0	0	0	51	0	0	57	0.0	0.0	0.0	0.0	0.0	0.0	0.0	0.0	0.0	0.0	1.0	0.0	0.0	0.0
ACAGCCGGTGTTGAGG	2	Ciliary body cells	0.0	0	0	0	0	0	0	0	0	0	0	58	0	0	0	0	0	0	0	0	0	0	0	0	0	0	0	0	0	0	0	55	0	0	0	0	0	0	0	0	0	0	0	0	0	0	0	0	0	0	0	0	0	0	0	0	0	0	0	0	0	0	0	0	0	0	0	0	0	0	0	59	0	0	0	0	0	0.0	0.0	1.0	0.0	0.0	0.0	0.0	0.0	0.0	0.0	0.0	0.0	0.0	0.0
ACGGGTCCATAGACTC	1	Choroid endothelial cells	0.0	55	51	0	0	0	53	41	58	52	54	0	0	47	46	42	34	0	45	26	27	42	0	0	0	0	0	0	0	0	0	0	48	38	0	0	0	0	0	0	0	16	33	43	44	41	0	0	0	0	0	0	0	0	45	53	0	0	32	0	0	45	0	0	57	0	42	0	0	47	0	0	0	34	0	0	45	0.0	1.0	0.0	0.0	0.0	0.0	0.0	0.0	0.0	0.0	0.0	0.0	0.0	0.0
ACTGTCCAGCCGATTT	2	Ciliary body cells	0.0	0	0	0	0	0	0	47	0	0	0	0	0	0	0	0	0	0	58	45	0	0	0	0	0	0	0	0	0	0	0	0	0	0	0	44	0	0	0	0	0	0	0	0	56	0	0	58	0	58	0	0	0	59	0	0	0	0	0	0	0	0	0	0	0	0	0	0	0	0	0	0	0	53	0	0	0	0.0	0.0	1.0	0.0	0.0	0.0	0.0	0.0	0.0	0.0	0.0	0.0	0.0	0.0
AGCGTATCACGGCTAC	4	Conjunctival cells	0.0	56	55	0	51	0	45	44	43	39	44	44	0	49	44	56	36	56	52	32	39	50	59	0	0	0	0	0	0	0	0	41	0	37	56	35	0	57	0	0	0	30	34	36	47	48	0	50	0	0	46	0	58	0	0	43	0	0	45	0	53	33	0	45	0	57	48	53	58	0	0	0	0	46	55	0	53	0.0	0.0	0.0	0.0	1.0	0.0	0.0	0.0	0.0	0.0	0.0	0.0	0.0	0.0
ATGGGAGGTCCGAGTC	2	Ciliary body cells	0.0	0	0	0	0	0	0	59	0	0	0	0	0	0	0	0	0	0	0	0	59	0	0	0	0	0	0	0	0	0	0	0	0	0	0	0	0	0	0	0	0	0	0	0	0	0	0	0	0	0	0	0	0	0	0	0	0	0	0	0	0	0	0	0	0	0	0	0	0	0	0	0	0	0	0	0	0	0.0	0.0	1.0	0.0	0.0	0.0	0.0	0.0	0.0	0.0	0.0	0.0	0.0	0.0
ATTCTACAGTTCGCAT	2	Ciliary body cells	0.0	0	0	0	0	0	0	52	0	0	0	0	0	0	59	0	0	0	0	42	51	0	0	0	0	0	0	0	0	0	0	0	54	45	0	0	0	0	0	0	0	39	0	53	57	59	0	0	0	0	0	0	0	0	0	0	0	0	55	0	0	0	0	0	0	0	0	0	0	59	0	0	0	0	0	0	0	0.0	0.0	1.0	0.0	0.0	0.0	0.0	0.0	0.0	0.0	0.0	0.0	0.0	0.0
CAACCTCCAATAACGA	0	Activated T cells	0.0	51	0	54	54	58	43	28	47	38	38	50	0	46	52	39	39	50	54	21	31	51	0	0	0	0	0	56	0	0	0	42	36	31	0	40	54	53	0	0	0	12	35	35	34	45	0	45	0	52	51	51	0	0	44	45	0	59	37	0	0	37	0	46	0	0	49	51	0	49	0	0	58	33	0	0	44	1.0	0.0	0.0	0.0	0.0	0.0	0.0	0.0	0.0	0.0	0.0	0.0	0.0	0.0
CACAGGCTCTGGGCCA	4	Conjunctival cells	0.0	54	49	0	52	0	0	29	48	40	39	48	58	0	50	47	40	0	56	23	37	40	56	0	0	0	0	0	0	0	0	35	0	42	0	31	57	0	56	0	0	23	36	28	37	40	59	46	0	0	50	0	0	0	0	51	0	0	34	0	0	0	0	49	0	0	44	0	0	0	0	0	0	45	0	0	0	0.0	0.0	0.0	0.0	1.0	0.0	0.0	0.0	0.0	0.0	0.0	0.0	0.0	0.0
CATCAAGGTATGAAAC	6	Fibroblasts	0.0	57	48	52	0	57	48	26	38	0	37	38	0	0	0	53	30	0	44	18	0	38	58	59	0	0	59	58	58	58	59	50	44	26	58	53	0	0	0	57	57	18	38	30	46	42	0	49	0	50	0	53	0	53	42	41	0	0	31	58	56	34	0	44	55	58	0	47	0	0	55	0	0	38	57	57	49	0.0	0.0	0.0	0.0	0.0	0.0	1.0	0.0	0.0	0.0	0.0	0.0	0.0	0.0
CATCAAGGTCAAAGAT	2	Ciliary body cells	0.0	0	0	59	0	0	58	0	0	58	0	0	0	0	0	0	0	0	0	0	53	0	0	0	0	0	0	0	0	0	0	0	0	0	0	0	0	0	0	0	0	50	0	0	0	0	0	0	0	0	0	0	0	0	0	0	0	0	0	0	0	0	0	0	0	0	0	0	0	0	0	0	0	0	0	0	0	0.0	0.0	1.0	0.0	0.0	0.0	0.0	0.0	0.0	0.0	0.0	0.0	0.0	0.0
CATCCACTCATACGGT	2	Ciliary body cells	0.0	0	0	0	0	0	0	0	0	0	57	59	0	0	0	0	54	0	0	0	0	0	0	0	0	0	0	0	0	59	0	0	0	0	0	56	0	0	0	0	58	0	57	0	0	0	0	0	0	0	0	0	0	0	0	0	0	0	56	0	0	53	0	0	0	0	0	0	0	0	59	0	0	0	0	0	0	0.0	0.0	1.0	0.0	0.0	0.0	0.0	0.0	0.0	0.0	0.0	0.0	0.0	0.0
CATGCCTCAATGTTGC	2	Ciliary body cells	0.0	0	0	0	0	0	0	55	0	0	0	0	0	59	0	0	0	0	59	0	0	0	0	0	0	0	0	0	0	0	0	57	0	0	0	0	0	0	0	0	0	44	0	56	0	0	0	0	0	0	0	0	0	0	0	0	0	0	0	0	0	0	0	0	0	0	0	0	0	0	0	0	0	0	0	0	0	0.0	0.0	1.0	0.0	0.0	0.0	0.0	0.0	0.0	0.0	0.0	0.0	0.0	0.0
CATGCCTGTCATATGC	2	Ciliary body cells	0.0	0	0	0	59	0	0	0	0	0	0	0	0	0	0	0	55	0	0	51	52	0	0	0	0	0	0	0	0	0	0	0	0	50	0	0	0	0	0	0	0	0	0	0	0	0	0	0	0	0	0	0	0	0	0	0	0	0	0	0	0	54	0	0	0	0	0	0	0	0	0	0	0	56	0	0	0	0.0	0.0	1.0	0.0	0.0	0.0	0.0	0.0	0.0	0.0	0.0	0.0	0.0	0.0
CGAGAAGCATACCATG	1	Choroid endothelial cells	0.0	0	0	0	44	0	40	33	57	51	52	55	0	48	51	43	46	54	47	28	33	0	0	0	0	0	0	0	0	0	0	46	52	32	0	34	0	55	0	0	0	21	45	45	36	39	0	54	0	56	0	57	0	54	0	0	0	0	50	0	0	31	0	53	0	0	41	0	57	46	0	0	0	40	0	0	52	0.0	1.0	0.0	0.0	0.0	0.0	0.0	0.0	0.0	0.0	0.0	0.0	0.0	0.0
CGAGAAGTCTAGCACA	2	Ciliary body cells	0.0	0	0	0	0	0	0	0	0	0	0	0	0	0	0	0	0	0	0	0	57	0	0	0	0	0	0	0	0	0	0	0	0	0	0	0	0	0	0	0	0	0	0	0	0	0	0	0	0	0	0	0	0	0	0	0	0	0	0	0	0	0	0	0	0	0	0	0	0	0	0	0	0	0	0	0	0	0.0	0.0	1.0	0.0	0.0	0.0	0.0	0.0	0.0	0.0	0.0	0.0	0.0	0.0
CGATCGGAGTCAAGCG	6	Fibroblasts	0.0	53	47	0	43	0	54	27	39	0	0	37	0	0	0	0	32	0	0	19	26	39	0	0	59	0	0	59	59	57	0	54	43	29	57	52	0	0	54	58	56	14	46	27	41	0	0	55	52	51	0	54	0	52	47	0	0	0	38	0	54	36	0	54	56	59	50	46	56	48	56	0	0	41	58	56	42	0.0	0.0	0.0	0.0	0.0	0.0	1.0	0.0	0.0	0.0	0.0	0.0	0.0	0.0
CGATCGGGTAACGTTC	10	Schwann cells	0.0	0	59	0	0	0	0	50	59	0	55	56	0	0	0	0	53	0	0	46	50	55	0	0	0	0	0	0	0	0	0	0	56	47	0	55	0	0	0	0	0	42	54	50	0	0	0	0	0	0	0	0	0	0	0	58	0	0	52	0	0	50	0	57	0	0	0	0	0	0	0	0	0	54	0	58	0	0.0	0.0	0.0	0.0	0.0	0.0	0.0	0.0	0.0	0.0	1.0	0.0	0.0	0.0
CGGGTCAAGGAGTACC	2	Ciliary body cells	0.0	59	0	0	0	0	0	54	0	0	0	0	0	0	0	0	56	0	0	49	0	0	0	0	0	0	0	0	0	0	0	0	57	51	0	0	0	0	57	0	0	40	0	0	0	0	0	0	0	0	0	0	0	0	0	0	0	0	0	0	0	52	0	0	0	0	0	0	0	0	0	0	0	0	0	0	58	0.0	0.0	1.0	0.0	0.0	0.0	0.0	0.0	0.0	0.0	0.0	0.0	0.0	0.0
CGTGTCTAGTGTTGAA	1	Choroid endothelial cells	0.0	0	54	57	47	0	46	43	55	55	50	46	0	51	54	45	45	53	0	27	40	46	57	0	0	0	0	0	0	0	0	52	47	36	0	51	0	58	53	0	0	31	50	48	50	0	0	0	56	0	49	58	0	55	0	52	0	0	49	0	0	32	0	52	0	0	0	50	0	52	0	0	0	44	0	0	48	0.0	1.0	0.0	0.0	0.0	0.0	0.0	0.0	0.0	0.0	0.0	0.0	0.0	0.0
CGTTAGAGTCGAGTTT	2	Ciliary body cells	0.0	0	0	0	0	0	0	0	0	0	0	0	0	0	0	0	0	0	0	55	0	0	0	0	0	0	0	0	0	0	0	0	0	56	0	58	0	0	0	0	0	51	0	0	0	0	0	0	0	0	0	0	0	0	0	0	0	0	58	0	0	55	0	0	0	0	0	0	0	0	0	0	0	57	0	0	0	0.0	0.0	1.0	0.0	0.0	0.0	0.0	0.0	0.0	0.0	0.0	0.0	0.0	0.0
CTACCCAAGGCCATAG	1	Choroid endothelial cells	0.0	0	50	51	48	0	52	36	45	43	45	45	0	52	55	51	35	46	49	25	30	49	0	0	0	0	0	0	0	0	0	40	39	30	55	32	56	0	0	0	0	17	41	32	39	47	0	41	53	0	52	0	0	0	51	50	58	0	33	0	0	39	0	43	0	0	0	52	0	50	53	0	0	35	0	0	43	0.0	1.0	0.0	0.0	0.0	0.0	0.0	0.0	0.0	0.0	0.0	0.0	0.0	0.0
CTCAGAAGTAATTGGA	8	Monocytes	0.0	0	52	56	0	0	44	31	42	0	46	39	0	0	48	0	44	0	46	22	38	44	0	0	0	0	0	0	0	0	0	43	42	33	0	47	0	0	0	0	0	19	44	41	33	44	0	42	54	54	0	56	59	0	54	47	0	0	41	0	58	44	0	0	0	0	43	57	0	0	0	0	0	48	0	0	46	0.0	0.0	0.0	0.0	0.0	0.0	0.0	0.0	1.0	0.0	0.0	0.0	0.0	0.0
CTCAGAAGTACTCAAC	2	Ciliary body cells	0.0	0	0	0	0	0	0	49	0	0	0	0	0	0	0	0	0	59	0	0	48	0	0	0	0	0	0	0	0	0	0	0	0	40	0	54	0	0	0	0	0	37	56	0	0	0	0	0	0	0	0	0	0	0	0	0	0	0	0	0	0	0	0	0	0	0	0	0	59	0	58	0	0	50	59	0	59	0.0	0.0	1.0	0.0	0.0	0.0	0.0	0.0	0.0	0.0	0.0	0.0	0.0	0.0
CTCATTAGTTATTCTC	2	Ciliary body cells	0.0	0	0	0	0	0	0	0	0	0	0	0	0	0	0	58	0	0	0	50	0	0	0	0	0	0	0	0	0	0	0	0	0	53	0	0	0	0	0	0	0	0	0	57	0	0	0	0	0	0	0	0	0	0	0	0	0	0	0	0	0	0	0	0	0	0	0	0	0	0	0	0	0	0	0	0	0	0.0	0.0	1.0	0.0	0.0	0.0	0.0	0.0	0.0	0.0	0.0	0.0	0.0	0.0
CTGATCCCATCCGTGG	2	Ciliary body cells	0.0	0	0	0	0	0	0	0	0	0	0	0	0	0	0	0	0	0	0	58	0	0	0	0	0	0	0	0	0	0	0	0	0	0	0	0	0	0	0	0	0	56	0	0	0	0	0	0	0	0	0	0	0	0	0	0	0	0	0	0	0	58	0	0	0	0	0	0	0	0	0	0	0	0	0	0	0	0.0	0.0	1.0	0.0	0.0	0.0	0.0	0.0	0.0	0.0	0.0	0.0	0.0	0.0
CTTCTCTAGAGTCTGG	2	Ciliary body cells	0.0	0	0	0	58	0	0	0	0	0	0	0	0	0	0	57	0	0	0	52	54	0	0	0	0	0	0	0	0	0	0	0	0	49	0	0	0	0	0	0	0	46	0	55	0	0	0	0	59	0	0	0	0	0	0	0	0	0	0	0	0	0	0	58	0	0	0	0	0	0	0	0	0	0	0	0	0	0.0	0.0	1.0	0.0	0.0	0.0	0.0	0.0	0.0	0.0	0.0	0.0	0.0	0.0
GACACGCTCACCCTCA	2	Ciliary body cells	0.0	58	0	0	57	0	57	0	0	0	0	0	0	58	0	0	0	0	0	47	0	0	0	0	0	0	0	0	0	0	0	0	0	54	59	0	0	0	0	59	0	38	0	0	0	0	0	0	0	0	0	0	0	0	58	0	0	0	0	0	0	0	0	0	0	0	0	0	0	0	0	0	0	0	0	59	0	0.0	0.0	1.0	0.0	0.0	0.0	0.0	0.0	0.0	0.0	0.0	0.0	0.0	0.0
GACCAATTCTGCGGCA	12	TGFBI-hi corneal epithelial cells	0.970612432831544	0	0	0	0	0	0	53	0	0	0	57	0	0	0	0	51	0	0	41	44	56	0	0	0	0	0	0	0	0	0	0	55	46	0	0	0	0	0	0	0	41	0	54	55	0	0	0	0	0	0	0	0	0	0	59	0	0	0	0	0	0	0	0	0	0	0	0	0	0	0	0	0	52	0	0	0	0.0	0.0	0.0	0.0	0.0	0.11524820783130577	0.0	0.0	0.0	0.0	0.0	0.0	0.4423758960843542	0.4423758960843542
GACGTTATCCTGTACC	1	Choroid endothelial cells	0.0	0	0	0	50	0	0	35	50	47	49	53	0	42	0	40	41	0	0	31	29	43	0	0	0	0	0	0	0	0	0	36	41	23	0	41	0	0	0	0	0	20	40	40	32	0	0	0	0	0	54	55	0	0	49	54	0	0	0	0	0	42	0	0	0	0	46	55	0	0	0	0	0	32	0	0	0	0.0	1.0	0.0	0.0	0.0	0.0	0.0	0.0	0.0	0.0	0.0	0.0	0.0	0.0
GATCAGTAGCCGATTT	1	Choroid endothelial cells	0.0	0	0	0	0	0	56	45	56	53	51	52	0	53	0	50	50	0	0	40	43	54	0	0	0	0	0	0	0	0	0	0	51	43	0	39	0	0	0	0	0	32	0	38	49	56	0	52	0	57	0	0	0	0	52	48	0	0	51	0	59	48	0	55	0	0	51	59	0	55	0	0	0	36	0	0	55	0.0	1.0	0.0	0.0	0.0	0.0	0.0	0.0	0.0	0.0	0.0	0.0	0.0	0.0
GATCTAGTCCTAAGTG	2	Ciliary body cells	0.0	0	0	0	0	0	0	0	0	0	0	0	0	0	0	0	0	0	0	0	0	0	0	0	0	0	0	0	0	0	0	0	0	0	0	0	0	0	0	0	0	58	0	0	0	0	0	0	0	0	0	0	0	0	0	0	0	0	0	0	0	0	0	0	0	0	0	0	0	0	0	0	0	0	0	0	0	0.0	0.0	1.0	0.0	0.0	0.0	0.0	0.0	0.0	0.0	0.0	0.0	0.0	0.0
GATGAGGAGACATAAC	2	Ciliary body cells	0.0	0	0	0	0	0	0	0	0	0	0	0	0	0	0	0	0	0	0	0	0	0	0	0	0	0	0	0	0	0	0	0	0	55	0	57	0	0	0	0	0	48	0	0	0	0	0	0	0	0	0	0	0	0	0	0	0	0	0	0	0	0	0	59	0	0	0	0	0	0	0	0	0	0	0	0	0	0.0	0.0	1.0	0.0	0.0	0.0	0.0	0.0	0.0	0.0	0.0	0.0	0.0	0.0
GCATGATCAACCGCCA	11	Smooth muscle cells	0.0	0	0	0	0	0	50	0	54	49	0	0	0	55	0	0	0	58	0	0	0	0	0	0	0	0	0	57	0	0	0	45	0	0	0	37	0	0	0	0	0	11	0	44	0	0	0	0	0	0	0	0	0	0	53	0	0	0	46	0	0	29	0	0	0	0	0	58	0	57	0	0	0	0	0	0	0	0.0	0.0	0.0	0.0	0.0	0.0	0.0	0.0	0.0	0.0	0.0	1.0	0.0	0.0
GCTGCAGGTCATCGGC	2	Ciliary body cells	0.0	0	0	0	0	0	0	0	0	0	0	0	59	0	0	0	59	0	0	0	0	0	0	0	0	0	0	0	0	0	0	0	0	0	0	59	0	0	59	0	0	0	0	0	59	0	0	0	0	0	0	0	0	0	0	0	0	0	0	0	0	0	0	0	0	0	0	0	0	0	0	0	0	0	0	0	0	0.0	0.0	1.0	0.0	0.0	0.0	0.0	0.0	0.0	0.0	0.0	0.0	0.0	0.0
GCTGGGTAGATAGCAT	1	Choroid endothelial cells	0.0	52	0	0	42	0	42	30	41	41	40	47	0	43	47	48	31	47	51	24	28	37	0	0	0	0	0	0	0	0	0	39	37	24	0	36	55	0	51	54	0	13	32	34	40	43	0	44	51	0	47	52	0	0	41	44	0	0	35	0	52	41	0	42	0	0	0	45	0	45	0	0	59	29	0	0	51	0.0	1.0	0.0	0.0	0.0	0.0	0.0	0.0	0.0	0.0	0.0	0.0	0.0	0.0
GGAAAGCAGAAACCAT	2	Ciliary body cells	0.0	0	0	0	0	0	59	0	0	0	0	0	0	0	0	0	0	0	0	57	0	0	0	0	0	0	0	0	0	0	0	0	0	0	0	0	0	0	0	0	0	0	0	59	0	0	0	0	0	0	0	0	0	0	0	0	0	0	0	0	0	59	0	0	0	0	0	0	0	0	0	0	0	59	0	0	0	0.0	0.0	1.0	0.0	0.0	0.0	0.0	0.0	0.0	0.0	0.0	0.0	0.0	0.0
GGACGTCCAATAGAGT	7	Melanocytes	0.0	50	0	53	0	0	39	25	40	0	0	36	57	0	0	0	0	45	0	17	24	52	0	0	0	0	58	0	0	0	0	37	49	39	0	30	53	52	0	55	55	10	48	29	51	52	0	57	50	55	55	50	0	0	50	42	0	0	39	59	0	40	59	51	0	0	47	48	0	44	54	58	0	30	0	0	0	0.0	0.0	0.0	0.0	0.0	0.0	0.0	1.0	0.0	0.0	0.0	0.0	0.0	0.0
GGGACCTAGGGCTTCC	2	Ciliary body cells	0.0	0	0	0	0	0	0	0	0	0	58	0	0	0	0	0	0	0	0	0	0	0	0	0	0	0	0	0	0	0	0	0	58	0	0	0	0	0	0	0	0	49	0	0	0	0	0	0	0	0	0	0	0	0	0	0	0	0	0	0	0	57	0	0	0	0	0	0	0	0	0	0	0	58	0	0	0	0.0	0.0	1.0	0.0	0.0	0.0	0.0	0.0	0.0	0.0	0.0	0.0	0.0	0.0
GGGAGATAGACATAAC	2	Ciliary body cells	0.0	0	0	0	0	0	0	0	0	0	0	0	0	0	0	0	0	0	0	0	56	0	0	0	0	0	0	0	0	0	0	0	0	57	0	0	0	0	0	0	0	57	0	0	0	0	0	0	0	0	0	0	0	0	59	0	0	0	0	0	0	0	0	0	0	0	0	0	0	0	0	0	0	0	0	0	0	0.0	0.0	1.0	0.0	0.0	0.0	0.0	0.0	0.0	0.0	0.0	0.0	0.0	0.0
GGGAGATCATATACCG	3	Ciliary body endothelial cells	0.0	0	0	55	45	0	51	34	51	50	43	0	0	40	58	52	47	49	55	35	34	41	0	0	0	0	0	0	0	56	0	47	38	28	0	43	58	54	0	56	0	25	43	31	53	51	0	53	0	0	0	0	0	56	43	0	59	0	40	0	0	35	0	0	0	0	53	0	0	51	0	57	0	39	56	0	0	0.0	0.0	0.0	1.0	0.0	0.0	0.0	0.0	0.0	0.0	0.0	0.0	0.0	0.0
GGGAGATTCACCCTCA	1	Choroid endothelial cells	0.0	0	0	0	49	0	49	38	49	42	53	43	0	54	57	55	37	0	48	36	42	0	0	0	0	0	0	0	0	0	0	48	0	27	0	38	0	59	0	0	0	28	39	39	35	46	0	47	57	0	0	0	0	57	0	49	0	0	47	0	0	0	0	50	0	0	56	0	0	0	0	0	0	42	0	0	0	0.0	1.0	0.0	0.0	0.0	0.0	0.0	0.0	0.0	0.0	0.0	0.0	0.0	0.0
GGGATGATCTCTAGGA	9	Putative stem cells	0.0	0	58	0	55	59	0	0	0	54	0	54	0	0	0	0	48	0	0	39	47	53	0	0	0	0	0	0	0	0	0	0	50	0	0	0	0	0	0	0	0	34	53	0	52	53	0	0	0	0	0	0	0	0	55	0	0	0	0	0	0	46	0	0	0	0	0	0	0	56	0	0	0	49	0	0	56	0.0	0.0	0.0	0.0	0.0	0.0	0.0	0.0	0.0	1.0	0.0	0.0	0.0	0.0
GGTGTTAGTTGGGACA	2	Ciliary body cells	0.0	0	0	0	0	0	0	0	0	0	0	0	0	0	0	0	0	0	0	56	58	0	0	0	0	0	0	0	0	0	0	0	0	0	0	0	0	0	0	0	0	54	0	0	0	0	0	0	0	0	0	0	0	0	0	0	0	0	0	0	0	0	0	0	0	0	0	0	0	0	0	0	0	0	0	0	0	0.0	0.0	1.0	0.0	0.0	0.0	0.0	0.0	0.0	0.0	0.0	0.0	0.0	0.0
GTAGGCCTCAGGTAAA	2	Ciliary body cells	0.0	0	0	0	0	0	0	0	0	59	0	0	0	0	0	0	0	0	0	59	55	0	0	0	0	0	0	0	0	0	0	0	0	0	0	0	0	0	0	0	0	52	0	58	0	0	0	0	0	0	0	0	0	0	0	0	0	0	0	0	0	0	0	0	0	0	0	0	0	0	0	0	0	0	0	0	0	0.0	0.0	1.0	0.0	0.0	0.0	0.0	0.0	0.0	0.0	0.0	0.0	0.0	0.0
GTCAAGTAGCGGATCA	9	Putative stem cells	0.0	0	57	0	0	0	0	46	0	0	42	42	0	0	0	54	43	57	0	38	35	0	0	0	0	59	0	0	0	0	0	44	45	44	0	33	0	0	55	0	0	15	51	46	42	0	0	0	0	0	53	0	0	0	0	57	0	0	42	0	0	0	0	56	0	0	54	0	0	54	0	0	0	0	0	0	54	0.0	0.0	0.0	0.0	0.0	0.0	0.0	0.0	0.0	1.0	0.0	0.0	0.0	0.0
GTCGTAACAATGTTGC	2	Ciliary body cells	0.0	0	0	58	0	0	0	48	0	0	0	0	0	57	0	0	52	0	0	33	49	58	0	0	0	0	0	0	0	0	0	0	0	0	0	46	0	0	0	0	0	24	0	0	0	58	0	0	0	0	0	0	0	0	0	0	0	0	0	0	0	51	0	0	0	0	0	0	0	0	0	0	0	0	0	0	0	0.0	0.0	1.0	0.0	0.0	0.0	0.0	0.0	0.0	0.0	0.0	0.0	0.0	0.0
GTGCAGCAGCGAGAAA	3	Ciliary body endothelial cells	0.0	0	53	0	46	0	41	32	46	44	0	40	0	50	53	41	38	51	53	34	25	45	0	0	0	0	0	0	0	0	0	51	0	0	0	0	0	0	52	0	0	27	42	37	43	50	0	43	0	0	57	0	0	0	46	0	0	0	43	0	0	0	0	0	0	0	55	54	0	0	57	0	0	37	0	0	47	0.0	0.0	0.0	1.0	0.0	0.0	0.0	0.0	0.0	0.0	0.0	0.0	0.0	0.0
GTGCTTCAGTTTAGGA	1	Choroid endothelial cells	0.0	0	56	0	0	0	47	37	44	48	41	41	0	45	56	49	33	48	0	30	32	48	0	0	0	58	0	0	0	0	0	38	0	35	0	50	0	0	0	0	0	26	47	47	45	49	0	51	0	0	56	59	0	0	0	56	0	0	48	0	55	30	0	41	0	0	45	56	0	0	0	0	0	47	0	0	0	0.0	1.0	0.0	0.0	0.0	0.0	0.0	0.0	0.0	0.0	0.0	0.0	0.0	0.0
GTGGGTCAGCAGGTCA	2	Ciliary body cells	0.0	0	0	0	0	0	0	58	0	0	0	0	0	0	0	0	0	0	0	0	0	0	0	0	0	0	0	0	0	0	0	0	59	59	0	0	0	0	0	0	0	0	0	0	0	0	0	0	0	59	0	0	0	0	0	0	0	0	0	0	0	0	0	0	0	0	0	0	0	0	0	0	0	0	0	0	0	0.0	0.0	1.0	0.0	0.0	0.0	0.0	0.0	0.0	0.0	0.0	0.0	0.0	0.0
GTGGGTCTCCTTGACC	2	Ciliary body cells	0.0	0	0	0	0	0	0	0	0	0	0	0	0	0	0	0	58	0	0	0	0	0	0	0	0	0	0	0	0	0	0	0	0	0	0	0	0	0	58	0	0	55	0	0	0	0	0	0	0	0	0	0	0	0	0	0	0	0	0	0	0	0	0	0	0	0	0	0	0	0	0	0	0	0	0	0	0	0.0	0.0	1.0	0.0	0.0	0.0	0.0	0.0	0.0	0.0	0.0	0.0	0.0	0.0
GTGTTAGGTTAGGGTG	2	Ciliary body cells	0.0	0	0	0	0	0	0	42	0	56	0	0	0	56	0	0	0	0	0	37	45	57	0	0	0	0	0	0	0	0	0	53	0	41	0	48	0	0	0	0	0	35	0	49	0	0	0	0	58	0	0	0	0	0	0	0	0	0	0	0	0	43	0	0	0	0	0	0	0	58	0	0	0	0	0	0	0	0.0	0.0	1.0	0.0	0.0	0.0	0.0	0.0	0.0	0.0	0.0	0.0	0.0	0.0
GTGTTAGTCAAAGACA	1	Choroid endothelial cells	0.0	0	0	0	53	0	55	40	52	45	48	51	0	44	49	44	29	52	0	29	41	0	0	0	0	0	0	0	0	0	0	0	40	34	0	45	59	0	0	0	0	29	37	42	38	55	0	48	55	0	48	0	0	0	0	55	0	0	44	0	57	47	0	47	58	0	0	0	0	0	0	0	0	43	0	0	0	0.0	1.0	0.0	0.0	0.0	0.0	0.0	0.0	0.0	0.0	0.0	0.0	0.0	0.0
GTGTTAGTCTCTAAGG	2	Ciliary body cells	0.0	0	0	0	0	0	0	0	0	0	0	0	0	0	0	0	57	0	0	54	0	0	0	0	0	0	0	0	0	0	0	59	0	0	0	0	0	0	0	0	0	53	0	0	0	0	0	0	0	0	0	0	0	0	0	0	0	0	0	0	0	56	0	0	0	0	0	0	0	0	0	0	0	0	0	0	0	0.0	0.0	1.0	0.0	0.0	0.0	0.0	0.0	0.0	0.0	0.0	0.0	0.0	0.0
TCATTACGTCTGCAAT	1	Choroid endothelial cells	0.0	0	0	0	0	0	0	39	53	46	47	49	0	41	45	46	42	55	50	20	36	47	0	0	0	0	0	0	0	0	0	49	46	25	0	49	0	56	0	0	0	22	49	33	48	54	0	0	0	53	58	0	0	0	48	46	0	0	36	0	0	38	0	48	0	0	52	49	0	53	0	0	0	31	0	0	50	0.0	1.0	0.0	0.0	0.0	0.0	0.0	0.0	0.0	0.0	0.0	0.0	0.0	0.0
TCGTAGAGTCGCGGTT	2	Ciliary body cells	0.0	0	0	0	0	0	0	57	0	0	0	0	0	0	0	59	0	0	0	53	0	0	0	0	0	0	0	0	0	0	0	0	0	0	0	0	0	0	0	0	0	47	58	0	0	0	0	59	0	0	0	0	0	0	0	0	0	0	0	0	0	0	0	0	0	0	0	0	0	0	0	0	0	0	0	0	0	0.0	0.0	1.0	0.0	0.0	0.0	0.0	0.0	0.0	0.0	0.0	0.0	0.0	0.0
TGATTTCCAATCTGCA	2	Ciliary body cells	0.0	0	0	0	0	0	0	0	0	0	59	0	0	0	0	0	0	0	0	0	0	0	0	0	0	0	0	0	0	0	0	0	0	58	0	0	0	0	0	0	0	59	59	0	58	0	0	0	0	0	0	0	0	0	0	0	0	0	59	0	0	0	0	0	0	0	0	0	0	0	0	0	0	0	0	0	0	0.0	0.0	1.0	0.0	0.0	0.0	0.0	0.0	0.0	0.0	0.0	0.0	0.0	0.0
TGGGAAGGTACTCGCG	9	Putative stem cells	0.0	0	0	0	0	0	0	51	0	57	0	0	0	0	0	0	49	0	57	43	46	0	0	0	0	0	0	0	0	0	0	0	0	0	0	42	0	0	0	0	0	33	52	51	54	0	0	56	0	0	59	0	0	58	56	0	0	0	53	0	0	49	0	0	0	0	57	0	0	0	0	0	0	0	0	0	0	0.0	0.0	0.0	0.0	0.0	0.0	0.0	0.0	0.0	1.0	0.0	0.0	0.0	0.0
TGGGCGTCATCGGAAG	2	Ciliary body cells	0.0	0	0	0	0	0	0	0	0	0	0	0	0	0	0	0	0	0	0	0	0	0	0	0	0	0	0	0	0	0	0	58	0	52	0	0	0	0	0	0	59	43	0	0	0	0	0	0	0	0	0	0	0	0	0	0	0	0	0	0	0	0	0	0	59	0	0	0	0	0	0	0	0	0	0	0	0	0.0	0.0	1.0	0.0	0.0	0.0	0.0	0.0	0.0	0.0	0.0	0.0	0.0	0.0
TGGGCGTGTTATGTGC	2	Ciliary body cells	0.0	0	0	0	0	0	0	56	0	0	0	0	0	0	0	0	0	0	0	48	0	0	0	0	0	0	0	0	0	0	0	56	0	0	0	0	0	0	0	0	0	45	0	0	0	0	0	0	0	0	0	0	0	0	0	0	0	0	57	0	0	0	0	0	0	0	59	0	0	0	0	0	0	55	0	0	0	0.0	0.0	1.0	0.0	0.0	0.0	0.0	0.0	0.0	0.0	0.0	0.0	0.0	0.0
