barcodes	label_id	label	ent	CR2	FCER2	ST6GAL1	CD19	MS4A1	CD40	IL3RA	CD1A	CD9	KLRG1	GATA3	IL17RB	RORC	BTLA	B3GAT1	ICOS	PDCD1	CXCR5	FCER1A	NT5E	PECAM1	PTPRC	CD44	CR1	ITGAD	ITGAL	ITGAM	ITGAX	FCGR2C	GZMA	CD3D	CD3E	CD3G	IL6	CD80	CD86	mahalanobis_0	mahalanobis_1	mahalanobis_2	mahalanobis_3	mahalanobis_4	mahalanobis_5	mahalanobis_6	mahalanobis_7	mahalanobis_8	mahalanobis_9	mahalanobis_10	mahalanobis_11	mahalanobis_12
AAATGCCGTCATGCAT	12	Other	1.2622461282125348e-50	0	0	0	0	0	0	0	0	0	0	0	0	0	0	0	0	0	0	0	0	0	127	0	0	0	0	0	0	0	0	0	0	0	0	0	0	0.0	0.0	0.0	0.0	0.0	0.0	0.0	0.0	0.0	0.0	1.0546737484629991e-52	0.0	1.0
AACCATGGTCATCGGC	12	Other	2.405795004933063e-77	0	0	0	0	125	0	0	0	0	0	0	0	0	0	0	0	0	0	0	0	0	122	0	0	0	0	0	0	0	0	0	0	0	0	0	0	0.0	0.0	0.0	0.0	0.0	0.0	0.0	0.0	0.0	0.0	1.3246084517272459e-79	0.0	1.0
AACTCAGTCAACACGT	12	Other	0.0	0	0	0	0	0	0	0	0	0	0	0	0	0	0	0	0	0	0	0	0	0	0	0	0	0	0	0	0	0	0	144	0	0	0	0	0	0.0	0.0	0.0	0.0	0.0	0.0	0.0	0.0	0.0	0.0	0.0	0.0	1.0
ACACCAAAGGCTAGCA	10	T cell	0.0	0	0	101	0	57	0	0	0	0	0	138	0	0	0	0	134	137	0	0	0	0	90	89	0	0	122	0	0	0	0	119	136	122	0	0	0	0.0	0.0	0.0	0.0	0.0	0.0	0.0	0.0	0.0	0.0	1.0	0.0	0.0
ACACCAACAAGCCATT	0	B cell	1.7436955780357784e-27	136	123	0	130	114	130	0	0	0	0	0	0	0	0	0	0	0	0	0	0	0	50	0	0	0	127	0	0	0	0	0	0	0	0	0	0	1.0	0.0	0.0	0.0	0.0	0.0	0.0	0.0	0.0	0.0	0.0	0.0	2.6499764886215855e-29
ACACCAAGTGGTAACG	12	Other	0.0	0	0	0	0	0	143	0	0	0	0	0	0	0	0	0	0	0	0	0	0	0	0	0	0	0	0	0	0	0	0	0	0	0	0	0	0	0.0	0.0	0.0	0.0	0.0	0.0	0.0	0.0	0.0	0.0	0.0	0.0	1.0
ACAGCCGCAAGCGATG	12	Other	0.0	121	0	0	132	93	0	0	0	0	0	0	0	0	142	0	0	0	0	0	142	0	43	0	0	0	0	0	0	0	0	0	0	0	0	0	0	0.0	0.0	0.0	0.0	0.0	0.0	0.0	0.0	0.0	0.0	0.0	0.0	1.0
ACAGCCGGTATGGTTC	0	B cell	7.782125577161327e-15	128	120	97	126	89	99	0	0	0	0	0	0	0	127	0	0	0	0	0	0	0	66	102	134	0	0	0	0	0	0	0	0	0	0	0	0	1.0	0.0	0.0	0.0	0.0	0.0	0.0	0.0	0.0	0.0	0.0	0.0	2.094074757169331e-16
ACCAGTACAGTAGAGC	12	Other	7.312217247840406e-51	0	0	0	0	0	0	0	0	0	0	0	0	0	0	0	0	0	0	0	0	0	142	0	0	0	0	0	0	0	0	0	0	0	0	0	0	0.0	0.0	0.0	0.0	0.0	0.0	0.0	0.0	0.0	0.0	6.0817707764506255e-53	0.0	1.0
ACGATGTGTGGGTATG	10	T cell	0.0	0	0	105	0	0	0	0	0	0	138	0	0	0	0	0	135	143	144	0	0	0	106	92	0	0	140	0	0	0	0	135	130	118	0	0	0	0.0	0.0	0.0	0.0	0.0	0.0	0.0	0.0	0.0	0.0	1.0	0.0	0.0
ACGGGTCCACAACGTT	0	B cell	1.260070614500137e-31	139	0	125	123	109	119	0	0	0	0	0	0	0	0	0	0	0	0	0	0	0	92	96	140	0	0	0	0	0	0	0	0	0	0	0	0	1.0	0.0	0.0	0.0	0.0	0.0	0.0	0.0	0.0	0.0	0.0	0.0	1.6695704787647277e-33
ACTTACTTCATGTCTT	12	Other	8.758581393915063e-51	0	0	0	0	0	0	0	0	0	0	0	0	0	0	0	0	0	0	0	0	0	141	0	0	0	0	0	0	0	0	0	0	0	0	0	0	0.0	0.0	0.0	0.0	0.0	0.0	0.0	0.0	0.0	0.0	7.295795440824948e-53	0.0	1.0
ACTTGTTAGTCATGCT	12	Other	1.716272857130923e-50	0	0	0	0	0	0	0	0	0	0	0	0	0	0	0	0	0	0	0	0	0	131	0	0	0	0	0	0	0	0	0	0	0	0	0	0	0.0	0.0	0.0	0.0	0.0	0.0	0.0	0.0	0.0	0.0	1.4377595783392162e-52	0.0	1.0
ACTTTCACACAAGCCC	1	Dendritic cell	0.0	133	0	0	0	75	0	0	0	0	0	0	0	0	0	0	0	0	142	0	0	0	79	0	130	0	137	0	0	0	0	0	0	0	0	0	0	0.0	1.0	0.0	0.0	0.0	0.0	0.0	0.0	0.0	0.0	0.0	0.0	0.0
ACTTTCATCGAGAGCA	10	T cell	0.0	0	0	116	0	0	0	0	0	0	0	137	0	0	133	0	139	139	137	0	0	0	94	87	0	0	120	0	0	0	0	136	138	141	0	0	0	0.0	0.0	0.0	0.0	0.0	0.0	0.0	0.0	0.0	0.0	1.0	0.0	0.0
AGATTGCAGAGTACCG	12	Other	4.791335922999255e-51	0	0	0	0	0	0	0	0	0	0	0	0	0	0	0	0	0	0	0	0	0	144	0	0	0	0	0	0	0	0	0	0	0	0	0	0	0.0	0.0	0.0	0.0	0.0	0.0	0.0	0.0	0.0	0.0	3.9710059014955583e-53	0.0	1.0
AGGCCACTCACCTCGT	10	T cell	0.0	0	0	138	0	0	0	0	0	0	0	0	0	0	137	144	0	0	0	0	0	0	95	120	0	0	138	0	0	0	0	0	134	140	0	0	0	0.0	0.0	0.0	0.0	0.0	0.0	0.0	0.0	0.0	0.0	1.0	0.0	0.0
AGGGAGTAGTGTTGAA	12	Other	3.2830353081195063e-126	0	0	0	0	136	0	0	0	0	0	0	0	0	0	0	0	0	0	0	0	0	0	0	0	0	0	0	0	0	0	0	0	0	0	0	0	0.0	0.0	0.0	0.0	0.0	0.0	0.0	0.0	0.0	0.0	1.1143187132948029e-128	0.0	1.0
AGGGAGTGTTCCACAA	1	Dendritic cell	3.356407881696037e-34	0	0	128	0	60	102	0	0	0	0	0	0	0	0	0	0	0	0	0	0	0	27	137	0	0	112	0	0	0	0	0	0	0	0	0	0	0.0	1.0	0.0	0.0	0.0	0.0	0.0	0.0	0.0	0.0	0.0	0.0	4.119436887143132e-36
AGGGAGTTCTGTCCGT	12	Other	0.0	0	129	0	0	103	0	0	0	0	0	0	0	0	0	0	0	0	0	0	0	0	62	131	132	0	0	0	0	0	0	0	0	0	0	0	0	0.0	0.0	0.0	0.0	0.0	0.0	0.0	0.0	0.0	0.0	0.0	0.0	1.0
ATAGACCCAAAGGCGT	12	Other	0.0	0	134	0	134	113	0	0	0	0	0	0	0	0	0	0	0	0	0	0	0	0	85	107	0	0	0	0	141	0	0	0	0	0	0	0	0	0.0	0.0	0.0	0.0	0.0	0.0	0.0	0.0	0.0	0.0	0.0	0.0	1.0
ATCACGACACACCGAC	2	Germinal center B cell	0.0	141	0	0	140	112	139	0	0	143	0	0	0	0	0	0	0	0	0	0	0	0	88	0	0	0	0	0	0	0	0	0	0	0	0	0	0	0.0	0.0	1.0	0.0	0.0	0.0	0.0	0.0	0.0	0.0	0.0	0.0	0.0
ATCACGAGTTAAGAAC	12	Other	1.854385163025088e-67	0	0	0	0	110	0	0	0	0	0	0	0	0	0	0	0	0	0	0	0	0	101	0	0	0	0	0	0	0	0	0	0	0	0	0	0	0.0	0.0	0.0	0.0	0.0	0.0	0.0	0.0	0.0	0.0	1.1683167616326848e-69	0.0	1.0
ATCCACCGTATAATGG	6	Mast cell	0.0	0	0	123	0	0	107	142	0	0	0	0	0	0	128	0	0	0	0	143	0	133	29	106	0	0	130	0	0	0	0	0	0	0	0	0	0	0.0	0.0	0.0	0.0	0.0	0.0	1.0	0.0	0.0	0.0	0.0	0.0	0.0
ATCCACCGTCTTTCAT	10	T cell	0.0	0	0	0	0	0	0	0	0	0	140	140	0	0	132	142	0	0	0	0	0	144	97	132	0	0	133	0	0	0	144	133	127	133	0	0	0	0.0	0.0	0.0	0.0	0.0	0.0	0.0	0.0	0.0	0.0	1.0	0.0	0.0
ATCCACCGTTACGGAG	8	Myeloid cell	5.236294465008453e-91	0	0	103	136	99	104	0	0	0	0	0	0	0	0	0	0	0	0	0	0	0	47	121	0	0	124	0	143	0	0	0	0	0	0	0	133	0.0	0.0	0.0	0.0	0.0	0.0	0.0	0.0	1.0	0.0	0.0	0.0	2.4555636589165456e-93
ATGAGGGAGGTGGGTT	12	Other	0.0	119	0	0	131	74	0	0	0	0	142	0	0	0	135	0	0	0	0	0	0	139	78	0	0	0	0	0	0	0	0	0	0	0	0	0	0	0.0	0.0	0.0	0.0	0.0	0.0	0.0	0.0	0.0	0.0	0.0	0.0	1.0
ATGCGATAGCCGTCGT	1	Dendritic cell	0.0	0	137	121	0	96	115	0	0	0	0	0	0	0	136	143	0	0	0	0	0	0	55	0	0	0	0	0	0	0	0	0	0	0	0	0	0	0.0	1.0	0.0	0.0	0.0	0.0	0.0	0.0	0.0	0.0	0.0	0.0	0.0
ATGCGATCACGCGAAA	12	Other	6.212123203306604e-125	0	0	0	0	133	0	0	0	0	0	0	0	0	0	0	0	0	0	0	0	0	0	0	0	0	0	0	0	0	0	0	0	0	0	0	0	0.0	0.0	0.0	0.0	0.0	0.0	0.0	0.0	0.0	0.0	2.1298299343585567e-127	0.0	1.0
ATGCGATGTGCATCTA	1	Dendritic cell	0.0	0	0	99	109	91	109	0	0	0	0	0	0	0	0	0	0	0	0	0	0	0	77	0	120	0	115	144	0	0	0	0	0	0	0	141	0	0.0	1.0	0.0	0.0	0.0	0.0	0.0	0.0	0.0	0.0	0.0	0.0	0.0
ATGGGAGCACCAGTTA	12	Other	0.0	123	0	0	0	98	121	0	0	0	0	0	0	0	0	0	0	0	0	0	0	0	72	123	0	0	0	0	0	0	0	0	0	0	0	0	0	0.0	0.0	0.0	0.0	0.0	0.0	0.0	0.0	0.0	0.0	0.0	0.0	1.0
ATTACTCGTACAGTTC	1	Dendritic cell	3.7942245371265677e-87	110	0	108	0	69	138	0	0	0	136	0	0	0	0	0	0	0	0	0	0	0	89	0	0	0	0	0	0	0	0	0	0	0	0	0	0	0.0	1.0	0.0	0.0	0.0	0.0	0.0	0.0	0.0	0.0	0.0	0.0	1.857082241439503e-89
ATTACTCTCAATACCG	12	Other	1.585820761086743e-50	0	0	0	0	0	0	0	0	0	0	0	0	0	0	0	0	0	0	0	0	0	136	0	0	0	0	0	0	0	0	0	0	0	0	0	0	0.0	0.0	0.0	0.0	0.0	0.0	0.0	0.0	0.0	0.0	1.3275903709362888e-52	0.0	1.0
ATTATCCCAATGTTGC	1	Dendritic cell	5.358827035601079e-45	0	0	124	0	71	129	0	0	0	0	0	0	0	0	0	0	0	0	0	0	0	40	0	123	0	111	0	0	0	0	0	0	0	0	0	137	0.0	1.0	0.0	0.0	0.0	0.0	0.0	0.0	0.0	0.0	0.0	0.0	5.0267248600643665e-47
ATTCTACAGATCGATA	12	Other	1.7410241857875836e-50	0	0	0	0	0	0	0	0	0	0	0	0	0	0	0	0	0	0	0	0	0	134	0	0	0	0	0	0	0	0	0	0	0	0	0	0	0.0	0.0	0.0	0.0	0.0	0.0	0.0	0.0	0.0	0.0	1.45867075690852e-52	0.0	1.0
ATTGGACCAGCTGTTA	12	Other	6.364006479399704e-240	0	0	0	0	0	0	0	0	0	0	0	0	0	0	0	0	0	0	0	0	0	116	0	0	0	0	0	0	0	0	141	0	0	0	0	0	0.0	0.0	0.0	0.0	0.0	0.0	0.0	0.0	0.0	0.0	1.1423608343457815e-242	0.0	1.0
ATTTCTGAGCGCCTTG	12	Other	2.526420211046999e-73	0	0	0	0	118	0	0	0	0	0	0	0	0	0	0	0	0	0	0	0	0	117	0	0	0	142	0	0	0	0	0	0	0	0	0	0	0.0	0.0	0.0	0.0	0.0	0.0	0.0	0.0	0.0	0.0	1.4661960773229517e-75	0.0	1.0
ATTTCTGGTCAAAGCG	12	Other	0.0	0	143	0	141	121	142	0	0	0	0	0	0	0	0	0	0	0	0	0	0	0	110	0	0	0	0	0	0	0	0	0	0	0	0	0	0	0.0	0.0	0.0	0.0	0.0	0.0	0.0	0.0	0.0	0.0	0.0	0.0	1.0
ATTTCTGGTGGTCTCG	8	Myeloid cell	0.0	108	0	92	119	70	125	0	0	0	0	0	0	0	0	0	0	0	122	0	0	0	46	133	131	0	105	0	138	142	0	0	0	0	0	0	142	0.0	0.0	0.0	0.0	0.0	0.0	0.0	0.0	1.0	0.0	0.0	0.0	0.0
CAACCAAGTAGGAGTC	12	Other	1.7687694192116355e-50	0	0	0	0	0	0	0	0	0	0	0	0	0	0	0	0	0	0	0	0	0	133	0	0	0	0	0	0	0	0	0	0	0	0	0	0	0.0	0.0	0.0	0.0	0.0	0.0	0.0	0.0	0.0	0.0	1.4821143478609644e-52	0.0	1.0
CAACCAATCACAATGC	10	T cell	0.0	0	0	119	0	0	0	0	0	0	0	0	0	0	0	0	144	135	141	0	0	0	112	128	0	0	135	0	0	0	0	123	137	124	0	0	0	0.0	0.0	0.0	0.0	0.0	0.0	0.0	0.0	0.0	0.0	1.0	0.0	0.0
CAACCAATCATGTCTT	9	Natural killer cell	6.991809827110735e-167	0	0	0	0	0	0	0	0	0	143	0	0	0	0	0	138	136	0	0	0	0	100	93	0	0	136	0	0	0	143	125	132	0	0	0	0	0.0	0.0	0.0	0.0	0.0	0.0	0.0	0.0	0.0	1.0	1.7994648768258696e-169	0.0	0.0
CAACCTCTCAAGCCTA	7	Mesenchymal stem cell	0.0	113	0	122	121	108	0	0	0	0	0	0	0	0	0	0	0	0	130	0	0	141	35	138	137	0	0	0	0	0	0	0	0	119	0	0	0	0.0	0.0	0.0	0.0	0.0	0.0	0.0	1.0	0.0	0.0	0.0	0.0	0.0
CACACAATCGGTGTTA	10	T cell	0.0	115	0	110	106	66	118	0	0	0	0	0	0	0	0	0	0	131	0	0	0	0	81	0	0	0	113	0	0	0	0	117	124	116	0	0	132	0.0	0.0	0.0	0.0	0.0	0.0	0.0	0.0	0.0	0.0	1.0	0.0	0.0
CACAGGCTCATAGCAC	10	T cell	0.0	0	0	95	0	0	0	0	0	0	0	136	0	0	124	0	0	132	133	0	0	0	84	118	0	0	129	0	0	0	0	128	122	127	0	0	0	0.0	0.0	0.0	0.0	0.0	0.0	0.0	0.0	0.0	0.0	1.0	0.0	0.0
CAGATCACACGGTAGA	10	T cell	0.0	0	0	0	0	0	0	0	0	0	0	139	0	0	0	0	0	0	0	0	0	0	93	0	0	0	119	0	0	0	0	137	126	137	0	0	0	0.0	0.0	0.0	0.0	0.0	0.0	0.0	0.0	0.0	0.0	1.0	0.0	0.0
CAGCAGCTCTGGGCCA	12	Other	0.0	0	0	0	118	111	0	0	0	0	0	0	0	0	0	0	0	0	0	0	0	0	49	116	142	0	0	0	142	0	0	0	0	0	0	0	0	0.0	0.0	0.0	0.0	0.0	0.0	0.0	0.0	0.0	0.0	0.0	0.0	1.0
CAGCTAAGTTAAGGGC	12	Other	4.276867371608106e-127	0	0	0	0	138	0	0	0	0	0	0	0	0	0	0	0	0	0	0	0	0	0	0	0	0	0	0	0	0	0	0	0	0	0	0	0	0.0	0.0	0.0	0.0	0.0	0.0	0.0	0.0	0.0	0.0	1.4416356722217474e-129	0.0	1.0
CATCAAGGTACAAGTA	7	Mesenchymal stem cell	0.0	125	132	114	0	76	136	0	0	0	0	0	0	0	131	0	0	0	136	0	141	136	32	129	139	0	0	0	0	0	0	0	0	0	0	0	0	0.0	0.0	0.0	0.0	0.0	0.0	0.0	1.0	0.0	0.0	0.0	0.0	0.0
CATCAAGTCCAAGCCG	12	Other	6.020086319421683e-129	0	0	0	0	142	0	0	0	0	0	0	0	0	0	0	0	0	0	0	0	0	0	0	0	0	0	0	0	0	0	0	0	0	0	0	0	0.0	0.0	0.0	0.0	0.0	0.0	0.0	0.0	0.0	0.0	2.0003921778366267e-131	0.0	1.0
CATCCACTCGGTGTTA	12	Other	1.4057690449539532e-50	0	0	0	0	0	0	0	0	0	0	0	0	0	0	0	0	0	0	0	0	0	128	0	0	0	0	0	0	0	0	0	0	0	0	0	0	0.0	0.0	0.0	0.0	0.0	0.0	0.0	0.0	0.0	0.0	1.1756615795285434e-52	0.0	1.0
CATCGGGTCCCATTTA	12	Other	0.0	0	0	0	0	62	0	144	0	0	0	0	0	0	0	0	0	0	0	0	143	0	34	0	0	0	0	0	0	0	0	0	0	0	0	0	0	0.0	0.0	0.0	0.0	0.0	0.0	0.0	0.0	0.0	0.0	0.0	0.0	1.0
CCATGTCCAGTAGAGC	12	Other	1.0146926073210366e-240	0	0	0	0	0	0	0	0	0	0	0	0	0	0	0	0	0	0	0	0	0	120	0	0	0	0	0	0	0	0	142	0	0	0	0	0	0.0	0.0	0.0	0.0	0.0	0.0	0.0	0.0	0.0	0.0	1.8154137782282158e-243	0.0	1.0
CGATCGGGTGGTAACG	10	T cell	0.0	0	0	96	0	56	0	0	0	0	0	0	0	0	125	0	132	0	0	0	0	135	82	110	0	143	0	0	0	0	0	124	123	128	0	0	0	0.0	0.0	0.0	0.0	0.0	0.0	0.0	0.0	0.0	0.0	1.0	0.0	0.0
CGATGGCTCCCTTGTG	2	Germinal center B cell	0.0	0	0	140	0	0	0	141	0	141	0	0	0	0	0	0	0	0	0	0	0	134	26	95	0	0	0	0	0	143	0	0	0	0	0	0	0	0.0	0.0	1.0	0.0	0.0	0.0	0.0	0.0	0.0	0.0	0.0	0.0	0.0
CGGACACCAAGACACG	12	Other	2.646616872518072e-95	0	0	0	0	143	0	0	0	0	0	0	0	0	0	0	0	0	0	0	0	0	140	0	0	0	0	0	0	0	0	0	0	0	0	0	0	0.0	0.0	0.0	0.0	0.0	0.0	0.0	0.0	0.0	0.0	1.185865012001041e-97	0.0	1.0
CGGACACCACATTCGA	0	B cell	0.0	137	138	113	113	82	135	0	0	0	0	0	0	0	0	0	0	0	0	0	0	0	56	127	133	0	118	0	0	0	0	0	0	0	144	0	0	1.0	0.0	0.0	0.0	0.0	0.0	0.0	0.0	0.0	0.0	0.0	0.0	0.0
CGGGTCACATACCATG	10	T cell	0.0	0	0	100	0	0	0	0	0	0	0	141	0	0	0	0	133	133	0	0	0	0	96	97	0	0	121	0	0	0	0	131	135	132	0	0	0	0.0	0.0	0.0	0.0	0.0	0.0	0.0	0.0	0.0	0.0	1.0	0.0	0.0
CGGGTCAGTAGGAGTC	0	B cell	0.0	0	122	106	128	117	105	0	0	0	0	0	0	0	0	0	0	0	0	0	0	0	65	125	0	0	0	0	0	0	0	0	0	0	0	144	0	1.0	0.0	0.0	0.0	0.0	0.0	0.0	0.0	0.0	0.0	0.0	0.0	0.0
CGGGTCAGTTGCTCCT	6	Mast cell	0.0	0	0	94	0	0	0	143	0	0	0	0	0	0	123	0	0	0	0	144	0	142	28	0	0	0	108	0	0	0	0	0	0	0	0	0	0	0.0	0.0	0.0	0.0	0.0	0.0	1.0	0.0	0.0	0.0	0.0	0.0	0.0
CGTTAGAGTAAGTAGT	11	Tonsillar macrophage	0.0	138	131	102	0	100	103	0	0	0	0	0	0	0	0	0	0	0	128	0	0	0	60	90	138	0	123	0	0	0	0	0	0	0	141	0	131	0.0	0.0	0.0	0.0	0.0	0.0	0.0	0.0	0.0	0.0	0.0	1.0	0.0
CGTTCTGGTTGTCTTT	12	Other	5.456944842103132e-75	0	0	0	0	122	0	0	0	0	0	0	0	0	0	0	0	0	0	0	0	0	119	0	0	0	0	0	0	0	0	0	0	0	0	0	0	0.0	0.0	0.0	0.0	0.0	0.0	0.0	0.0	0.0	0.0	3.0975724399403417e-77	0.0	1.0
CTAACTTTCACAATGC	12	Other	1.81430573830949e-121	0	0	0	0	124	0	0	0	0	0	0	0	0	0	0	0	0	0	0	0	0	0	0	0	0	0	0	0	0	0	0	0	0	0	0	0	0.0	0.0	0.0	0.0	0.0	0.0	0.0	0.0	0.0	0.0	6.3959475488866115e-124	0.0	1.0
CTACATTTCATCGCTC	0	B cell	0.0	109	0	91	107	80	116	0	0	0	0	0	0	0	0	0	0	0	0	0	0	0	48	0	119	0	104	0	137	0	0	0	0	0	0	140	0	1.0	0.0	0.0	0.0	0.0	0.0	0.0	0.0	0.0	0.0	0.0	0.0	0.0
CTACATTTCCCAAGTA	12	Other	1.0607387562145938e-83	0	0	120	0	65	0	0	0	0	0	0	0	0	0	0	0	0	0	0	0	140	51	0	0	0	0	0	0	0	0	0	0	0	0	0	0	0.0	0.0	0.0	0.0	0.0	0.0	0.0	0.0	0.0	0.0	5.4026866233728245e-86	0.0	1.0
CTACCCACAAATTGCC	7	Mesenchymal stem cell	0.0	0	0	135	135	84	98	0	0	0	0	0	0	0	0	0	0	0	135	0	0	132	68	130	0	0	0	0	144	144	0	0	0	0	0	143	0	0.0	0.0	0.0	0.0	0.0	0.0	0.0	1.0	0.0	0.0	0.0	0.0	0.0
CTACCCAGTCTCCCTA	10	T cell	0.0	0	0	127	0	0	0	0	0	0	0	0	0	0	0	0	0	141	0	0	0	0	109	114	125	0	128	0	0	0	0	129	129	126	0	0	0	0.0	0.0	0.0	0.0	0.0	0.0	0.0	0.0	0.0	0.0	1.0	0.0	0.0
CTCAGAAAGTACCGGA	12	Other	2.088049089243378e-149	0	0	144	0	0	0	0	0	0	0	0	0	0	0	0	0	0	0	0	0	0	0	0	0	0	0	0	0	0	0	0	0	0	0	0	0	0.0	0.0	0.0	0.0	0.0	0.0	0.0	0.0	0.0	0.0	5.996664879299885e-152	0.0	1.0
CTCATTATCCACTGGG	10	T cell	0.0	0	0	0	0	0	0	0	0	0	144	0	0	0	0	0	140	140	0	0	0	0	104	136	0	0	0	0	0	0	0	0	0	138	0	0	0	0.0	0.0	0.0	0.0	0.0	0.0	0.0	0.0	0.0	0.0	1.0	0.0	0.0
CTCGAGGAGAGTACCG	12	Other	0.0	0	128	0	129	63	117	0	0	0	0	0	0	0	0	0	0	0	0	0	0	0	45	109	136	0	0	0	0	0	0	0	0	0	0	0	0	0.0	0.0	0.0	0.0	0.0	0.0	0.0	0.0	0.0	0.0	0.0	0.0	1.0
CTCGAGGTCTCTGAGA	12	Other	3.0349547971242486e-149	0	0	143	0	0	0	0	0	0	0	0	0	0	0	0	0	0	0	0	0	0	0	0	0	0	0	0	0	0	0	0	0	0	0	0	0	0.0	0.0	0.0	0.0	0.0	0.0	0.0	0.0	0.0	0.0	8.725479997857202e-152	0.0	1.0
CTCTGGTAGCACCGTC	11	Tonsillar macrophage	0.0	140	127	0	0	102	127	0	0	0	0	0	0	0	0	0	0	0	140	0	0	0	59	117	143	0	0	0	0	0	0	0	0	0	0	0	141	0.0	0.0	0.0	0.0	0.0	0.0	0.0	0.0	0.0	0.0	0.0	1.0	0.0
CTGATCCCACGGCTAC	0	B cell	3.003045614102876e-32	144	139	0	0	120	137	0	0	0	0	0	0	0	143	0	0	0	0	0	0	0	111	0	0	0	139	0	0	0	0	0	0	0	0	0	0	1.0	0.0	0.0	0.0	0.0	0.0	0.0	0.0	0.0	0.0	0.0	0.0	3.903814042685032e-34
CTGATCCGTAGCACGA	0	B cell	1.6424021630551754e-33	118	0	0	116	78	111	0	0	0	0	0	0	0	0	0	0	0	0	0	0	138	38	113	0	0	0	0	0	0	0	0	0	0	0	0	140	1.0	0.0	0.0	0.0	0.0	0.0	0.0	0.0	0.0	0.0	0.0	0.0	2.0563560356572797e-35
CTGCCTACAGTATCTG	12	Other	7.401710033074943e-83	0	0	0	0	131	0	0	0	0	0	0	0	0	0	0	0	0	0	0	0	0	129	0	0	0	0	0	0	0	0	0	0	0	0	0	0	0.0	0.0	0.0	0.0	0.0	0.0	0.0	0.0	0.0	0.0	3.8078032547664273e-85	0.0	1.0
CTGCCTACAGTCGATT	12	Other	0.0	0	0	0	143	0	0	0	0	0	0	0	0	0	0	0	0	0	0	0	0	0	126	0	0	0	0	0	0	0	0	0	0	0	0	0	0	0.0	0.0	0.0	0.0	0.0	0.0	0.0	0.0	0.0	0.0	0.0	0.0	1.0
CTTCTCTAGATTACCC	5	Helper T cell	1.0586836008875623e-239	0	0	0	0	0	0	0	0	0	0	0	0	0	0	0	0	0	0	0	0	0	99	99	0	0	0	0	0	0	0	130	0	135	0	0	0	0.0	0.0	0.0	0.0	0.0	1.0	0.0	0.0	0.0	0.0	1.902113990397115e-242	0.0	0.0
CTTCTCTTCCTAAGTG	12	Other	0.0	116	0	0	127	86	0	0	0	0	0	0	0	0	139	0	0	0	0	0	0	0	74	0	0	0	0	0	0	0	0	0	0	0	0	0	0	0.0	0.0	0.0	0.0	0.0	0.0	0.0	0.0	0.0	0.0	0.0	0.0	1.0
CTTCTCTTCTCTGAGA	12	Other	1.4674713545176237e-50	0	0	0	0	0	0	0	0	0	0	0	0	0	0	0	0	0	0	0	0	0	137	0	0	0	0	0	0	0	0	0	0	0	0	0	0	0.0	0.0	0.0	0.0	0.0	0.0	0.0	0.0	0.0	0.0	1.2277087364784232e-52	0.0	1.0
GAATAAGCAGGGAGAG	12	Other	2.2532090245889133e-84	0	0	0	0	132	0	0	0	0	0	0	0	0	0	0	0	0	0	0	0	0	132	0	0	0	0	0	0	0	0	0	0	0	0	0	0	0.0	0.0	0.0	0.0	0.0	0.0	0.0	0.0	0.0	0.0	1.1386024420761891e-86	0.0	1.0
GACACGCAGCATCATC	12	Other	0.0	0	0	0	0	0	0	0	0	0	0	0	0	0	0	0	0	0	0	0	0	0	0	0	0	0	0	0	0	0	0	0	0	0	0	0	144	0.0	0.0	0.0	0.0	0.0	0.0	0.0	0.0	0.0	0.0	0.0	0.0	1.0
GACGGCTTCTTGCAAG	12	Other	8.885834249802011e-126	0	0	0	0	135	0	0	0	0	0	0	0	0	0	0	0	0	0	0	0	0	0	0	0	0	0	0	0	0	0	0	0	0	0	0	0	0.0	0.0	0.0	0.0	0.0	0.0	0.0	0.0	0.0	0.0	3.026267439835578e-128	0.0	1.0
GATCGTATCGTGGACC	0	B cell	0.0	135	0	0	125	87	0	0	0	0	0	0	0	0	0	0	0	0	132	0	0	0	57	85	144	0	0	0	139	0	0	0	0	0	0	0	0	1.0	0.0	0.0	0.0	0.0	0.0	0.0	0.0	0.0	0.0	0.0	0.0	0.0
GATGAAAAGCGGATCA	12	Other	1.6392114272440787e-50	0	0	0	0	0	0	0	0	0	0	0	0	0	0	0	0	0	0	0	0	0	130	0	0	0	0	0	0	0	0	0	0	0	0	0	0	0.0	0.0	0.0	0.0	0.0	0.0	0.0	0.0	0.0	0.0	1.3726707907904223e-52	0.0	1.0
GATGAGGGTGGGTATG	10	T cell	0.0	0	0	0	0	0	0	0	0	0	0	144	0	0	0	0	0	0	0	0	0	0	121	142	0	0	143	0	0	0	0	0	0	144	0	0	0	0.0	0.0	0.0	0.0	0.0	0.0	0.0	0.0	0.0	0.0	1.0	0.0	0.0
GATGAGGTCCAAACAC	12	Other	1.7601084813405768e-43	0	0	0	0	0	0	0	0	0	0	0	0	0	0	0	0	0	0	0	0	0	123	143	0	0	0	0	0	0	0	0	0	0	0	0	0	0.0	0.0	0.0	0.0	0.0	0.0	0.0	0.0	0.0	0.0	1.707495398860114e-45	0.0	1.0
GATGCTACACGGCTAC	12	Other	1.181358556706369e-50	0	0	0	0	0	0	0	0	0	0	0	0	0	0	0	0	0	0	0	0	0	139	0	0	0	0	0	0	0	0	0	0	0	0	0	0	0.0	0.0	0.0	0.0	0.0	0.0	0.0	0.0	0.0	0.0	9.865373657506794e-53	0.0	1.0
GCACATACATCACAAC	12	Other	1.1942212983492513e-126	0	0	0	0	137	0	0	0	0	0	0	0	0	0	0	0	0	0	0	0	0	0	0	0	0	0	0	0	0	0	0	0	0	0	0	0	0.0	0.0	0.0	0.0	0.0	0.0	0.0	0.0	0.0	0.0	4.039480309649497e-129	0.0	1.0
GCACATATCCGTAGGC	10	T cell	0.0	0	0	141	0	0	0	0	0	0	0	0	0	0	0	0	141	144	0	0	0	143	103	0	0	0	0	0	0	0	0	120	141	130	0	0	0	0.0	0.0	0.0	0.0	0.0	0.0	0.0	0.0	0.0	0.0	1.0	0.0	0.0
GCAGTTACAGAGCCAA	12	Other	0.0	0	0	0	0	140	144	0	0	0	0	0	0	0	0	0	0	0	0	0	0	0	0	0	0	0	0	0	0	0	0	0	0	0	0	0	0	0.0	0.0	0.0	0.0	0.0	0.0	0.0	0.0	0.0	0.0	0.0	0.0	1.0
GCTGCAGTCCGCATAA	0	B cell	0.0	131	0	111	110	116	128	0	0	0	0	0	0	0	0	0	0	0	134	0	0	0	39	119	0	0	0	0	0	0	0	0	0	0	0	0	136	1.0	0.0	0.0	0.0	0.0	0.0	0.0	0.0	0.0	0.0	0.0	0.0	0.0
GCTGCAGTCTAACGGT	1	Dendritic cell	1.0869485568868422e-28	0	140	142	137	0	0	0	0	0	0	0	0	0	0	0	0	0	0	0	0	0	0	0	0	0	0	0	0	0	0	0	0	0	0	0	0	0.0	1.0	0.0	0.0	0.0	0.0	0.0	0.0	0.0	0.0	0.0	0.0	1.5840677055651415e-30
GCTGGGTCAATCTGCA	0	B cell	0.0	129	0	98	0	85	100	0	0	0	0	0	0	0	0	0	0	134	126	0	0	0	31	104	135	0	0	0	0	0	0	0	0	0	0	0	0	1.0	0.0	0.0	0.0	0.0	0.0	0.0	0.0	0.0	0.0	0.0	0.0	0.0
GGACGTCAGGCTAGCA	0	B cell	3.489539554284736e-29	117	0	131	0	64	126	0	0	0	0	0	0	0	0	0	0	0	0	0	0	137	53	105	141	0	0	0	0	0	0	0	0	0	0	0	0	1.0	0.0	0.0	0.0	0.0	0.0	0.0	0.0	0.0	0.0	0.0	0.0	5.001460735312629e-31
GGACGTCCAATGTTGC	9	Natural killer cell	0.0	0	136	118	120	81	114	0	0	0	0	0	0	0	0	0	0	0	0	0	0	0	75	91	128	0	125	0	0	0	141	0	0	0	0	0	0	0.0	0.0	0.0	0.0	0.0	0.0	0.0	0.0	0.0	1.0	0.0	0.0	0.0
GGACGTCTCACTTATC	0	B cell	0.0	124	126	132	105	92	101	0	0	0	0	0	0	0	0	0	0	0	127	0	0	0	80	84	124	0	0	0	0	0	0	0	0	0	0	0	130	1.0	0.0	0.0	0.0	0.0	0.0	0.0	0.0	0.0	0.0	0.0	0.0	0.0
GGACGTCTCTCGCTTG	12	Other	1.0216383477857496e-123	0	0	0	0	130	0	0	0	0	0	0	0	0	0	0	0	0	0	0	0	0	0	0	0	0	0	0	0	0	0	0	0	0	0	0	0	0.0	0.0	0.0	0.0	0.0	0.0	0.0	0.0	0.0	0.0	3.536763385545804e-126	0.0	1.0
GGATGTTCAAACGTGG	0	B cell	8.84296229055974e-42	0	144	0	139	119	0	0	0	0	0	0	0	0	144	0	0	0	0	0	0	0	115	140	0	0	0	0	0	0	0	0	0	0	0	0	0	1.0	0.0	0.0	0.0	0.0	0.0	0.0	0.0	0.0	0.0	0.0	0.0	8.92099089133496e-44
GGCAATTCATACCATG	12	Other	5.5216939905866785e-93	0	0	0	0	141	0	0	0	0	0	0	0	0	0	0	0	0	0	0	0	0	138	0	0	0	0	0	0	0	0	0	0	0	0	0	0	0.0	0.0	0.0	0.0	0.0	0.0	0.0	0.0	0.0	0.0	2.535034060813226e-95	0.0	1.0
GGGACCTAGACATAAC	4	Group 3 innate lymphoid cell	0.0	114	0	93	103	67	131	0	0	0	0	0	143	143	0	0	0	0	123	0	0	0	30	101	121	0	0	0	0	0	0	0	0	0	0	142	134	0.0	0.0	0.0	0.0	1.0	0.0	0.0	0.0	0.0	0.0	0.0	0.0	0.0
GGGAGATTCTTGCAAG	10	T cell	0.0	0	0	115	0	58	0	0	0	0	0	0	0	0	0	0	0	138	0	0	0	0	41	86	0	0	132	0	0	0	0	127	139	0	0	0	0	0.0	0.0	0.0	0.0	0.0	0.0	0.0	0.0	0.0	0.0	1.0	0.0	0.0
GGGTCTGGTTTGTTGG	10	T cell	0.0	0	0	104	0	0	0	0	0	0	0	0	0	0	0	0	0	0	129	0	0	0	83	126	0	0	126	0	0	0	0	122	144	123	0	0	0	0.0	0.0	0.0	0.0	0.0	0.0	0.0	0.0	0.0	0.0	1.0	0.0	0.0
GGTATTGAGAGTACCG	12	Other	0.0	0	0	0	0	0	0	0	0	0	0	0	0	0	0	0	0	0	0	0	0	0	0	0	0	0	0	0	0	0	0	143	0	0	0	0	0	0.0	0.0	0.0	0.0	0.0	0.0	0.0	0.0	0.0	0.0	0.0	0.0	1.0
GGTGTTAGTGAGTGAC	7	Mesenchymal stem cell	1.0356444193281622e-99	0	0	0	124	79	0	0	0	0	0	0	0	0	138	0	0	0	0	0	144	0	36	139	0	0	0	0	0	0	0	0	0	0	0	0	0	0.0	0.0	0.0	0.0	0.0	0.0	0.0	1.0	0.0	0.0	0.0	0.0	4.437711388551306e-102
GTCAAGTCACTAGTAC	10	T cell	0.0	0	0	117	0	0	0	0	0	0	0	0	0	0	0	0	0	0	0	0	0	0	42	0	0	0	134	0	0	0	0	139	140	143	0	0	0	0.0	0.0	0.0	0.0	0.0	0.0	0.0	0.0	0.0	0.0	1.0	0.0	0.0
GTCATTTTCGCACTCT	12	Other	0.0	0	142	0	138	0	0	0	0	0	0	0	0	0	0	0	0	0	0	0	0	0	0	0	0	0	0	0	0	0	0	0	0	0	0	0	0	0.0	0.0	0.0	0.0	0.0	0.0	0.0	0.0	0.0	0.0	0.0	0.0	1.0
GTGCAGCAGATTACCC	12	Other	0.0	130	0	0	0	83	0	0	0	0	0	0	0	0	0	0	0	0	0	0	0	0	54	0	129	0	0	0	0	0	0	0	0	125	143	0	0	0.0	0.0	0.0	0.0	0.0	0.0	0.0	0.0	0.0	0.0	0.0	0.0	1.0
GTGCAGCGTCAAAGCG	5	Helper T cell	3.1669178351809573e-74	142	0	0	0	106	140	0	0	0	0	0	0	0	0	0	0	0	0	0	0	0	107	141	0	0	0	0	0	0	0	0	0	0	0	0	0	0.0	0.0	0.0	0.0	0.0	1.0	0.0	0.0	0.0	0.0	0.0	0.0	1.815894410573457e-76
GTGCTTCGTCGACTGC	12	Other	3.162911676718421e-79	0	0	0	0	127	0	0	0	0	0	0	0	0	0	0	0	0	0	0	0	0	125	0	0	0	0	0	0	0	0	0	0	0	0	0	0	0.0	0.0	0.0	0.0	0.0	0.0	0.0	0.0	0.0	0.0	1.7006880169897826e-81	0.0	1.0
GTGTTAGGTATAGGGC	2	Germinal center B cell	0.0	0	0	107	0	61	112	0	0	140	0	0	144	0	0	0	0	0	131	0	0	0	52	0	0	0	107	0	0	0	0	0	0	0	0	0	0	0.0	0.0	1.0	0.0	0.0	0.0	0.0	0.0	0.0	0.0	0.0	0.0	0.0
GTTCATTCAAACGTGG	10	T cell	0.0	0	0	0	0	0	0	0	0	0	0	0	0	0	0	0	137	142	143	0	0	0	67	0	0	0	116	0	0	0	0	132	143	139	0	0	0	0.0	0.0	0.0	0.0	0.0	0.0	0.0	0.0	0.0	0.0	1.0	0.0	0.0
GTTCATTTCCTACAGA	12	Other	6.079072190093438e-79	0	0	0	0	0	0	0	0	0	0	0	0	0	0	0	0	0	0	0	0	0	0	0	0	0	144	0	0	0	0	0	0	0	0	0	0	0.0	0.0	0.0	0.0	0.0	0.0	0.0	0.0	0.0	0.0	3.2802850341741533e-81	0.0	1.0
TAAACCGCAAGCCCAC	2	Germinal center B cell	0.0	0	0	0	0	126	0	0	0	144	0	0	0	0	0	0	0	0	0	0	0	0	124	0	0	0	0	0	0	0	0	0	0	0	0	0	0	0.0	0.0	1.0	0.0	0.0	0.0	0.0	0.0	0.0	0.0	0.0	0.0	0.0
TAAGCGTCACGTGAGA	0	B cell	0.0	120	0	109	122	104	132	0	0	0	0	0	0	0	0	0	0	0	124	0	0	0	37	0	122	0	109	0	0	0	0	0	0	0	0	0	129	1.0	0.0	0.0	0.0	0.0	0.0	0.0	0.0	0.0	0.0	0.0	0.0	0.0
TAAGCGTTCAGGTAAA	12	Other	1.5079893070208138e-127	0	0	0	0	139	0	0	0	0	0	0	0	0	0	0	0	0	0	0	0	0	0	0	0	0	0	0	0	0	0	0	0	0	0	0	0	0.0	0.0	0.0	0.0	0.0	0.0	0.0	0.0	0.0	0.0	5.065233815458726e-130	0.0	1.0
TACGGGCAGTCATGCT	0	B cell	0.0	132	124	112	112	95	108	0	144	0	0	0	0	0	126	0	0	0	125	0	0	0	63	94	126	0	117	0	0	0	0	0	0	0	0	0	0	1.0	0.0	0.0	0.0	0.0	0.0	0.0	0.0	0.0	0.0	0.0	0.0	0.0
TACGGGCTCATGTCTT	1	Dendritic cell	0.0	111	0	0	111	90	133	0	0	0	0	0	0	0	0	0	0	0	0	0	0	0	76	0	0	0	110	0	0	0	0	0	0	117	0	0	0	0.0	1.0	0.0	0.0	0.0	0.0	0.0	0.0	0.0	0.0	0.0	0.0	0.0
TACTTACCAATCGAAA	10	T cell	0.0	0	0	0	0	0	0	0	0	0	0	0	0	0	141	0	143	0	0	0	0	0	114	100	0	0	0	0	0	0	0	134	142	142	0	0	0	0.0	0.0	0.0	0.0	0.0	0.0	0.0	0.0	0.0	0.0	1.0	0.0	0.0
TACTTGTAGTACCGGA	1	Dendritic cell	5.2246538757227005e-65	0	141	130	0	72	0	0	0	0	0	0	0	0	140	0	0	0	0	0	0	0	64	0	0	0	0	0	0	0	0	0	0	0	0	0	0	0.0	1.0	0.0	0.0	0.0	0.0	0.0	0.0	0.0	0.0	0.0	0.0	3.413793986977841e-67
TATCAGGGTAGCTAAA	5	Helper T cell	1.513441478537316e-223	0	0	0	0	0	0	0	0	0	0	0	0	0	0	0	0	0	0	0	0	0	98	112	0	0	0	0	0	0	0	121	0	131	0	0	0	0.0	0.0	0.0	0.0	0.0	1.0	0.0	0.0	0.0	0.0	2.914305664099339e-226	0.0	0.0
TCAACGAGTTATTCTC	12	Other	2.8868707387004097e-40	0	0	0	0	0	0	0	0	0	0	0	0	0	0	0	0	0	0	0	0	0	135	144	0	0	0	0	0	0	0	0	0	0	0	0	0	0.0	0.0	0.0	0.0	0.0	0.0	0.0	0.0	0.0	0.0	3.019630629527305e-42	0.0	1.0
TCAATCTAGCCGATTT	4	Group 3 innate lymphoid cell	0.0	0	133	0	0	107	110	0	0	0	0	0	0	144	0	0	0	0	0	0	0	0	33	134	0	0	0	0	0	0	0	0	0	0	0	0	139	0.0	0.0	0.0	0.0	1.0	0.0	0.0	0.0	0.0	0.0	0.0	0.0	0.0
TCAATCTTCTTTACAC	1	Dendritic cell	9.009111089954034e-36	0	0	139	0	77	106	0	0	0	0	0	0	0	0	0	0	0	0	0	0	0	58	122	0	0	0	0	0	0	0	0	0	0	0	0	135	0.0	1.0	0.0	0.0	0.0	0.0	0.0	0.0	0.0	0.0	0.0	0.0	1.0581636008361945e-37
TCACAAGCATCGACGC	12	Other	5.980307207037986e-51	0	0	0	0	0	0	0	0	0	0	0	0	0	0	0	0	0	0	0	0	0	143	0	0	0	0	0	0	0	0	0	0	0	0	0	0	0.0	0.0	0.0	0.0	0.0	0.0	0.0	0.0	0.0	0.0	4.96561078171299e-53	0.0	1.0
TCAGCAACAAAGGCGT	10	T cell	0.0	0	0	0	0	0	0	0	0	142	0	0	0	0	0	0	0	0	0	0	0	0	102	0	0	0	131	0	140	0	0	126	133	121	0	0	0	0.0	0.0	0.0	0.0	0.0	0.0	0.0	0.0	0.0	0.0	1.0	0.0	0.0
TCAGCAACATCCGCGA	2	Germinal center B cell	0.0	112	0	90	104	68	124	0	0	139	0	0	0	0	0	0	0	0	121	0	0	0	70	0	118	0	106	0	0	0	0	0	0	0	0	139	128	0.0	0.0	1.0	0.0	0.0	0.0	0.0	0.0	0.0	0.0	0.0	0.0	0.0
TCAGCAAGTTAGGGTG	5	Helper T cell	5.565273699931475e-75	143	0	0	0	94	141	0	0	0	0	0	0	0	0	0	0	0	0	0	0	0	108	108	0	0	0	0	0	0	0	0	0	0	0	0	0	0.0	0.0	0.0	0.0	0.0	1.0	0.0	0.0	0.0	0.0	0.0	0.0	3.159418623710636e-77
TCAGGTATCTTTACAC	12	Other	0.0	0	130	126	133	97	123	0	0	0	0	0	0	0	0	0	0	0	0	0	0	0	87	98	0	0	0	0	0	0	0	0	0	0	0	0	0	0.0	0.0	0.0	0.0	0.0	0.0	0.0	0.0	0.0	0.0	0.0	0.0	1.0
TCATTTGTCGAGAGCA	12	Other	2.518346647504867e-123	0	0	0	0	129	0	0	0	0	0	0	0	0	0	0	0	0	0	0	0	0	0	0	0	0	0	0	0	0	0	0	0	0	0	0	0	0.0	0.0	0.0	0.0	0.0	0.0	0.0	0.0	0.0	0.0	8.745559620465465e-126	0.0	1.0
TCCACACTCAACACGT	12	Other	6.111771850893637e-123	0	0	0	0	128	0	0	0	0	0	0	0	0	0	0	0	0	0	0	0	0	0	0	0	0	0	0	0	0	0	0	0	0	0	0	0	0.0	0.0	0.0	0.0	0.0	0.0	0.0	0.0	0.0	0.0	2.1290367435896237e-125	0.0	1.0
TCGGGACTCACGACTA	0	B cell	0.0	134	125	133	115	115	0	0	0	0	0	0	0	0	0	0	0	0	138	0	0	0	44	88	127	0	0	0	0	0	0	0	0	0	142	0	0	1.0	0.0	0.0	0.0	0.0	0.0	0.0	0.0	0.0	0.0	0.0	0.0	0.0
TGACAACAGACGACGT	12	Other	2.367843402251641e-125	0	0	0	0	134	0	0	0	0	0	0	0	0	0	0	0	0	0	0	0	0	0	0	0	0	0	0	0	0	0	0	0	0	0	0	0	0.0	0.0	0.0	0.0	0.0	0.0	0.0	0.0	0.0	0.0	8.09131557039345e-128	0.0	1.0
TGCTACCAGAGTACCG	12	Other	6.504683370208242e-130	0	0	0	0	144	0	0	0	0	0	0	0	0	0	0	0	0	0	0	0	0	0	0	0	0	0	0	0	0	0	0	0	0	0	0	0	0.0	0.0	0.0	0.0	0.0	0.0	0.0	0.0	0.0	0.0	2.1455007913956857e-132	0.0	1.0
TGGGCGTGTATAGGGC	1	Dendritic cell	1.3733773304256633e-247	0	0	0	0	0	0	0	0	0	0	0	0	0	0	0	0	0	0	0	0	0	61	103	0	0	0	0	0	0	0	140	0	129	0	0	0	0.0	1.0	0.0	0.0	0.0	0.0	0.0	0.0	0.0	0.0	2.3894163715147058e-250	0.0	0.0
TGTCCCATCTCTGAGA	10	T cell	0.0	0	0	0	0	0	0	0	0	0	0	0	0	0	0	0	0	0	0	0	0	0	71	111	0	0	141	0	0	0	0	138	128	136	0	0	0	0.0	0.0	0.0	0.0	0.0	0.0	0.0	0.0	0.0	0.0	1.0	0.0	0.0
TGTTCCGTCTTGCAAG	10	T cell	0.0	0	0	0	0	0	0	0	0	0	0	143	0	0	0	0	142	0	0	0	0	0	113	135	0	0	0	0	0	0	142	118	125	134	0	0	0	0.0	0.0	0.0	0.0	0.0	0.0	0.0	0.0	0.0	0.0	1.0	0.0	0.0
TTAGGCAGTGTGAATA	3	Group 2 innate lymphoid cell	0.0	0	0	137	0	59	113	0	0	0	141	142	0	0	0	0	0	0	0	0	0	0	105	0	0	0	0	0	0	0	0	0	131	0	0	0	0	0.0	0.0	0.0	1.0	0.0	0.0	0.0	0.0	0.0	0.0	0.0	0.0	0.0
TTCGGTCAGCGTGAGT	0	B cell	0.0	127	135	0	108	88	122	0	0	0	139	0	0	0	130	0	136	0	0	0	0	0	86	124	0	0	0	0	0	0	0	0	121	120	0	0	0	1.0	0.0	0.0	0.0	0.0	0.0	0.0	0.0	0.0	0.0	0.0	0.0	0.0
TTCTCAACATCAGTCA	12	Other	0.0	0	0	0	144	0	0	0	0	0	0	0	0	0	0	0	0	0	0	0	0	0	0	0	0	0	0	0	0	0	0	0	0	0	0	0	0	0.0	0.0	0.0	0.0	0.0	0.0	0.0	0.0	0.0	0.0	0.0	0.0	1.0
TTTACTGGTGCATCTA	0	B cell	1.1177570912084556e-76	122	121	129	114	105	134	0	0	0	137	0	0	0	0	0	0	0	0	0	0	0	91	0	0	0	0	0	0	0	0	0	0	0	0	0	138	1.0	0.0	0.0	0.0	0.0	0.0	0.0	0.0	0.0	0.0	0.0	0.0	6.207053409578918e-79
TTTATGCGTGACGCCT	1	Dendritic cell	0.0	0	0	134	0	73	120	0	0	0	0	0	0	0	129	0	0	0	0	0	0	0	73	0	0	144	114	0	0	0	0	0	0	0	0	0	0	0.0	1.0	0.0	0.0	0.0	0.0	0.0	0.0	0.0	0.0	0.0	0.0	0.0
TTTCCTCAGGACTGGT	12	Other	4.07315998532533e-121	0	0	0	0	123	0	0	0	0	0	0	0	0	0	0	0	0	0	0	0	0	0	0	0	0	0	0	0	0	0	0	0	0	0	0	0	0.0	0.0	0.0	0.0	0.0	0.0	0.0	0.0	0.0	0.0	1.440025591130651e-123	0.0	1.0
TTTCCTCAGTTGTAGA	12	Other	0.0	0	0	0	0	0	0	0	0	0	0	0	0	0	0	0	0	0	0	0	0	0	118	0	0	0	0	0	0	0	0	0	0	0	0	0	143	0.0	0.0	0.0	0.0	0.0	0.0	0.0	0.0	0.0	0.0	0.0	0.0	1.0
TTTGGTTCACGGTAGA	7	Mesenchymal stem cell	0.0	126	0	136	117	101	0	0	0	0	0	0	0	0	134	0	0	0	139	0	0	0	69	115	0	0	0	0	0	0	0	0	0	0	0	0	0	0.0	0.0	0.0	0.0	0.0	0.0	0.0	1.0	0.0	0.0	0.0	0.0	0.0
TTTGGTTGTCACTTCC	12	Other	0.0	0	0	0	142	0	0	0	0	0	0	0	0	0	0	0	0	0	0	0	0	0	0	0	0	0	0	0	0	0	0	0	0	0	0	0	0	0.0	0.0	0.0	0.0	0.0	0.0	0.0	0.0	0.0	0.0	0.0	0.0	1.0
