barcodes	label_id	label	ent	SELENOP	CHI3L2	APOA1	IGFBP1	IL1B	PRL	LYVE1	KRT8	PAEP	CDH1	NCAM1	HLA-DPA1	HLA-DPB1	HLA-DRA	CD74	MGP	PI15	NDUFA4L2	RGS5	DKK1	CD69	mahalanobis_0	mahalanobis_1	mahalanobis_2	mahalanobis_3	mahalanobis_4	mahalanobis_5	mahalanobis_6	mahalanobis_7	mahalanobis_8	mahalanobis_9	mahalanobis_10
AAACGGGTCAACCATG	2	Decidual stromal cell	0.00010915357990062244	0	0	0	0	0	0	0	0	0	0	0	0	0	0	0	0	0	0	0	335	0	0.0	0.0	0.9999913789598551	0.0	0.0	0.0	0.0	0.0	8.621040142557402e-06	0.0	0.0
AAAGTAGAGTCGTACT	1	Cytotoxic T cell	1.1875012454981492e-103	0	0	0	0	0	0	0	0	0	0	0	0	0	0	0	363	0	0	0	0	0	0.0	1.0	0.0	0.0	0.0	0.0	0.0	0.0	4.897208111876136e-106	0.0	0.0
AAAGTAGGTAAGGGAA	2	Decidual stromal cell	2.14173798007713e-15	0	0	0	0	0	0	0	0	0	0	0	0	0	0	0	0	0	0	0	448	0	0.0	0.0	1.0	0.0	0.0	0.0	0.0	0.0	5.726756298642036e-17	0.0	0.0
AAAGTAGTCCCTAATT	2	Decidual stromal cell	9.174105547818274e-25	0	0	0	429	0	0	0	0	0	0	0	0	0	0	0	0	0	0	0	0	0	0.0	1.5436022236116374e-26	1.0	0.0	0.0	0.0	0.0	0.0	0.0	0.0	0.0
AAAGTAGTCGTGGGAA	1	Cytotoxic T cell	0.0	0	0	0	0	0	0	0	0	434	0	0	0	0	0	0	0	0	0	0	0	0	0.0	1.0	0.0	0.0	0.0	0.0	0.0	0.0	0.0	0.0	0.0
AACCGCGGTCCGAATT	1	Cytotoxic T cell	2.53312034702333e-102	0	0	0	0	0	0	0	0	0	0	0	0	0	0	0	340	0	0	0	0	0	0.0	1.0	0.0	0.0	0.0	0.0	0.0	0.0	1.0580572207669037e-104	0.0	0.0
AACGTTGCACATTTCT	2	Decidual stromal cell	3.847421716287141e-05	0	0	0	0	0	0	0	0	0	0	0	0	0	0	0	0	0	0	0	358	0	0.0	0.0	0.999997209874691	0.0	0.0	0.0	0.0	0.0	2.790125310427473e-06	0.0	0.0
AACTCAGAGGTAAACT	1	Cytotoxic T cell	0.0	0	0	0	0	0	0	0	0	418	0	0	0	0	0	0	0	0	0	0	0	0	0.0	1.0	0.0	0.0	0.0	0.0	0.0	0.0	0.0	0.0	0.0
AACTCAGCAGTCAGCC	2	Decidual stromal cell	8.811444329880639e-16	0	0	0	0	0	0	0	0	0	0	0	0	0	0	0	0	0	0	0	450	0	0.0	0.0	1.0	0.0	0.0	0.0	0.0	0.0	2.299974729880607e-17	0.0	0.0
AACTCAGTCTTGTCAT	10	Other	0.0002684713726911823	0	0	0	0	0	441	0	0	0	0	0	0	0	0	0	0	0	0	0	0	0	0.0	0.0	2.0864577052233305e-10	0.0	0.0	0.0	0.0	2.29837460231967e-05	0.0	0.0	0.9999770160453332
AACTCCCCATTCTCAT	2	Decidual stromal cell	1.91120790209464e-11	0	0	0	0	0	0	0	0	0	0	0	0	0	0	0	0	0	0	0	425	0	0.0	0.0	0.9999999999993392	0.0	0.0	0.0	0.0	0.0	6.579091608450003e-13	0.0	0.0
AACTCTTTCTGGTTCC	1	Cytotoxic T cell	0.0	0	0	0	0	0	0	0	0	0	0	0	0	0	0	0	0	0	0	436	0	0	0.0	1.0	0.0	0.0	0.0	0.0	0.0	0.0	0.0	0.0	0.0
AAGACCTGTCTTCGTC	1	Cytotoxic T cell	2.4712647022104766e-106	0	0	0	0	0	0	0	0	0	0	0	0	0	0	0	409	0	0	0	0	0	0.0	1.0	0.0	0.0	0.0	0.0	0.0	0.0	9.93731002872371e-109	0.0	0.0
AAGACCTTCTCGTATT	1	Cytotoxic T cell	0.0	0	0	0	0	0	0	0	0	0	0	0	0	0	0	0	0	0	0	428	0	0	0.0	1.0	0.0	0.0	0.0	0.0	0.0	0.0	0.0	0.0	0.0
AAGCCGCAGTACCGGA	2	Decidual stromal cell	4.9243554646572813e-05	0	0	0	0	0	0	0	0	0	0	0	0	0	0	0	0	0	0	0	355	0	0.0	0.0	0.9999963585687943	0.0	0.0	0.0	0.0	0.0	3.6414312045131017e-06	0.0	0.0
AAGGAGCAGTTCGCGC	1	Cytotoxic T cell	1.0691189496860675e-104	0	0	0	0	0	0	0	0	0	0	0	0	0	0	0	381	0	0	0	0	0	0.0	1.0	0.0	0.0	0.0	0.0	0.0	0.0	4.365481390171126e-107	0.0	0.0
AATCCAGGTTCACCTC	2	Decidual stromal cell	0.0	0	0	0	450	0	0	0	0	0	0	0	0	0	0	0	0	0	0	0	440	0	0.0	0.0	1.0	0.0	0.0	0.0	0.0	0.0	0.0	0.0	0.0
ACACCAACAACGCACC	2	Decidual stromal cell	1.7089514856621145e-22	0	0	0	369	0	0	0	0	0	0	0	0	0	0	0	0	0	0	0	0	0	0.0	3.158171830869306e-24	1.0	0.0	0.0	0.0	0.0	0.0	0.0	0.0	0.0
ACACCAACATTGGGCC	2	Decidual stromal cell	9.151578041512917e-05	0	0	0	0	0	0	0	0	0	0	0	0	0	0	0	0	0	0	0	344	0	0.0	0.0	0.9999928795550642	0.0	0.0	0.0	0.0	0.0	7.120444932801967e-06	0.0	0.0
ACACCCTCAAGTTCTG	2	Decidual stromal cell	0.0	0	0	0	392	0	433	0	0	0	0	0	0	0	0	0	0	0	0	0	415	0	0.0	0.0	1.0	0.0	0.0	0.0	0.0	0.0	0.0	0.0	0.0
ACACCCTTCGCCCTTA	8	Stromal cell	0.0	0	0	0	0	0	0	0	0	0	0	0	0	0	0	0	344	0	0	0	352	0	0.0	0.0	0.0	0.0	0.0	0.0	0.0	0.0	1.0	0.0	0.0
ACAGCTATCTGGTATG	2	Decidual stromal cell	5.018950012060895e-07	0	0	0	0	0	0	0	0	0	0	0	0	0	0	0	0	0	0	0	388	0	0.0	0.0	0.9999999727500753	0.0	0.0	0.0	0.0	0.0	2.724992628713358e-08	0.0	0.0
ACATACGCAGACACTT	2	Decidual stromal cell	5.8302295315621285e-06	0	0	0	0	0	0	0	0	0	0	0	0	0	0	0	0	0	0	0	374	0	0.0	0.0	0.9999996313086155	0.0	0.0	0.0	0.0	0.0	3.6869138139430324e-07	0.0	0.0
ACATCAGCACTATCTT	1	Cytotoxic T cell	0.0	0	0	0	0	0	0	0	0	410	0	0	0	0	0	0	0	0	0	446	0	0	0.0	1.0	0.0	0.0	0.0	0.0	0.0	0.0	0.0	0.0	0.0
ACATGGTTCGGTTAAC	4	Epithelial cell of endometrial gland	0.0	0	0	0	0	0	0	0	0	0	452	0	0	0	0	0	0	0	0	0	0	0	0.0	0.0	0.0	0.0	1.0	0.0	0.0	0.0	0.0	0.0	0.0
ACCAGTATCAGCATGT	1	Cytotoxic T cell	0.0	0	0	0	0	0	0	0	0	428	0	0	0	0	0	0	0	0	0	0	0	0	0.0	1.0	0.0	0.0	0.0	0.0	0.0	0.0	0.0	0.0	0.0
ACCGTAATCCCTAACC	1	Cytotoxic T cell	0.0	0	0	0	0	0	0	0	0	0	0	0	0	0	0	0	0	0	444	427	0	0	0.0	1.0	0.0	0.0	0.0	0.0	0.0	0.0	0.0	0.0	0.0
ACGAGCCCAACTGCTA	2	Decidual stromal cell	3.2411629008350107e-23	0	0	0	389	0	0	0	0	0	0	0	0	0	0	0	0	0	0	0	0	0	0.0	5.807974069716525e-25	1.0	0.0	0.0	0.0	0.0	0.0	0.0	0.0	0.0
ACGAGCCTCCGAAGAG	2	Decidual stromal cell	6.132054422463131e-07	0	0	0	0	0	0	0	0	0	0	0	0	0	0	0	0	0	0	0	387	0	0.0	0.0	0.9999999663191167	0.0	0.0	0.0	0.0	0.0	3.368088237685609e-08	0.0	0.0
ACGATACTCCACGAAT	1	Cytotoxic T cell	6.393839051683798e-107	0	0	0	0	0	0	0	0	0	0	0	0	0	0	0	419	0	0	0	0	0	0.0	1.0	0.0	0.0	0.0	0.0	0.0	0.0	2.5570967964198547e-109	0.0	0.0
ACGATGTGTCTAGCGC	1	Cytotoxic T cell	2.134367637642549e-105	0	0	0	0	0	0	0	0	0	0	0	0	0	0	0	393	0	0	0	0	0	0.0	1.0	0.0	0.0	0.0	0.0	0.0	0.0	8.657964819856211e-108	0.0	0.0
ACGCCGACATGCCACG	2	Decidual stromal cell	2.1921470758490714e-13	0	0	0	0	0	0	0	0	0	0	0	0	0	0	0	0	0	0	0	437	0	0.0	0.0	0.9999999999999929	0.0	0.0	0.0	0.0	0.0	6.510391508272622e-15	0.0	0.0
ACGGAGATCGTACGGC	2	Decidual stromal cell	3.2511754975565207e-13	0	0	0	0	0	0	0	0	0	0	0	0	0	0	0	0	0	0	0	436	0	0.0	0.0	0.9999999999999929	0.0	0.0	0.0	0.0	0.0	9.775523614149312e-15	0.0	0.0
ACGGGCTGTATAGTAG	1	Cytotoxic T cell	0.0	0	0	0	369	0	0	0	0	0	0	0	0	0	0	0	425	0	0	0	0	0	0.0	1.0	0.0	0.0	0.0	0.0	0.0	0.0	0.0	0.0	0.0
ACTATCTAGCTTCGCG	1	Cytotoxic T cell	8.381321952748757e-107	0	0	0	0	0	0	0	0	0	0	0	0	0	0	0	417	0	0	0	0	0	0.0	1.0	0.0	0.0	0.0	0.0	0.0	0.0	3.355600573385705e-109	0.0	0.0
ACTATCTCATTCACTT	2	Decidual stromal cell	1.0360846814329657e-12	0	0	0	0	0	0	0	0	0	0	0	0	0	0	0	0	0	0	0	433	0	0.0	0.0	0.9999999999999645	0.0	0.0	0.0	0.0	0.0	3.2313949988899476e-14	0.0	0.0
ACTGAACCATCTACGA	2	Decidual stromal cell	4.1928905233388305e-05	0	0	0	0	0	0	0	0	0	0	0	0	0	0	0	0	0	0	0	357	0	0.0	0.0	0.999996938755817	0.0	0.0	0.0	0.0	0.0	3.0612441827553962e-06	0.0	0.0
ACTGAGTTCAACGGGA	2	Decidual stromal cell	0.0	0	0	0	442	0	0	0	0	0	0	0	0	0	0	0	0	0	0	0	432	0	0.0	0.0	1.0	0.0	0.0	0.0	0.0	0.0	0.0	0.0	0.0
ACTGCTCGTCCGTTAA	2	Decidual stromal cell	1.34627804368018e-11	0	0	0	0	0	0	0	0	0	0	0	0	0	0	0	0	0	0	0	426	0	0.0	0.0	0.9999999999995453	0.0	0.0	0.0	0.0	0.0	4.577261440240281e-13	0.0	0.0
ACTTGTTCATACGCTA	2	Decidual stromal cell	2.9067522751541315e-05	0	0	0	0	0	0	0	0	0	0	0	0	0	0	0	0	0	0	0	361	0	0.0	0.0	0.9999979372237208	0.0	0.0	0.0	0.0	0.0	2.0627762824934955e-06	0.0	0.0
ACTTGTTGTCTCTTAT	2	Decidual stromal cell	9.637463616623465e-23	0	0	0	376	0	0	0	0	0	0	0	0	0	0	0	0	0	0	0	0	0	0.0	1.762018657421036e-24	1.0	0.0	0.0	0.0	0.0	0.0	0.0	0.0	0.0
AGAATAGTCCAAACTG	2	Decidual stromal cell	1.4577268896436257e-24	0	0	0	424	0	0	0	0	0	0	0	0	0	0	0	0	0	0	0	0	0	0.0	2.4723134451408046e-26	1.0	0.0	0.0	0.0	0.0	0.0	0.0	0.0	0.0
AGAGCGAAGATAGGAG	2	Decidual stromal cell	1.5750523905380311e-06	0	0	0	0	0	0	0	0	0	0	0	0	0	0	0	0	0	0	0	382	0	0.0	0.0	0.9999999084618281	0.0	0.0	0.0	0.0	0.0	9.153816853241328e-08	0.0	0.0
AGAGCTTAGTGAATTG	1	Cytotoxic T cell	0.0	0	0	0	0	0	0	0	0	0	0	0	0	0	0	0	0	0	0	445	0	0	0.0	1.0	0.0	0.0	0.0	0.0	0.0	0.0	0.0	0.0	0.0
AGAGTGGGTCTTGCGG	1	Cytotoxic T cell	0.0	0	0	0	0	0	0	0	0	421	0	0	0	0	0	0	0	0	0	0	0	0	0.0	1.0	0.0	0.0	0.0	0.0	0.0	0.0	0.0	0.0	0.0
AGATCTGAGCCCAACC	5	Natural killer cell	0.0	0	0	0	0	0	0	0	0	0	0	452	0	0	0	0	0	0	0	0	0	0	0.0	0.0	0.0	0.0	0.0	1.0	0.0	0.0	0.0	0.0	0.0
AGATTGCCATCAGTAC	1	Cytotoxic T cell	0.0	0	0	0	0	0	0	0	0	439	0	0	0	0	0	0	0	0	0	0	0	0	0.0	1.0	0.0	0.0	0.0	0.0	0.0	0.0	0.0	0.0	0.0
AGATTGCGTATAAACG	2	Decidual stromal cell	6.49643526020508e-05	0	0	0	0	0	0	0	0	0	0	0	0	0	0	0	0	0	0	0	351	0	0.0	0.0	0.9999950872707	0.0	0.0	0.0	0.0	0.0	4.9127293027547015e-06	0.0	0.0
AGATTGCGTCGGCTCA	1	Cytotoxic T cell	1.0985091846716088e-106	0	0	0	0	0	0	0	0	0	0	0	0	0	0	0	415	0	0	0	0	0	0.0	1.0	0.0	0.0	0.0	0.0	0.0	0.0	4.402850843013072e-109	0.0	0.0
AGCATACCAGACACTT	2	Decidual stromal cell	9.844860491473665e-14	0	0	0	0	0	0	0	0	0	0	0	0	0	0	0	0	0	0	0	439	0	0.0	0.0	1.0	0.0	0.0	0.0	0.0	0.0	2.853427778509942e-15	0.0	0.0
AGCCTAACATCACGTA	1	Cytotoxic T cell	0.0	0	0	0	0	0	0	0	0	0	0	0	0	0	0	0	0	0	447	0	0	0	0.0	1.0	0.0	0.0	0.0	0.0	0.0	0.0	0.0	0.0	0.0
AGCGGTCGTACCATCA	2	Decidual stromal cell	3.203460523134344e-05	0	0	0	0	0	0	0	0	0	0	0	0	0	0	0	0	0	0	0	360	0	0.0	0.0	0.9999977096556245	0.0	0.0	0.0	0.0	0.0	2.290344373511587e-06	0.0	0.0
AGCTCCTGTTGAGTTC	1	Cytotoxic T cell	0.0	0	0	0	0	0	0	0	0	440	0	0	0	0	0	0	0	0	0	0	0	0	0.0	1.0	0.0	0.0	0.0	0.0	0.0	0.0	0.0	0.0	0.0
AGGCCACTCTGTCTAT	1	Cytotoxic T cell	6.393839051683798e-107	0	0	0	0	0	0	0	0	0	0	0	0	0	0	0	419	0	0	0	0	0	0.0	1.0	0.0	0.0	0.0	0.0	0.0	0.0	2.5570967964198547e-109	0.0	0.0
AGGCCGTCAATGAAAC	1	Cytotoxic T cell	2.8160453224161356e-108	0	0	0	0	0	0	0	0	0	0	0	0	0	0	0	442	0	0	0	0	0	0.0	1.0	0.0	0.0	0.0	0.0	0.0	0.0	1.112279063929187e-110	0.0	0.0
AGGTCCGCAAGTCTAC	8	Stromal cell	0.0	0	0	0	0	0	0	0	0	0	0	0	0	0	0	0	355	0	0	0	379	0	0.0	0.0	0.0	0.0	0.0	0.0	0.0	0.0	1.0	0.0	0.0
AGTCTTTGTCGAAAGC	1	Cytotoxic T cell	0.0	0	0	0	0	0	0	0	0	0	0	0	0	0	0	0	0	0	0	443	0	0	0.0	1.0	0.0	0.0	0.0	0.0	0.0	0.0	0.0	0.0	0.0
AGTGTCAAGGCCCTCA	2	Decidual stromal cell	1.3293133705384464e-24	0	0	0	425	0	0	0	0	0	0	0	0	0	0	0	0	0	0	0	0	0	0.0	2.250942228736762e-26	1.0	0.0	0.0	0.0	0.0	0.0	0.0	0.0	0.0
AGTTGGTAGAAGGTGA	2	Decidual stromal cell	0.0	0	0	437	360	0	0	0	0	0	0	0	0	0	0	0	0	0	0	0	333	0	0.0	0.0	1.0	0.0	0.0	0.0	0.0	0.0	0.0	0.0	0.0
ATCACGAAGCAGGCTA	1	Cytotoxic T cell	0.0	0	0	0	0	0	0	0	0	445	0	0	0	0	0	0	0	0	0	0	0	0	0.0	1.0	0.0	0.0	0.0	0.0	0.0	0.0	0.0	0.0	0.0
ATCCACCTCGTTGCCT	1	Cytotoxic T cell	7.320564450879168e-107	0	0	0	0	0	0	0	0	0	0	0	0	0	0	0	418	0	0	0	0	0	0.0	1.0	0.0	0.0	0.0	0.0	0.0	0.0	2.9293154108251998e-109	0.0	0.0
ATCGAGTAGCCCTAAT	1	Cytotoxic T cell	1.2432865776254468e-108	0	0	0	0	0	0	0	0	0	0	0	0	0	0	0	448	0	0	0	0	0	0.0	1.0	0.0	0.0	0.0	0.0	0.0	0.0	4.894852920826499e-111	0.0	0.0
ATCTACTGTTTGACTG	1	Cytotoxic T cell	2.0890915143788934e-104	0	0	0	0	0	0	0	0	0	0	0	0	0	0	0	376	0	0	0	0	0	0.0	1.0	0.0	0.0	0.0	0.0	0.0	0.0	8.55377935621282e-107	0.0	0.0
ATCTACTTCGTCTGCT	1	Cytotoxic T cell	0.0	0	0	0	0	0	0	0	0	447	0	0	0	0	0	0	0	0	0	0	0	0	0.0	1.0	0.0	0.0	0.0	0.0	0.0	0.0	0.0	0.0	0.0
ATGCGATTCTGCCAGG	1	Cytotoxic T cell	0.0	0	0	0	0	0	0	0	0	400	0	0	0	0	0	0	0	0	0	0	0	0	0.0	1.0	0.0	0.0	0.0	0.0	0.0	0.0	0.0	0.0	0.0
ATTACTCCAAACCCAT	2	Decidual stromal cell	1.196052356333007e-08	0	0	0	0	0	0	0	0	0	0	0	0	0	0	0	0	0	0	0	404	0	0.0	0.0	0.9999999994648121	0.0	0.0	0.0	0.0	0.0	5.351845540256779e-10	0.0	0.0
ATTACTCCATTCCTCG	1	Cytotoxic T cell	0.0	0	0	0	0	0	0	0	0	0	0	0	0	0	0	0	0	0	0	448	0	0	0.0	1.0	0.0	0.0	0.0	0.0	0.0	0.0	0.0	0.0	0.0
ATTATCCCATCTGGTA	1	Cytotoxic T cell	3.1945506594029887e-105	0	0	0	0	0	0	0	0	0	0	0	0	0	0	0	390	0	0	0	0	0	0.0	1.0	0.0	0.0	0.0	0.0	0.0	0.0	1.297986875872816e-107	0.0	0.0
ATTCTACAGCTAAACA	2	Decidual stromal cell	8.452199243110144e-05	0	0	0	0	0	0	0	0	0	0	0	0	0	0	0	0	0	0	0	346	0	0.0	0.0	0.9999934675150889	0.0	0.0	0.0	0.0	0.0	6.532484913239516e-06	0.0	0.0
ATTCTACCACAAGTAA	2	Decidual stromal cell	3.124920931550785e-06	0	0	0	0	0	0	0	0	0	0	0	0	0	0	0	0	0	0	0	378	0	0.0	0.0	0.9999998103595582	0.0	0.0	0.0	0.0	0.0	1.896404394946455e-07	0.0	0.0
ATTGGTGCACTTACGA	2	Decidual stromal cell	6.77988047015128e-24	0	0	0	407	0	0	0	0	0	0	0	0	0	0	0	0	0	0	0	0	0	0.0	1.1812030704953885e-25	1.0	0.0	0.0	0.0	0.0	0.0	0.0	0.0	0.0
ATTTCTGAGCACACAG	4	Epithelial cell of endometrial gland	0.0	0	0	0	0	0	0	0	448	0	0	0	0	0	0	0	0	0	0	0	0	0	0.0	0.0	0.0	0.0	1.0	0.0	0.0	0.0	0.0	0.0	0.0
ATTTCTGGTAAATGTG	1	Cytotoxic T cell	0.0	0	0	0	0	0	0	0	0	0	0	0	0	0	0	0	410	0	0	441	0	0	0.0	1.0	0.0	0.0	0.0	0.0	0.0	0.0	0.0	0.0	0.0
ATTTCTGGTGAGTATA	2	Decidual stromal cell	1.0926137323268922e-06	0	0	0	0	0	0	0	0	0	0	0	0	0	0	0	0	0	0	0	384	0	0.0	0.0	0.9999999379003573	0.0	0.0	0.0	0.0	0.0	6.20996415506655e-08	0.0	0.0
CAACTAGCAAGGTGTG	6	Professional antigen presenting cell	1.8707955658834997e-56	0	0	0	0	0	0	0	0	0	0	0	450	0	0	0	0	0	0	0	0	0	0.0	1.404392253537603e-58	0.0	0.0	0.0	0.0	1.0	0.0	0.0	0.0	0.0
CAAGAAAGTCATCGGC	2	Decidual stromal cell	4.301206472126203e-06	0	0	0	0	0	0	0	0	0	0	0	0	0	0	0	0	0	0	0	376	0	0.0	0.0	0.9999997334697213	0.0	0.0	0.0	0.0	0.0	2.66530281609867e-07	0.0	0.0
CAAGATCGTTCCGTCT	1	Cytotoxic T cell	5.875180627609838e-103	0	0	0	0	0	0	0	0	0	0	0	0	0	0	0	351	0	0	0	0	0	0.0	1.0	0.0	0.0	0.0	0.0	0.0	0.0	2.4390505119299406e-105	0.0	0.0
CAAGGCCAGACAAAGG	1	Cytotoxic T cell	0.0	0	0	0	0	0	0	0	0	438	0	0	0	0	0	0	0	0	0	0	0	0	0.0	1.0	0.0	0.0	0.0	0.0	0.0	0.0	0.0	0.0	0.0
CAAGGCCAGTCTCAAC	1	Cytotoxic T cell	8.257255620154988e-109	0	0	0	0	0	0	0	0	0	0	0	0	0	0	0	451	0	0	0	0	0	0.0	1.0	0.0	0.0	0.0	0.0	0.0	0.0	3.2456537387347202e-111	0.0	0.0
CAAGGCCCATGGTTGT	1	Cytotoxic T cell	0.0	0	0	0	0	0	0	0	0	0	0	0	0	0	0	0	0	0	446	430	0	0	0.0	1.0	0.0	0.0	0.0	0.0	0.0	0.0	0.0	0.0	0.0
CAAGGCCCATGTCGAT	2	Decidual stromal cell	4.091947392027151e-07	0	0	0	0	0	0	0	0	0	0	0	0	0	0	0	0	0	0	0	389	0	0.0	0.0	0.9999999780404993	0.0	0.0	0.0	0.0	0.0	2.195949815104945e-08	0.0	0.0
CACAAACAGCTATGCT	1	Cytotoxic T cell	8.755528965684683e-103	0	0	0	0	0	0	0	0	0	0	0	0	0	0	0	348	0	0	0	0	0	0.0	1.0	0.0	0.0	0.0	0.0	0.0	0.0	3.640867275792213e-105	0.0	0.0
CACACAAAGCTGCCCA	1	Cytotoxic T cell	1.5506523028752083e-103	0	0	0	0	0	0	0	0	0	0	0	0	0	0	0	361	0	0	0	0	0	0.0	1.0	0.0	0.0	0.0	0.0	0.0	0.0	6.401902361093292e-106	0.0	0.0
CACACCTTCCGTCATC	6	Professional antigen presenting cell	8.151277401351612e-57	0	0	0	0	0	0	0	0	0	0	0	452	0	0	0	0	0	0	0	0	0	0.0	6.080893246242068e-59	0.0	0.0	0.0	0.0	1.0	0.0	0.0	0.0	0.0
CACACTCTCGGCTTGG	8	Stromal cell	0.0	0	0	0	0	0	0	0	0	0	0	0	0	0	0	0	342	0	0	0	348	0	0.0	0.0	0.0	0.0	0.0	0.0	0.0	0.0	1.0	0.0	0.0
CACAGGCCATATACCG	2	Decidual stromal cell	6.933845027352377e-10	0	0	0	0	0	0	0	0	0	0	0	0	0	0	0	0	0	0	0	414	0	0.0	0.0	0.9999999999726157	0.0	0.0	0.0	0.0	0.0	2.7383694874428752e-11	0.0	0.0
CACAGTATCTCTAAGG	1	Cytotoxic T cell	0.0	0	0	0	0	0	0	0	0	0	0	0	0	0	0	0	354	0	0	426	0	0	0.0	1.0	0.0	0.0	0.0	0.0	0.0	0.0	0.0	0.0	0.0
CACATTTAGAGCTGCA	1	Cytotoxic T cell	3.1945506594029887e-105	0	0	0	0	0	0	0	0	0	0	0	0	0	0	0	390	0	0	0	0	0	0.0	1.0	0.0	0.0	0.0	0.0	0.0	0.0	1.297986875872816e-107	0.0	0.0
CACCACTGTAGCCTCG	1	Cytotoxic T cell	0.0	0	0	0	0	0	0	0	0	0	0	0	0	0	0	0	395	0	443	0	0	0	0.0	1.0	0.0	0.0	0.0	0.0	0.0	0.0	0.0	0.0	0.0
CACCACTTCCGAAGAG	10	Other	0.0002684788624924479	0	0	0	0	452	451	0	0	0	0	0	0	0	0	0	0	0	0	0	0	0	0.0	0.0	0.0	0.0	0.0	0.0	0.0	2.2984902245648997e-05	0.0	0.0	0.9999770150977609
CAGAATCTCTTGGGTA	1	Cytotoxic T cell	1.598194516241888e-104	0	0	0	0	0	0	0	0	0	0	0	0	0	0	0	378	0	0	0	0	0	0.0	1.0	0.0	0.0	0.0	0.0	0.0	0.0	6.536604621301239e-107	0.0	0.0
CAGAGAGTCTGTCCGT	2	Decidual stromal cell	0.0	0	0	0	401	0	435	0	0	0	0	0	0	0	0	0	0	0	0	0	0	0	0.0	0.0	1.0	0.0	0.0	0.0	0.0	0.0	0.0	0.0	0.0
CAGCAGCTCGCACTCT	2	Decidual stromal cell	2.1123978492545672e-23	0	0	0	394	0	0	0	0	0	0	0	0	0	0	0	0	0	0	0	0	0	0.0	3.7559559102481184e-25	1.0	0.0	0.0	0.0	0.0	0.0	0.0	0.0	0.0
CAGCGACGTCCTCTTG	8	Stromal cell	0.0	0	0	0	0	0	0	0	0	0	0	0	0	0	0	0	339	0	0	0	394	0	0.0	0.0	0.0	0.0	0.0	0.0	0.0	0.0	1.0	0.0	0.0
CAGCTAAGTTATGTGC	2	Decidual stromal cell	3.4758234060846056e-21	0	0	0	330	0	0	0	0	0	0	0	0	0	0	0	0	0	0	0	0	0	0.0	6.809853876664553e-23	1.0	0.0	0.0	0.0	0.0	0.0	0.0	0.0	0.0
CAGCTAATCGGAGGTA	2	Decidual stromal cell	0.0	0	0	0	430	0	432	0	0	0	0	0	0	0	0	0	0	0	0	0	408	0	0.0	0.0	1.0	0.0	0.0	0.0	0.0	0.0	0.0	0.0	0.0
CAGGTGCGTTAAGTAG	1	Cytotoxic T cell	0.0	0	0	0	0	0	0	0	0	419	0	0	0	0	0	0	0	0	0	0	0	0	0.0	1.0	0.0	0.0	0.0	0.0	0.0	0.0	0.0	0.0	0.0
CAGTAACAGCTGTTCA	6	Professional antigen presenting cell	0.0	0	0	0	0	0	0	0	0	0	0	0	0	0	450	0	0	0	0	0	0	0	0.0	0.0	0.0	0.0	0.0	0.0	1.0	0.0	0.0	0.0	0.0
CAGTAACCAGTATCTG	2	Decidual stromal cell	1.2554618018889916e-23	0	0	0	400	0	0	0	0	0	0	0	0	0	0	0	0	0	0	0	0	0	0.0	2.2114499796560843e-25	1.0	0.0	0.0	0.0	0.0	0.0	0.0	0.0	0.0
CAGTCCTAGGACATTA	8	Stromal cell	0.0	0	0	0	0	0	0	0	0	0	0	0	0	0	0	0	337	0	0	0	339	0	0.0	0.0	0.0	0.0	0.0	0.0	0.0	0.0	1.0	0.0	0.0
CATCAAGAGAACTGTA	1	Cytotoxic T cell	0.0	0	0	0	0	0	0	0	0	435	0	0	0	0	0	0	0	0	0	0	0	0	0.0	1.0	0.0	0.0	0.0	0.0	0.0	0.0	0.0	0.0	0.0
CATCAAGCATCACGAT	2	Decidual stromal cell	5.306039497938158e-09	0	0	0	0	0	0	0	0	0	0	0	0	0	0	0	0	0	0	0	407	0	0.0	0.0	0.9999999997712763	0.0	0.0	0.0	0.0	0.0	2.2872330936755903e-10	0.0	0.0
CATCAAGTCTGCTGTC	1	Cytotoxic T cell	9.464459421774803e-109	0	0	0	0	0	0	0	0	0	0	0	0	0	0	0	450	0	0	0	0	0	0.0	1.0	0.0	0.0	0.0	0.0	0.0	0.0	3.7221698237717405e-111	0.0	0.0
CATCAGAAGTCATGCT	2	Decidual stromal cell	2.1663308392335092e-07	0	0	0	0	0	0	0	0	0	0	0	0	0	0	0	0	0	0	0	392	0	0.0	0.0	0.9999999887786545	0.0	0.0	0.0	0.0	0.0	1.1221344497633267e-08	0.0	0.0
CATCCACCAGTAGAGC	1	Cytotoxic T cell	1.1421292376330483e-102	0	0	0	0	0	0	0	0	0	0	0	0	0	0	0	346	0	0	0	0	0	0.0	1.0	0.0	0.0	0.0	0.0	0.0	0.0	4.754665759699485e-105	0.0	0.0
CATCGAAAGGACAGCT	1	Cytotoxic T cell	0.0	0	0	0	0	0	0	0	0	422	0	0	0	0	0	0	0	0	0	0	0	0	0.0	1.0	0.0	0.0	0.0	0.0	0.0	0.0	0.0	0.0	0.0
CATCGAATCGCGCCAA	6	Professional antigen presenting cell	0.0	0	0	0	0	0	0	0	0	0	0	0	0	0	451	0	0	0	0	0	0	0	0.0	0.0	0.0	0.0	0.0	0.0	1.0	0.0	0.0	0.0	0.0
CATCGGGCATGCCTAA	1	Cytotoxic T cell	0.0	0	0	0	0	0	0	0	0	0	0	0	0	0	0	0	0	0	0	442	0	0	0.0	1.0	0.0	0.0	0.0	0.0	0.0	0.0	0.0	0.0	0.0
CATCGGGGTACTTGAC	1	Cytotoxic T cell	7.149705951543672e-105	0	0	0	0	0	0	0	0	0	0	0	0	0	0	0	384	0	0	0	0	0	0.0	1.0	0.0	0.0	0.0	0.0	0.0	0.0	2.914596663909988e-107	0.0	0.0
CATCGGGGTCTCTCTG	1	Cytotoxic T cell	1.084778291425001e-108	0	0	0	0	0	0	0	0	0	0	0	0	0	0	0	449	0	0	0	0	0	0.0	1.0	0.0	0.0	0.0	0.0	0.0	0.0	4.2685005104048085e-111	0.0	0.0
CATGACATCTTCGGTC	4	Epithelial cell of endometrial gland	0.0	0	0	0	0	0	0	0	0	0	0	0	0	0	0	0	0	451	0	0	0	0	0.0	0.0	0.0	0.0	1.0	0.0	0.0	0.0	0.0	0.0	0.0
CATGGCGAGGATCGCA	2	Decidual stromal cell	2.770640529511302e-22	0	0	0	363	0	0	0	0	0	0	0	0	0	0	0	0	0	0	0	0	0	0.0	5.16720533726153e-24	1.0	0.0	0.0	0.0	0.0	0.0	0.0	0.0	0.0
CATTCGCCAGGGTTAG	2	Decidual stromal cell	4.2832806677029605e-08	0	0	0	0	0	0	0	0	0	0	0	0	0	0	0	0	0	0	0	399	0	0.0	0.0	0.9999999979614103	0.0	0.0	0.0	0.0	0.0	2.0385888511642453e-09	0.0	0.0
CCAATCCCACCCATGG	1	Cytotoxic T cell	0.0	0	0	0	0	0	0	0	0	449	0	0	0	0	0	0	0	0	0	0	0	0	0.0	1.0	0.0	0.0	0.0	0.0	0.0	0.0	0.0	0.0	0.0
CCAATCCGTAGCGTGA	1	Cytotoxic T cell	0.0	0	451	0	428	0	0	0	0	0	0	0	0	0	0	0	0	0	0	0	0	0	0.0	1.0	0.0	0.0	0.0	0.0	0.0	0.0	0.0	0.0	0.0
CCACGGAAGGTGATAT	1	Cytotoxic T cell	3.704893373271615e-106	0	0	0	0	0	0	0	0	0	0	0	0	0	0	0	406	0	0	0	0	0	0.0	1.0	0.0	0.0	0.0	0.0	0.0	0.0	1.4922303515308708e-108	0.0	0.0
CCACGGACATCGGTTA	2	Decidual stromal cell	1.8303598129824698e-25	0	0	0	446	0	0	0	0	0	0	0	0	0	0	0	0	0	0	0	0	0	0.0	2.99704395858401e-27	1.0	0.0	0.0	0.0	0.0	0.0	0.0	0.0	0.0
CCACTACCACATCCAA	1	Cytotoxic T cell	1.4255893494698492e-105	0	0	0	0	0	0	0	0	0	0	0	0	0	0	0	396	0	0	0	0	0	0.0	1.0	0.0	0.0	0.0	0.0	0.0	0.0	5.7733479179154455e-108	0.0	0.0
CCACTACGTGGCTCCA	2	Decidual stromal cell	4.548625884962251e-23	0	0	0	385	0	0	0	0	0	0	0	0	0	0	0	0	0	0	0	0	0	0.0	8.201589127207565e-25	1.0	0.0	0.0	0.0	0.0	0.0	0.0	0.0	0.0
CCACTACTCTTTAGGG	9	T cell	0.0	0	0	0	0	0	0	0	0	0	0	0	0	0	0	0	0	0	0	0	0	452	0.0	0.0	0.0	0.0	0.0	0.0	0.0	0.0	0.0	1.0	0.0
CCAGCGAGTACTCGCG	4	Epithelial cell of endometrial gland	0.0	0	0	0	0	0	0	0	450	0	0	0	0	0	0	0	0	0	0	0	0	0	0.0	0.0	0.0	0.0	1.0	0.0	0.0	0.0	0.0	0.0	0.0
CCCAATCAGCCCTAAT	2	Decidual stromal cell	0.0	0	0	445	402	0	0	0	0	0	0	0	0	0	0	0	0	0	0	0	0	0	0.0	0.0	1.0	0.0	0.0	0.0	0.0	0.0	0.0	0.0	0.0
CCCAGTTCACGTCTCT	2	Decidual stromal cell	0.0	0	0	442	443	0	0	0	0	0	0	0	0	0	0	0	0	0	0	0	0	0	0.0	0.0	1.0	0.0	0.0	0.0	0.0	0.0	0.0	0.0	0.0
CCCATACCATCCGCGA	2	Decidual stromal cell	0.0	0	0	0	329	0	0	0	0	0	0	0	0	0	0	0	0	0	0	0	423	0	0.0	0.0	1.0	0.0	0.0	0.0	0.0	0.0	0.0	0.0	0.0
CCCATACGTCCTCTTG	1	Cytotoxic T cell	0.0	0	0	0	0	0	0	0	0	0	0	0	0	0	0	0	0	0	0	435	0	0	0.0	1.0	0.0	0.0	0.0	0.0	0.0	0.0	0.0	0.0	0.0
CCCATACGTGCCTGCA	2	Decidual stromal cell	1.5982257249611638e-24	0	0	0	423	0	0	0	0	0	0	0	0	0	0	0	0	0	0	0	0	0	0.0	2.7149103299629034e-26	1.0	0.0	0.0	0.0	0.0	0.0	0.0	0.0	0.0
CCCTCCTTCCACGACG	2	Decidual stromal cell	1.314379137727505e-06	0	0	0	0	0	0	0	0	0	0	0	0	0	0	0	0	0	0	0	383	0	0.0	0.0	0.9999999244545947	0.0	0.0	0.0	0.0	0.0	7.554540478091651e-08	0.0	0.0
CCGGGATAGATAGGAG	2	Decidual stromal cell	3.6256716344280805e-24	0	0	0	414	0	0	0	0	0	0	0	0	0	0	0	0	0	0	0	0	0	0.0	6.24738265208904e-26	1.0	0.0	0.0	0.0	0.0	0.0	0.0	0.0	0.0
CCGGGATGTGTTTGGT	1	Cytotoxic T cell	4.852200901884743e-106	0	0	0	0	0	0	0	0	0	0	0	0	0	0	0	404	0	0	0	0	0	0.0	1.0	0.0	0.0	0.0	0.0	0.0	0.0	1.9564691259338393e-108	0.0	0.0
CCGGGATGTTGGGACA	8	Stromal cell	0.0	0	0	0	318	0	427	0	0	401	0	0	0	0	0	0	0	0	0	0	371	0	0.0	0.0	0.0	0.0	0.0	0.0	0.0	0.0	1.0	0.0	0.0
CCGGTAGCACTCTGTC	6	Professional antigen presenting cell	1.2572926659618735e-57	0	0	0	0	0	0	0	0	0	0	0	0	0	0	451	0	0	0	0	0	0	0.0	9.249523511774487e-60	0.0	0.0	0.0	0.0	1.0	0.0	0.0	0.0	0.0
CCGTACTAGACTCGGA	2	Decidual stromal cell	3.344973168400431e-08	0	0	0	0	0	0	0	0	0	0	0	0	0	0	0	0	0	0	0	400	0	0.0	0.0	0.9999999984274126	0.0	0.0	0.0	0.0	0.0	1.5725845817848826e-09	0.0	0.0
CCGTGGATCTGTCAAG	2	Decidual stromal cell	1.2650208403234866e-09	0	0	0	0	0	0	0	0	0	0	0	0	0	0	0	0	0	0	0	412	0	0.0	0.0	0.999999999948777	0.0	0.0	0.0	0.0	0.0	5.1226264202672435e-11	0.0	0.0
CCTAAAGCATTGGCGC	2	Decidual stromal cell	0.0	0	0	0	328	0	424	0	0	0	0	0	0	0	0	0	0	0	0	0	334	0	0.0	0.0	1.0	0.0	0.0	0.0	0.0	0.0	0.0	0.0	0.0
CCTAAAGGTTCCCTTG	1	Cytotoxic T cell	1.7011893798929871e-102	0	0	0	0	0	0	0	0	0	0	0	0	0	0	0	343	0	0	0	0	0	0.0	1.0	0.0	0.0	0.0	0.0	0.0	0.0	7.09383977622559e-105	0.0	0.0
CCTACACAGCCGTCGT	2	Decidual stromal cell	0.0	0	0	0	358	0	0	0	0	0	0	0	0	0	0	0	0	0	0	0	442	0	0.0	0.0	1.0	0.0	0.0	0.0	0.0	0.0	0.0	0.0	0.0
CCTACCAAGTAAGTAC	1	Cytotoxic T cell	7.665554644061187e-103	0	0	0	0	0	0	0	0	0	0	0	0	0	0	0	349	0	0	0	0	0	0.0	1.0	0.0	0.0	0.0	0.0	0.0	0.0	3.1858476808427606e-105	0.0	0.0
CCTAGCTCACTCTGTC	2	Decidual stromal cell	2.3664704386940095e-05	0	0	0	0	0	0	0	0	0	0	0	0	0	0	0	0	0	0	0	363	0	0.0	0.0	0.99999834659054	0.0	0.0	0.0	0.0	0.0	1.6534094615824275e-06	0.0	0.0
CCTCTGAGTCTGGTCG	2	Decidual stromal cell	2.7643077086437487e-24	0	0	0	417	0	0	0	0	0	0	0	0	0	0	0	0	0	0	0	0	0	0.0	4.7406246612117487e-26	1.0	0.0	0.0	0.0	0.0	0.0	0.0	0.0	0.0
CCTTCCCAGAAGGGTA	2	Decidual stromal cell	3.0003012287239124e-21	0	0	0	332	0	0	0	0	0	0	0	0	0	0	0	0	0	0	0	0	0	0.0	5.860977475973697e-23	1.0	0.0	0.0	0.0	0.0	0.0	0.0	0.0	0.0
CCTTCCCAGTCCGTAT	1	Cytotoxic T cell	3.1213131484628277e-104	0	0	0	0	0	0	0	0	0	0	0	0	0	0	0	373	0	0	0	0	0	0.0	1.0	0.0	0.0	0.0	0.0	0.0	0.0	1.2801340473431858e-106	0.0	0.0
CCTTCGACACCAGGCT	1	Cytotoxic T cell	0.0	0	0	0	0	0	0	0	0	0	0	0	0	0	0	0	0	0	450	0	0	0	0.0	1.0	0.0	0.0	0.0	0.0	0.0	0.0	0.0	0.0	0.0
CCTTCGAGTCTGCCAG	1	Cytotoxic T cell	2.457530156506861e-108	0	0	0	0	0	0	0	0	0	0	0	0	0	0	0	443	0	0	0	0	0	0.0	1.0	0.0	0.0	0.0	0.0	0.0	0.0	9.701491819169261e-111	0.0	0.0
CCTTCGATCTCGGACG	2	Decidual stromal cell	1.1362456611947732e-22	0	0	0	374	0	0	0	0	0	0	0	0	0	0	0	0	0	0	0	0	0	0.0	2.083789429852164e-24	1.0	0.0	0.0	0.0	0.0	0.0	0.0	0.0	0.0
CCTTTCTCAATGAAAC	1	Cytotoxic T cell	0.0	0	0	0	0	0	0	0	0	425	0	0	0	0	0	0	0	0	0	0	0	0	0.0	1.0	0.0	0.0	0.0	0.0	0.0	0.0	0.0	0.0	0.0
CCTTTCTCATTCTCAT	2	Decidual stromal cell	9.3842135593556e-10	0	0	0	0	0	0	0	0	0	0	0	0	0	0	0	0	0	0	0	413	0	0.0	0.0	0.9999999999624691	0.0	0.0	0.0	0.0	0.0	3.7527943134593524e-11	0.0	0.0
CGAACATGTTATGTGC	1	Cytotoxic T cell	3.6972300228058635e-108	0	0	0	0	0	0	0	0	0	0	0	0	0	0	0	440	0	0	0	0	0	0.0	1.0	0.0	0.0	0.0	0.0	0.0	0.0	1.4619068816619775e-110	0.0	0.0
CGACCTTTCCGCGTTT	2	Decidual stromal cell	0.0	0	0	0	421	0	440	0	0	0	0	0	0	0	0	0	0	0	0	0	449	0	0.0	0.0	1.0	0.0	0.0	0.0	0.0	0.0	0.0	0.0	0.0
CGAGCCAAGCGCTTAT	1	Cytotoxic T cell	0.0	0	0	0	0	0	0	0	0	451	0	0	0	0	0	0	0	0	0	0	0	0	0.0	1.0	0.0	0.0	0.0	0.0	0.0	0.0	0.0	0.0	0.0
CGAGCCAGTCACAAGG	1	Cytotoxic T cell	0.0	0	0	0	0	0	0	0	0	415	0	0	0	0	0	0	357	0	0	0	0	0	0.0	1.0	0.0	0.0	0.0	0.0	0.0	0.0	0.0	0.0	0.0
CGATCGGGTTACCGAT	2	Decidual stromal cell	5.463267604675066e-08	0	0	0	0	0	0	0	0	0	0	0	0	0	0	0	0	0	0	0	398	0	0.0	0.0	0.9999999973677873	0.0	0.0	0.0	0.0	0.0	2.6322096954032157e-09	0.0	0.0
CGATGTAAGTCCAGGA	1	Cytotoxic T cell	1.3570058166015347e-103	0	0	0	0	0	0	0	0	0	0	0	0	0	0	0	362	0	0	0	0	0	0.0	1.0	0.0	0.0	0.0	0.0	0.0	0.0	5.599332087112162e-106	0.0	0.0
CGATGTACAAGCCGTC	1	Cytotoxic T cell	0.0	0	0	0	0	0	0	0	0	0	0	0	0	0	0	0	0	0	0	440	0	0	0.0	1.0	0.0	0.0	0.0	0.0	0.0	0.0	0.0	0.0	0.0
CGATGTACATTTCACT	2	Decidual stromal cell	2.5575352528115615e-22	0	0	0	364	0	0	0	0	0	0	0	0	0	0	0	0	0	0	0	0	0	0.0	4.76252332635271e-24	1.0	0.0	0.0	0.0	0.0	0.0	0.0	0.0	0.0
CGATGTAGTACACCGC	1	Cytotoxic T cell	2.0245808206741837e-103	0	0	0	0	0	0	0	0	0	0	0	0	0	0	0	359	0	0	0	0	0	0.0	1.0	0.0	0.0	0.0	0.0	0.0	0.0	8.367778071664107e-106	0.0	0.0
CGATGTAGTGATGTCT	2	Decidual stromal cell	9.158121345776649e-09	0	0	0	0	0	0	0	0	0	0	0	0	0	0	0	0	0	0	0	405	0	0.0	0.0	0.9999999995952749	0.0	0.0	0.0	0.0	0.0	4.047286802906569e-10	0.0	0.0
CGATGTAGTTCTCATT	2	Decidual stromal cell	0.0	0	0	0	343	0	439	0	0	0	0	0	0	0	0	0	0	0	0	0	0	0	0.0	0.0	1.0	0.0	0.0	0.0	0.0	0.0	0.0	0.0	0.0
CGCCAAGAGCTAACAA	2	Decidual stromal cell	2.627661362550693e-05	0	0	0	0	0	0	0	0	0	0	0	0	0	0	0	0	0	0	0	362	0	0.0	0.0	0.9999981495443816	0.0	0.0	0.0	0.0	0.0	1.8504556171045755e-06	0.0	0.0
CGCCAAGTCGTTGACA	1	Cytotoxic T cell	0.0	0	0	0	0	0	0	0	0	426	0	0	0	0	0	0	0	0	0	0	0	0	0.0	1.0	0.0	0.0	0.0	0.0	0.0	0.0	0.0	0.0	0.0
CGCGGTATCCAGAAGG	1	Cytotoxic T cell	3.2267514357265903e-108	0	0	0	0	0	0	0	0	0	0	0	0	0	0	0	441	0	0	0	0	0	0.0	1.0	0.0	0.0	0.0	0.0	0.0	0.0	1.275187828940673e-110	0.0	0.0
CGCGTTTTCAATCTCT	2	Decidual stromal cell	7.166974610359772e-21	0	0	0	320	0	0	0	0	0	0	0	0	0	0	0	0	0	0	0	0	0	0.0	1.424764684130307e-22	1.0	0.0	0.0	0.0	0.0	0.0	0.0	0.0	0.0
CGCGTTTTCGCCCTTA	2	Decidual stromal cell	0.0	0	0	0	436	0	434	0	0	0	0	0	0	0	0	0	0	0	0	0	0	0	0.0	0.0	1.0	0.0	0.0	0.0	0.0	0.0	0.0	0.0	0.0
CGCTATCAGGTTACCT	1	Cytotoxic T cell	1.865774759634117e-105	0	0	0	0	0	0	0	0	0	0	0	0	0	0	0	394	0	0	0	0	0	0.0	1.0	0.0	0.0	0.0	0.0	0.0	0.0	7.564286436937806e-108	0.0	0.0
CGCTATCTCCGGCACA	2	Decidual stromal cell	6.600830805919012e-12	0	0	0	0	0	0	0	0	0	0	0	0	0	0	0	0	0	0	0	428	0	0.0	0.0	0.9999999999997797	0.0	0.0	0.0	0.0	0.0	2.1893284171479673e-13	0.0	0.0
CGGACACTCTATCCTA	2	Decidual stromal cell	9.764357353523256e-05	0	0	0	0	0	0	0	0	0	0	0	0	0	0	0	0	0	0	0	342	0	0.0	0.0	0.9999923609964394	0.0	0.0	0.0	0.0	0.0	7.63900355758338e-06	0.0	0.0
CGGACTGCAAACTGTC	2	Decidual stromal cell	6.898234635183534e-05	0	0	0	0	0	0	0	0	0	0	0	0	0	0	0	0	0	0	0	350	0	0.0	0.0	0.999994757679949	0.0	0.0	0.0	0.0	0.0	5.242320050599867e-06	0.0	0.0
CGGAGTCAGAGAACAG	1	Cytotoxic T cell	3.24805707805696e-107	0	0	0	0	0	0	0	0	0	0	0	0	0	0	0	424	0	0	0	0	0	0.0	1.0	0.0	0.0	0.0	0.0	0.0	0.0	1.2954768496134794e-109	0.0	0.0
CGGAGTCCAAGCCGCT	2	Decidual stromal cell	0.0	0	0	0	425	0	449	0	0	0	0	0	0	0	0	0	0	0	0	0	0	0	0.0	0.0	1.0	0.0	0.0	0.0	0.0	0.0	0.0	0.0	0.0
CGGAGTCCACAGGAGT	1	Cytotoxic T cell	0.0	0	0	0	0	0	0	0	0	427	0	0	0	0	0	0	0	0	0	0	0	0	0.0	1.0	0.0	0.0	0.0	0.0	0.0	0.0	0.0	0.0	0.0
CGGAGTCGTGAGCGAT	1	Cytotoxic T cell	0.0	0	0	0	0	0	0	0	0	446	0	0	0	0	0	0	0	0	0	0	0	0	0.0	1.0	0.0	0.0	0.0	0.0	0.0	0.0	0.0	0.0	0.0
CGGGTCATCCAAAGTC	2	Decidual stromal cell	1.781624907436375e-21	0	0	0	339	0	0	0	0	0	0	0	0	0	0	0	0	0	0	0	0	0	0.0	3.4445734396318063e-23	1.0	0.0	0.0	0.0	0.0	0.0	0.0	0.0	0.0
CGGTTAAAGAGGACGG	2	Decidual stromal cell	9.544941993331532e-06	0	0	446	0	0	0	0	0	0	0	0	0	0	0	0	0	0	0	0	0	0	0.0	0.0	0.9999993755952832	0.0	0.0	0.0	0.0	0.0	6.244047189980263e-07	0.0	0.0
CGGTTAAAGTAGATGT	2	Decidual stromal cell	1.0958606074589767e-20	0	0	0	314	0	0	0	0	0	0	0	0	0	0	0	0	0	0	0	0	0	0.0	2.1974533635171154e-22	1.0	0.0	0.0	0.0	0.0	0.0	0.0	0.0	0.0
CGTAGCGCAGGTCGTC	1	Cytotoxic T cell	0.0	0	0	0	0	0	0	0	0	0	0	0	0	0	0	0	436	0	451	0	0	0	0.0	1.0	0.0	0.0	0.0	0.0	0.0	0.0	0.0	0.0	0.0
CGTCACTAGAAGGGTA	2	Decidual stromal cell	1.698534724548539e-09	0	0	0	0	0	0	0	0	0	0	0	0	0	0	0	0	0	0	0	411	0	0.0	0.0	0.9999999999303526	0.0	0.0	0.0	0.0	0.0	6.964754564069189e-11	0.0	0.0
CGTCAGGCAACTGGCC	6	Professional antigen presenting cell	0.0	0	0	0	0	0	0	0	0	0	0	0	0	452	0	0	0	0	0	0	0	0	0.0	0.0	0.0	0.0	0.0	0.0	1.0	0.0	0.0	0.0	0.0
CGTCAGGTCTCAAACG	2	Decidual stromal cell	7.068706270222169e-13	0	0	0	0	0	0	0	0	0	0	0	0	0	0	0	0	0	0	0	434	0	0.0	0.0	0.9999999999999787	0.0	0.0	0.0	0.0	0.0	2.1778677323937768e-14	0.0	0.0
CGTCTACTCCTTTCGG	3	Endothelial cell of lymphatic vessel	0.0	0	0	0	0	0	0	452	0	0	0	0	0	0	0	0	0	0	0	0	0	0	0.0	0.0	0.0	1.0	0.0	0.0	0.0	0.0	0.0	0.0	0.0
CGTTAGACAGGATCGA	1	Cytotoxic T cell	9.34964225288248e-105	0	0	0	0	0	0	0	0	0	0	0	0	0	0	0	382	0	0	0	0	0	0.0	1.0	0.0	0.0	0.0	0.0	0.0	0.0	3.815596367309199e-107	0.0	0.0
CGTTAGATCTCAAACG	2	Decidual stromal cell	8.319728393506726e-22	0	0	0	349	0	0	0	0	0	0	0	0	0	0	0	0	0	0	0	0	0	0.0	1.5847392307394503e-23	1.0	0.0	0.0	0.0	0.0	0.0	0.0	0.0	0.0
CGTTCTGCAAACTGTC	1	Cytotoxic T cell	0.0	0	0	0	0	0	0	0	0	398	0	0	0	0	0	0	0	0	0	0	0	0	0.0	1.0	0.0	0.0	0.0	0.0	0.0	0.0	0.0	0.0	0.0
CGTTGGGGTACTCTCC	2	Decidual stromal cell	2.702375138954398e-11	0	0	0	0	0	0	0	0	0	0	0	0	0	0	0	0	0	0	0	424	0	0.0	0.0	0.999999999999055	0.0	0.0	0.0	0.0	0.0	9.418925391192343e-13	0.0	0.0
CTAACTTCAATAAGCA	1	Cytotoxic T cell	8.319283493150278e-106	0	0	0	0	0	0	0	0	0	0	0	0	0	0	0	400	0	0	0	0	0	0.0	1.0	0.0	0.0	0.0	0.0	0.0	0.0	3.3617787065595138e-108	0.0	0.0
CTAACTTCATGTTGAC	1	Cytotoxic T cell	1.88818599744613e-107	0	0	0	0	0	0	0	0	0	0	0	0	0	0	0	428	0	0	0	0	0	0.0	1.0	0.0	0.0	0.0	0.0	0.0	0.0	7.514644546358969e-110	0.0	0.0
CTAACTTGTCCAAGTT	1	Cytotoxic T cell	0.0	0	0	0	0	0	0	0	0	0	0	0	0	0	0	0	0	0	0	432	0	0	0.0	1.0	0.0	0.0	0.0	0.0	0.0	0.0	0.0	0.0	0.0
CTAAGACGTCCGACGT	1	Cytotoxic T cell	3.237216995877286e-106	0	0	0	0	0	0	0	0	0	0	0	0	0	0	0	407	0	0	0	0	0	0.0	1.0	0.0	0.0	0.0	0.0	0.0	0.0	1.3031518870656963e-108	0.0	0.0
CTAATGGGTACCGTTA	2	Decidual stromal cell	1.883399299363302e-14	0	0	0	0	0	0	0	0	0	0	0	0	0	0	0	0	0	0	0	443	0	0.0	0.0	1.0	0.0	0.0	0.0	0.0	0.0	5.226235101307841e-16	0.0	0.0
CTAATGGTCTTCATGT	1	Cytotoxic T cell	0.0	0	0	0	340	0	0	0	0	0	0	0	0	0	0	0	336	0	0	0	0	0	0.0	1.0	0.0	0.0	0.0	0.0	0.0	0.0	0.0	0.0	0.0
CTACACCAGAATGTGT	1	Cytotoxic T cell	0.0	0	0	0	0	0	0	0	0	0	0	0	451	0	0	0	434	0	0	0	0	0	0.0	1.0	0.0	0.0	0.0	0.0	0.0	0.0	0.0	0.0	0.0
CTACACCAGTGCTGCC	1	Cytotoxic T cell	0.0	0	0	0	0	0	0	0	0	424	0	0	0	0	0	0	0	0	0	0	0	0	0.0	1.0	0.0	0.0	0.0	0.0	0.0	0.0	0.0	0.0	0.0
CTACACCTCTGTCTAT	2	Decidual stromal cell	1.4944264175253334e-23	0	0	0	398	0	0	0	0	0	0	0	0	0	0	0	0	0	0	0	0	0	0.0	2.640627444074821e-25	1.0	0.0	0.0	0.0	0.0	0.0	0.0	0.0	0.0
CTACGTCTCGCCGTGA	2	Decidual stromal cell	8.097568126709247e-15	0	0	0	0	0	0	0	0	0	0	0	0	0	0	0	0	0	0	0	445	0	0.0	0.0	1.0	0.0	0.0	0.0	0.0	0.0	2.1839928958394385e-16	0.0	0.0
CTAGTGAAGACCTTTG	1	Cytotoxic T cell	0.0	0	0	0	0	0	0	0	0	450	0	0	0	0	0	0	0	0	0	0	0	0	0.0	1.0	0.0	0.0	0.0	0.0	0.0	0.0	0.0	0.0	0.0
CTAGTGAAGTACGATA	1	Cytotoxic T cell	1.0891056525369344e-105	0	0	0	0	0	0	0	0	0	0	0	0	0	0	0	398	0	0	0	0	0	0.0	1.0	0.0	0.0	0.0	0.0	0.0	0.0	4.405833851656471e-108	0.0	0.0
CTAGTGAGTAGCTTGT	1	Cytotoxic T cell	3.5680763278969065e-104	0	0	0	0	0	0	0	0	0	0	0	0	0	0	0	372	0	0	0	0	0	0.0	1.0	0.0	0.0	0.0	0.0	0.0	0.0	1.464170191026144e-106	0.0	0.0
CTCACACGTCAAACTC	2	Decidual stromal cell	6.940997710478134e-08	0	0	0	0	0	0	0	0	0	0	0	0	0	0	0	0	0	0	0	397	0	0.0	0.0	0.9999999966147826	0.0	0.0	0.0	0.0	0.0	3.385217150072792e-09	0.0	0.0
CTCACACGTCATGCCG	2	Decidual stromal cell	0.0	0	0	443	384	0	0	0	0	0	0	0	0	0	0	0	0	0	0	0	0	0	0.0	0.0	1.0	0.0	0.0	0.0	0.0	0.0	0.0	0.0	0.0
CTCGAAAGTTAAGGGC	2	Decidual stromal cell	0.0	0	0	435	357	0	423	0	0	0	0	0	0	0	0	0	0	0	0	0	0	0	0.0	0.0	1.0	0.0	0.0	0.0	0.0	0.0	0.0	0.0	0.0
CTCGAGGAGGCGATAC	1	Cytotoxic T cell	0.0	0	0	0	0	0	0	0	0	0	0	0	0	0	0	0	345	0	0	425	0	0	0.0	1.0	0.0	0.0	0.0	0.0	0.0	0.0	0.0	0.0	0.0
CTCGAGGTCGGCTACG	2	Decidual stromal cell	5.017285089086472e-06	0	0	0	0	0	0	0	0	0	0	0	0	0	0	0	0	0	0	0	375	0	0.0	0.0	0.9999996859005544	0.0	0.0	0.0	0.0	0.0	3.140994451452481e-07	0.0	0.0
CTCGGAGGTTAGTGGG	10	Other	0.0002684562651021402	0	0	0	0	451	0	0	0	0	0	0	0	0	0	0	0	0	0	0	0	0	0.0	0.0	0.0	0.0	0.0	0.0	0.0	2.2982786523024195e-05	0.0	0.0	0.9999770172134812
CTCGGAGTCATGCATG	2	Decidual stromal cell	5.228323685804048e-25	0	0	0	435	0	0	0	0	0	0	0	0	0	0	0	0	0	0	0	0	0	0.0	8.713151954970119e-27	1.0	0.0	0.0	0.0	0.0	0.0	0.0	0.0	0.0
CTCGGGATCGCCAGCA	2	Decidual stromal cell	9.445713954099781e-12	0	0	0	0	0	0	0	0	0	0	0	0	0	0	0	0	0	0	0	427	0	0.0	0.0	0.9999999999996803	0.0	0.0	0.0	0.0	0.0	3.1719089497830247e-13	0.0	0.0
CTCGTACTCACTATTC	1	Cytotoxic T cell	8.176153659772095e-105	0	0	0	0	0	0	0	0	0	0	0	0	0	0	0	383	0	0	0	0	0	0.0	1.0	0.0	0.0	0.0	0.0	0.0	0.0	3.334862002500485e-107	0.0	0.0
CTCTACGGTCGCATCG	1	Cytotoxic T cell	0.0	0	0	0	0	0	0	0	0	0	0	0	0	0	0	0	423	0	0	447	0	0	0.0	1.0	0.0	0.0	0.0	0.0	0.0	0.0	0.0	0.0	0.0
CTGAAACCATGGGACA	2	Decidual stromal cell	1.7519158102625114e-24	0	0	0	422	0	0	0	0	0	0	0	0	0	0	0	0	0	0	0	0	0	0.0	2.980713445880419e-26	1.0	0.0	0.0	0.0	0.0	0.0	0.0	0.0	0.0
CTGAAGTGTTCAGACT	1	Cytotoxic T cell	5.143250391833988e-103	0	0	0	0	0	0	0	0	0	0	0	0	0	0	0	352	0	0	0	0	0	0.0	1.0	0.0	0.0	0.0	0.0	0.0	0.0	2.1340098555086086e-105	0.0	0.0
CTGATAGCATCGGACC	2	Decidual stromal cell	1.3250380924321307e-05	0	0	0	0	0	0	0	0	0	0	0	0	0	0	0	0	0	0	0	368	0	0.0	0.0	0.9999991128089035	0.0	0.0	0.0	0.0	0.0	8.871910986683019e-07	0.0	0.0
CTGCGGAAGGCTACGA	2	Decidual stromal cell	1.1072538336070199e-07	0	0	0	0	0	0	0	0	0	0	0	0	0	0	0	0	0	0	0	395	0	0.0	0.0	0.9999999944672098	0.0	0.0	0.0	0.0	0.0	5.5327908461590846e-09	0.0	0.0
CTGGTCTGTTGACGTT	1	Cytotoxic T cell	4.853484542102988e-108	0	0	0	0	0	0	0	0	0	0	0	0	0	0	0	438	0	0	0	0	0	0.0	1.0	0.0	0.0	0.0	0.0	0.0	0.0	1.921172137263115e-110	0.0	0.0
CTTACCGTCCAAACTG	1	Cytotoxic T cell	9.092724963405378e-104	0	0	0	0	0	0	0	0	0	0	0	0	0	0	0	365	0	0	0	0	0	0.0	1.0	0.0	0.0	0.0	0.0	0.0	0.0	3.7456629518240187e-106	0.0	0.0
CTTAGGATCAGGCAAG	2	Decidual stromal cell	1.1309155382725876e-21	0	0	0	345	0	0	0	0	0	0	0	0	0	0	0	0	0	0	0	0	0	0.0	2.1670829532742742e-23	1.0	0.0	0.0	0.0	0.0	0.0	0.0	0.0	0.0
CTTTGCGAGGATGCGT	1	Cytotoxic T cell	0.0	0	0	0	0	0	0	0	0	443	0	0	0	0	0	0	0	0	0	0	0	0	0.0	1.0	0.0	0.0	0.0	0.0	0.0	0.0	0.0	0.0	0.0
CTTTGCGTCTCGATGA	1	Cytotoxic T cell	2.836294367797987e-107	0	0	0	0	0	0	0	0	0	0	0	0	0	0	0	425	0	0	0	0	0	0.0	1.0	0.0	0.0	0.0	0.0	0.0	0.0	1.1306329034578036e-109	0.0	0.0
GAAATGAGTATATGAG	2	Decidual stromal cell	6.101035542483313e-22	0	0	0	353	0	0	0	0	0	0	0	0	0	0	0	0	0	0	0	0	0	0.0	1.1551663278851038e-23	1.0	0.0	0.0	0.0	0.0	0.0	0.0	0.0	0.0
GAACCTACAGCTGCTG	1	Cytotoxic T cell	0.0	0	0	0	0	0	0	0	0	0	0	0	0	0	0	0	0	0	0	449	0	0	0.0	1.0	0.0	0.0	0.0	0.0	0.0	0.0	0.0	0.0	0.0
GAACGGAAGATAGCAT	1	Cytotoxic T cell	1.771871535979944e-103	0	0	0	0	0	0	0	0	0	0	0	0	0	0	0	360	0	0	0	0	0	0.0	1.0	0.0	0.0	0.0	0.0	0.0	0.0	7.319257428215756e-106	0.0	0.0
GAACGGACACCCAGTG	2	Decidual stromal cell	2.219197914505849e-25	0	0	0	444	0	0	0	0	0	0	0	0	0	0	0	0	0	0	0	0	0	0.0	3.645420257106547e-27	1.0	0.0	0.0	0.0	0.0	0.0	0.0	0.0	0.0
GAACGGACATGCAACT	1	Cytotoxic T cell	9.595454819472194e-107	0	0	0	0	0	0	0	0	0	0	0	0	0	0	0	416	0	0	0	0	0	0.0	1.0	0.0	0.0	0.0	0.0	0.0	0.0	3.8437889928767313e-109	0.0	0.0
GAATAAGCAGTACACT	0	Alternatively activated macrophage	0.0	452	0	0	0	0	0	0	0	0	0	0	0	0	0	0	0	0	0	0	0	0	1.0	0.0	0.0	0.0	0.0	0.0	0.0	0.0	0.0	0.0	0.0
GAATGAACAATAAGCA	1	Cytotoxic T cell	3.019633821154745e-103	0	0	0	0	0	0	0	0	0	0	0	0	0	0	0	356	0	0	0	0	0	0.0	1.0	0.0	0.0	0.0	0.0	0.0	0.0	1.2501164760075158e-105	0.0	0.0
GACACGCTCCGTACAA	2	Decidual stromal cell	7.45880577851651e-11	0	0	0	0	0	0	0	0	0	0	0	0	0	0	0	0	0	0	0	421	0	0.0	0.0	0.9999999999972999	0.0	0.0	0.0	0.0	0.0	2.698726516797942e-12	0.0	0.0
GACGTTACAGTGGGAT	1	Cytotoxic T cell	0.0	0	0	0	0	0	0	0	0	436	0	0	0	0	0	0	0	0	0	0	0	0	0.0	1.0	0.0	0.0	0.0	0.0	0.0	0.0	0.0	0.0	0.0
GACGTTAGTAGCTAAA	2	Decidual stromal cell	0.0	0	0	0	327	0	0	0	0	0	0	0	0	0	0	0	0	0	0	0	341	0	0.0	0.0	1.0	0.0	0.0	0.0	0.0	0.0	0.0	0.0	0.0
GACGTTATCGATAGAA	2	Decidual stromal cell	7.612210320521276e-25	0	0	0	431	0	0	0	0	0	0	0	0	0	0	0	0	0	0	0	0	0	0.0	1.2767256491883294e-26	1.0	0.0	0.0	0.0	0.0	0.0	0.0	0.0	0.0
GACTAACCAAAGAATC	2	Decidual stromal cell	5.793584770164825e-06	0	0	450	0	0	0	0	0	0	0	0	0	0	0	0	0	0	0	0	0	0	0.0	0.0	0.9999996337818291	0.0	0.0	0.0	0.0	0.0	3.662181692264469e-07	0.0	0.0
GACTAACCACATGACT	6	Professional antigen presenting cell	1.7701902968199627e-57	0	0	0	0	0	0	0	0	0	0	0	0	0	0	452	0	0	0	0	0	0	0.0	1.3055861334810054e-59	0.0	0.0	0.0	0.0	1.0	0.0	0.0	0.0	0.0
GACTACAAGAAGGACA	1	Cytotoxic T cell	0.0	0	0	0	321	0	0	0	0	0	0	0	0	0	0	0	338	0	0	0	0	0	0.0	1.0	0.0	0.0	0.0	0.0	0.0	0.0	0.0	0.0	0.0
GACTGCGCAAACTGTC	1	Cytotoxic T cell	0.0	0	0	0	0	0	0	0	0	406	0	0	0	0	0	0	0	0	0	0	0	0	0.0	1.0	0.0	0.0	0.0	0.0	0.0	0.0	0.0	0.0	0.0
GAGTCCGCAAAGGCGT	1	Cytotoxic T cell	0.0	0	0	0	0	0	0	0	0	0	0	0	0	0	0	0	0	0	451	0	0	0	0.0	1.0	0.0	0.0	0.0	0.0	0.0	0.0	0.0	0.0	0.0
GAGTCCGCAAGGTTCT	2	Decidual stromal cell	5.744865353865799e-25	0	0	0	434	0	0	0	0	0	0	0	0	0	0	0	0	0	0	0	0	0	0.0	9.589295365088798e-27	1.0	0.0	0.0	0.0	0.0	0.0	0.0	0.0	0.0
GATCAGTGTTCGGGCT	1	Cytotoxic T cell	2.836294367797987e-107	0	0	0	0	0	0	0	0	0	0	0	0	0	0	0	425	0	0	0	0	0	0.0	1.0	0.0	0.0	0.0	0.0	0.0	0.0	1.1306329034578036e-109	0.0	0.0
GATCGCGAGTTAACGA	1	Cytotoxic T cell	4.779870140060539e-105	0	0	0	0	0	0	0	0	0	0	0	0	0	0	0	387	0	0	0	0	0	0.0	1.0	0.0	0.0	0.0	0.0	0.0	0.0	1.9453205897547143e-107	0.0	0.0
GATCGCGTCAGTTAGC	2	Decidual stromal cell	0.0	0	0	0	380	0	436	0	0	0	0	0	0	0	0	0	0	0	0	0	0	0	0.0	0.0	1.0	0.0	0.0	0.0	0.0	0.0	0.0	0.0	0.0
GATCGTAAGGCAATTA	2	Decidual stromal cell	0.0	0	0	0	342	0	0	0	0	0	0	0	0	0	0	0	0	0	0	0	434	0	0.0	0.0	1.0	0.0	0.0	0.0	0.0	0.0	0.0	0.0	0.0
GATCTAGAGAGGGATA	2	Decidual stromal cell	2.7311842695832787e-10	0	0	0	0	0	0	0	0	0	0	0	0	0	0	0	0	0	0	0	417	0	0.0	0.0	0.9999999999896119	0.0	0.0	0.0	0.0	0.0	1.0388555214886776e-11	0.0	0.0
GATCTAGCAGCCACCA	1	Cytotoxic T cell	1.424907237025195e-108	0	0	0	0	0	0	0	0	0	0	0	0	0	0	0	447	0	0	0	0	0	0.0	1.0	0.0	0.0	0.0	0.0	0.0	0.0	5.612923345190025e-111	0.0	0.0
GATCTAGGTCACTGGC	1	Cytotoxic T cell	1.2460620930693432e-105	0	0	0	0	0	0	0	0	0	0	0	0	0	0	0	397	0	0	0	0	0	0.0	1.0	0.0	0.0	0.0	0.0	0.0	0.0	5.043538554961342e-108	0.0	0.0
GATGAGGTCGTCGTTC	1	Cytotoxic T cell	1.4395780165030262e-106	0	0	0	0	0	0	0	0	0	0	0	0	0	0	0	413	0	0	0	0	0	0.0	1.0	0.0	0.0	0.0	0.0	0.0	0.0	5.776147929981774e-109	0.0	0.0
GCAAACTAGCTATGCT	2	Decidual stromal cell	1.7089514856621145e-22	0	0	0	369	0	0	0	0	0	0	0	0	0	0	0	0	0	0	0	0	0	0.0	3.158171830869306e-24	1.0	0.0	0.0	0.0	0.0	0.0	0.0	0.0	0.0
GCAAACTCAGAAGCAC	2	Decidual stromal cell	3.0259562769635984e-09	0	0	0	0	0	0	0	0	0	0	0	0	0	0	0	0	0	0	0	409	0	0.0	0.0	0.9999999998727773	0.0	0.0	0.0	0.0	0.0	1.2722067769929763e-10	0.0	0.0
GCAAACTGTTAAGGGC	2	Decidual stromal cell	0.0	0	0	0	388	0	0	0	0	0	0	0	0	0	0	0	0	0	0	0	406	0	0.0	0.0	1.0	0.0	0.0	0.0	0.0	0.0	0.0	0.0	0.0
GCAATCATCTACGAGT	2	Decidual stromal cell	0.0	0	0	448	447	0	0	0	0	0	0	0	0	0	0	0	0	0	0	0	0	0	0.0	0.0	1.0	0.0	0.0	0.0	0.0	0.0	0.0	0.0	0.0
GCACTCTCATTGGGCC	1	Cytotoxic T cell	6.961364459488573e-104	0	0	0	0	0	0	0	0	0	0	0	0	0	0	0	367	0	0	0	0	0	0.0	1.0	0.0	0.0	0.0	0.0	0.0	0.0	2.864504124218685e-106	0.0	0.0
GCAGCCACAGATAATG	2	Decidual stromal cell	4.327798708142457e-25	0	0	0	437	0	0	0	0	0	0	0	0	0	0	0	0	0	0	0	0	0	0.0	7.189369500663272e-27	1.0	0.0	0.0	0.0	0.0	0.0	0.0	0.0	0.0
GCATGATAGATTACCC	2	Decidual stromal cell	1.1268509744863767e-25	0	0	0	451	0	0	0	0	0	0	0	0	0	0	0	0	0	0	0	0	0	0.0	1.8303346172310943e-27	1.0	0.0	0.0	0.0	0.0	0.0	0.0	0.0	0.0
GCATGATCACGGTGTC	6	Professional antigen presenting cell	0.0	0	0	0	0	0	0	0	0	0	0	0	0	0	452	0	0	0	0	0	0	0	0.0	0.0	0.0	0.0	0.0	0.0	1.0	0.0	0.0	0.0	0.0
GCATGTAGTTCCGTCT	2	Decidual stromal cell	7.408124347277374e-24	0	0	0	406	0	0	0	0	0	0	0	0	0	0	0	0	0	0	0	0	0	0.0	1.2926880753718216e-25	1.0	0.0	0.0	0.0	0.0	0.0	0.0	0.0	0.0
GCCAAATGTGAACCTT	4	Epithelial cell of endometrial gland	0.0	0	0	0	0	0	0	0	0	0	0	0	0	0	0	0	0	452	0	0	0	0	0.0	0.0	0.0	0.0	1.0	0.0	0.0	0.0	0.0	0.0	0.0
GCCAAATTCCTGTAGA	2	Decidual stromal cell	8.81111346982684e-05	0	0	0	0	0	0	0	0	0	0	0	0	0	0	0	0	0	0	0	345	0	0.0	0.0	0.999993166311691	0.0	0.0	0.0	0.0	0.0	6.833688310717608e-06	0.0	0.0
GCCTCTAAGGCTATCT	1	Cytotoxic T cell	0.0	0	0	0	0	0	0	0	0	423	0	0	0	0	0	0	0	0	0	0	0	0	0.0	1.0	0.0	0.0	0.0	0.0	0.0	0.0	0.0	0.0	0.0
GCCTCTACAGTAAGCG	8	Stromal cell	0.0	0	0	439	0	0	0	0	0	0	0	0	0	0	0	0	368	0	0	0	0	0	0.0	0.0	0.0	0.0	0.0	0.0	0.0	0.0	1.0	0.0	0.0
GCCTCTACAGTCAGAG	1	Cytotoxic T cell	0.0	0	0	0	0	0	0	0	0	0	0	0	0	0	0	0	439	0	0	433	0	0	0.0	1.0	0.0	0.0	0.0	0.0	0.0	0.0	0.0	0.0	0.0
GCGACCAAGAAGCCCA	2	Decidual stromal cell	0.0	0	0	441	331	0	0	0	0	0	0	0	0	0	0	0	0	0	0	0	0	0	0.0	0.0	1.0	0.0	0.0	0.0	0.0	0.0	0.0	0.0	0.0
GCGACCAGTAGAAAGG	2	Decidual stromal cell	2.0697585118367475e-21	0	0	0	337	0	0	0	0	0	0	0	0	0	0	0	0	0	0	0	0	0	0.0	4.013509593293646e-23	1.0	0.0	0.0	0.0	0.0	0.0	0.0	0.0	0.0
GCGAGAACATAGACTC	2	Decidual stromal cell	1.555892046258955e-08	0	0	0	0	0	0	0	0	0	0	0	0	0	0	0	0	0	0	0	403	0	0.0	0.0	0.9999999992951132	0.0	0.0	0.0	0.0	0.0	7.048851624523109e-10	0.0	0.0
GCGAGAAGTGGCGAAT	2	Decidual stromal cell	9.04754818223059e-07	0	0	0	0	0	0	0	0	0	0	0	0	0	0	0	0	0	0	0	385	0	0.0	0.0	0.9999999491553395	0.0	0.0	0.0	0.0	0.0	5.0844659301987346e-08	0.0	0.0
GCGCAGTAGCTGCCCA	2	Decidual stromal cell	2.587773074978815e-21	0	0	0	334	0	0	0	0	0	0	0	0	0	0	0	0	0	0	0	0	0	0.0	5.0402655866900195e-23	1.0	0.0	0.0	0.0	0.0	0.0	0.0	0.0	0.0
GCGCAGTTCAAACCAC	2	Decidual stromal cell	5.378506003824332e-21	0	0	0	324	0	0	0	0	0	0	0	0	0	0	0	0	0	0	0	0	0	0.0	1.06303526801669e-22	1.0	0.0	0.0	0.0	0.0	0.0	0.0	0.0	0.0
GCGCCAAAGTGCTGCC	1	Cytotoxic T cell	0.0	0	0	0	0	0	0	0	0	0	0	0	0	0	0	0	0	0	0	450	0	0	0.0	1.0	0.0	0.0	0.0	0.0	0.0	0.0	0.0	0.0	0.0
GCGCGATAGCGAGAAA	6	Professional antigen presenting cell	4.1089562267501195e-57	0	0	0	0	0	0	0	0	0	0	0	0	0	0	450	0	0	0	0	0	0	0.0	3.0496008376102673e-59	0.0	0.0	0.0	0.0	1.0	0.0	0.0	0.0	0.0
GCGCGATTCTCGCATC	2	Decidual stromal cell	2.2715854761623048e-09	0	0	0	0	0	0	0	0	0	0	0	0	0	0	0	0	0	0	0	410	0	0.0	0.0	0.9999999999056826	0.0	0.0	0.0	0.0	0.0	9.431790736801311e-11	0.0	0.0
GCGGGTTCATAAGACA	1	Cytotoxic T cell	1.886283926402922e-106	0	0	0	0	0	0	0	0	0	0	0	0	0	0	0	411	0	0	0	0	0	0.0	1.0	0.0	0.0	0.0	0.0	0.0	0.0	7.576755321376436e-109	0.0	0.0
GCGGGTTGTGTGAATA	1	Cytotoxic T cell	1.2566201615618622e-107	0	0	0	0	0	0	0	0	0	0	0	0	0	0	0	431	0	0	0	0	0	0.0	1.0	0.0	0.0	0.0	0.0	0.0	0.0	4.9930011143286717e-110	0.0	0.0
GCTCCTAAGTGTGGCA	1	Cytotoxic T cell	0.0	0	0	0	0	0	0	0	0	452	0	0	0	0	0	0	0	0	0	0	0	0	0.0	1.0	0.0	0.0	0.0	0.0	0.0	0.0	0.0	0.0	0.0
GCTCTGTAGGTCATCT	1	Cytotoxic T cell	0.0	0	0	0	0	0	0	0	0	437	0	0	0	0	0	0	0	0	0	0	0	0	0.0	1.0	0.0	0.0	0.0	0.0	0.0	0.0	0.0	0.0	0.0
GCTGCAGAGGCGTACA	1	Cytotoxic T cell	0.0	0	0	0	0	0	0	0	0	405	0	0	0	0	0	0	0	0	0	0	0	0	0.0	1.0	0.0	0.0	0.0	0.0	0.0	0.0	0.0	0.0	0.0
GCTGCAGCAGAAGCAC	2	Decidual stromal cell	2.1232476331030072e-05	0	0	0	0	0	0	0	0	0	0	0	0	0	0	0	0	0	0	0	364	0	0.0	0.0	0.9999985285098303	0.0	0.0	0.0	0.0	0.0	1.4714901718384293e-06	0.0	0.0
GCTGCAGCATGAAGTA	2	Decidual stromal cell	1.4992773250967818e-05	0	0	0	0	0	0	0	0	0	0	0	0	0	0	0	0	0	0	0	367	0	0.0	0.0	0.9999989871633246	0.0	0.0	0.0	0.0	0.0	1.0128366769353924e-06	0.0	0.0
GCTGCTTCACGTAAGG	1	Cytotoxic T cell	5.552619745819063e-106	0	0	0	0	0	0	0	0	0	0	0	0	0	0	0	403	0	0	0	0	0	0.0	1.0	0.0	0.0	0.0	0.0	0.0	0.0	2.2401097522142443e-108	0.0	0.0
GCTGCTTTCAGTTCGA	1	Cytotoxic T cell	9.518870647508232e-106	0	0	0	0	0	0	0	0	0	0	0	0	0	0	0	399	0	0	0	0	0	0.0	1.0	0.0	0.0	0.0	0.0	0.0	0.0	3.848628938742112e-108	0.0	0.0
GCTGGGTGTGTCAATC	1	Cytotoxic T cell	0.0	0	0	0	316	0	0	0	0	0	0	0	0	0	0	0	375	0	0	0	0	0	0.0	1.0	0.0	0.0	0.0	0.0	0.0	0.0	0.0	0.0	0.0
GCTTCCACACGGACAA	2	Decidual stromal cell	1.1666222498243525e-05	0	0	0	0	0	0	0	0	0	0	0	0	0	0	0	0	0	0	0	369	0	0.0	0.0	0.9999992259480035	0.0	0.0	0.0	0.0	0.0	7.740519960057852e-07	0.0	0.0
GCTTCCATCAACCAAC	2	Decidual stromal cell	2.9763860563789315e-23	0	0	0	390	0	0	0	0	0	0	0	0	0	0	0	0	0	0	0	0	0	0.0	5.325228863552206e-25	1.0	0.0	0.0	0.0	0.0	0.0	0.0	0.0	0.0
GCTTCCATCCTACAGA	1	Cytotoxic T cell	0.0	0	0	0	0	0	0	0	0	0	0	0	0	0	0	0	437	0	0	451	0	0	0.0	1.0	0.0	0.0	0.0	0.0	0.0	0.0	0.0	0.0	0.0
GGAATAATCACCACCT	2	Decidual stromal cell	8.783878071394422e-08	0	0	0	0	0	0	0	0	0	0	0	0	0	0	0	0	0	0	0	396	0	0.0	0.0	0.9999999956636145	0.0	0.0	0.0	0.0	0.0	4.3363845521125424e-09	0.0	0.0
GGACAAGAGGAACTGC	1	Cytotoxic T cell	1.6478914179237086e-106	0	0	0	0	0	0	0	0	0	0	0	0	0	0	0	412	0	0	0	0	0	0.0	1.0	0.0	0.0	0.0	0.0	0.0	0.0	6.615584291025472e-109	0.0	0.0
GGACAAGTCGGTGTTA	2	Decidual stromal cell	1.0214913478896634e-20	0	0	0	315	0	0	0	0	0	0	0	0	0	0	0	0	0	0	0	0	0	0.0	2.0453845403335118e-22	1.0	0.0	0.0	0.0	0.0	0.0	0.0	0.0	0.0
GGACAGATCCCTAACC	2	Decidual stromal cell	4.55238847909808e-05	0	0	0	0	0	0	0	0	0	0	0	0	0	0	0	0	0	0	0	356	0	0.0	0.0	0.9999966546047186	0.0	0.0	0.0	0.0	0.0	3.345395278113446e-06	0.0	0.0
GGACATTAGGCTAGCA	4	Epithelial cell of endometrial gland	0.0	0	0	0	0	0	0	0	447	0	0	0	0	0	0	0	0	0	0	0	0	0	0.0	0.0	0.0	0.0	1.0	0.0	0.0	0.0	0.0	0.0	0.0
GGACATTTCAACCAAC	2	Decidual stromal cell	7.29788722716516e-05	0	0	0	0	0	0	0	0	0	0	0	0	0	0	0	0	0	0	0	349	0	0.0	0.0	0.9999944281497309	0.0	0.0	0.0	0.0	0.0	5.5718502670323415e-06	0.0	0.0
GGACGTCCAGTATGCT	2	Decidual stromal cell	3.5795142625456865e-25	0	0	0	439	0	0	0	0	0	0	0	0	0	0	0	0	0	0	0	0	0	0.0	5.927307132505148e-27	1.0	0.0	0.0	0.0	0.0	0.0	0.0	0.0	0.0
GGACGTCGTAAGCACG	1	Cytotoxic T cell	0.0	0	0	0	0	0	0	0	0	420	0	0	0	0	0	0	431	0	0	0	0	0	0.0	1.0	0.0	0.0	0.0	0.0	0.0	0.0	0.0	0.0	0.0
GGAGCAAAGTACGCGA	2	Decidual stromal cell	3.344973168400431e-08	0	0	0	0	0	0	0	0	0	0	0	0	0	0	0	0	0	0	0	400	0	0.0	0.0	0.9999999984274126	0.0	0.0	0.0	0.0	0.0	1.5725845817848826e-09	0.0	0.0
GGATTACCAATGTTGC	8	Stromal cell	0.0	0	0	0	0	0	0	0	0	0	0	0	0	0	0	0	353	0	0	0	377	0	0.0	0.0	0.0	0.0	0.0	0.0	0.0	0.0	1.0	0.0	0.0
GGATTACCATTGCGGC	2	Decidual stromal cell	0.0	0	0	0	440	0	0	0	0	0	0	0	0	0	0	0	0	0	0	0	446	0	0.0	0.0	1.0	0.0	0.0	0.0	0.0	0.0	0.0	0.0	0.0
GGCAATTGTCCAAGTT	2	Decidual stromal cell	0.0	0	0	440	415	0	426	0	0	0	0	0	0	0	0	0	0	0	0	0	340	0	0.0	0.0	1.0	0.0	0.0	0.0	0.0	0.0	0.0	0.0	0.0
GGCCGATGTTAGAACA	1	Cytotoxic T cell	6.25190545252391e-105	0	0	0	0	0	0	0	0	0	0	0	0	0	0	0	385	0	0	0	0	0	0.0	1.0	0.0	0.0	0.0	0.0	0.0	0.0	2.547206855073205e-107	0.0	0.0
GGCCGATTCGTAGGAG	2	Decidual stromal cell	1.5084441889806432e-25	0	0	0	448	0	0	0	0	0	0	0	0	0	0	0	0	0	0	0	0	0	0.0	2.4620095485976677e-27	1.0	0.0	0.0	0.0	0.0	0.0	0.0	0.0	0.0
GGCGACTAGAGGGATA	2	Decidual stromal cell	0.0	0	0	436	355	0	422	0	0	0	0	0	0	0	0	0	0	0	0	0	332	0	0.0	0.0	1.0	0.0	0.0	0.0	0.0	0.0	0.0	0.0	0.0
GGCGACTTCACTGGGC	2	Decidual stromal cell	6.311177089192952e-25	0	0	0	433	0	0	0	0	0	0	0	0	0	0	0	0	0	0	0	0	0	0.0	1.0551419280504668e-26	1.0	0.0	0.0	0.0	0.0	0.0	0.0	0.0	0.0
GGCTCGACACATGGGA	2	Decidual stromal cell	1.629971218924277e-23	0	0	0	397	0	0	0	0	0	0	0	0	0	0	0	0	0	0	0	0	0	0.0	2.8846378967017477e-25	1.0	0.0	0.0	0.0	0.0	0.0	0.0	0.0	0.0
GGCTCGACATCCGCGA	1	Cytotoxic T cell	1.4393481468536896e-107	0	0	0	0	0	0	0	0	0	0	0	0	0	0	0	430	0	0	0	0	0	0.0	1.0	0.0	0.0	0.0	0.0	0.0	0.0	5.722143799278476e-110	0.0	0.0
GGCTCGAGTTGTGGAG	1	Cytotoxic T cell	1.88818599744613e-107	0	0	0	0	0	0	0	0	0	0	0	0	0	0	0	428	0	0	0	0	0	0.0	1.0	0.0	0.0	0.0	0.0	0.0	0.0	7.514644546358969e-110	0.0	0.0
GGCTGGTGTTGGTAAA	2	Decidual stromal cell	6.59492366159335e-22	0	0	0	352	0	0	0	0	0	0	0	0	0	0	0	0	0	0	0	0	0	0.0	1.2505575340378251e-23	1.0	0.0	0.0	0.0	0.0	0.0	0.0	0.0	0.0
GGGACCTAGCAGCGTA	1	Cytotoxic T cell	2.8284792431339195e-106	0	0	0	0	0	0	0	0	0	0	0	0	0	0	0	408	0	0	0	0	0	0.0	1.0	0.0	0.0	0.0	0.0	0.0	0.0	1.137992397339862e-108	0.0	0.0
GGGACCTCACATGTGT	2	Decidual stromal cell	0.0	0	0	0	319	0	437	0	0	0	0	0	0	0	0	0	0	0	0	0	386	0	0.0	0.0	1.0	0.0	0.0	0.0	0.0	0.0	0.0	0.0	0.0
GGGAGATTCTTAGAGC	2	Decidual stromal cell	0.00010861578428215604	0	0	0	0	0	0	0	0	0	0	0	0	0	0	0	0	0	0	0	336	0	0.0	0.0	0.9999914250672589	0.0	0.0	0.0	0.0	0.0	8.574932738084462e-06	0.0	0.0
GGGCACTAGGATGGTC	1	Cytotoxic T cell	0.0	0	0	0	0	0	0	0	0	404	0	0	0	0	0	0	364	0	0	0	0	0	0.0	1.0	0.0	0.0	0.0	0.0	0.0	0.0	0.0	0.0	0.0
GGGCACTTCCGTAGGC	2	Decidual stromal cell	5.617899078456802e-16	0	0	0	0	0	0	0	0	0	0	0	0	0	0	0	0	0	0	0	451	0	0.0	0.0	1.0	0.0	0.0	0.0	0.0	0.0	1.448915498786139e-17	0.0	0.0
GGGTCTGCAATCGAAA	2	Decidual stromal cell	0.0	0	0	0	375	0	425	0	0	0	0	0	0	0	0	0	0	0	0	0	331	0	0.0	0.0	1.0	0.0	0.0	0.0	0.0	0.0	0.0	0.0	0.0
GGGTTGCGTCTTCTCG	2	Decidual stromal cell	2.0160227953848255e-08	0	0	0	0	0	0	0	0	0	0	0	0	0	0	0	0	0	0	0	402	0	0.0	0.0	0.9999999990752855	0.0	0.0	0.0	0.0	0.0	9.247160070668033e-10	0.0	0.0
GGTATTGAGGGCTTGA	1	Cytotoxic T cell	5.328868764907651e-104	0	0	0	0	0	0	0	0	0	0	0	0	0	0	0	369	0	0	0	0	0	0.0	1.0	0.0	0.0	0.0	0.0	0.0	0.0	2.1903364454585327e-106	0.0	0.0
GGTGAAGCACATTAGC	2	Decidual stromal cell	0.00010637418827434366	0	0	0	0	0	0	0	0	0	0	0	0	0	0	0	0	0	0	0	338	0	0.0	0.0	0.9999916170186519	0.0	0.0	0.0	0.0	0.0	8.382981351188602e-06	0.0	0.0
GGTGAAGCATAAAGGT	1	Cytotoxic T cell	0.0	0	0	0	0	0	0	0	0	0	0	0	0	0	0	0	0	0	445	0	0	0	0.0	1.0	0.0	0.0	0.0	0.0	0.0	0.0	0.0	0.0	0.0
GGTGCGTAGATAGGAG	2	Decidual stromal cell	5.3069614550888846e-05	0	0	0	0	0	0	0	0	0	0	0	0	0	0	0	0	0	0	0	354	0	0.0	0.0	0.9999960520469159	0.0	0.0	0.0	0.0	0.0	3.947953085333049e-06	0.0	0.0
GGTGCGTTCCAAGTAC	2	Decidual stromal cell	0.0	0	0	0	313	0	0	0	0	0	0	0	0	0	0	0	0	0	0	0	429	0	0.0	0.0	1.0	0.0	0.0	0.0	0.0	0.0	0.0	0.0	0.0
GTAACGTCAATGGTCT	1	Cytotoxic T cell	1.3977945685280757e-104	0	0	0	0	0	0	0	0	0	0	0	0	0	0	0	379	0	0	0	0	0	0.0	1.0	0.0	0.0	0.0	0.0	0.0	0.0	5.71382633249756e-107	0.0	0.0
GTAACTGGTGTCGCTG	10	Other	0.00026847249958416783	0	0	0	0	0	431	0	0	0	0	0	0	0	0	0	0	0	0	0	0	0	0.0	0.0	2.587432160809841e-10	0.0	0.0	0.0	0.0	2.2983747501244567e-05	0.0	0.0	0.9999770159937489
GTACTCCCATTTGCTT	2	Decidual stromal cell	1.0379658993630411e-10	0	0	0	0	0	0	0	0	0	0	0	0	0	0	0	0	0	0	0	420	0	0.0	0.0	0.9999999999961986	0.0	0.0	0.0	0.0	0.0	3.802726864678524e-12	0.0	0.0
GTACTTTAGGTTACCT	2	Decidual stromal cell	1.7774549272438684e-23	0	0	0	396	0	0	0	0	0	0	0	0	0	0	0	0	0	0	0	0	0	0.0	3.1505636230980007e-25	1.0	0.0	0.0	0.0	0.0	0.0	0.0	0.0	0.0
GTAGTCATCGCACTCT	2	Decidual stromal cell	4.441835021791653e-06	0	0	452	0	0	0	0	0	0	0	0	0	0	0	0	0	0	0	0	0	0	0.0	0.0	0.9999997241692168	0.0	0.0	0.0	0.0	0.0	2.758307857300731e-07	0.0	0.0
GTCACAATCTGAGTGT	1	Cytotoxic T cell	5.328868764907651e-104	0	0	0	0	0	0	0	0	0	0	0	0	0	0	0	369	0	0	0	0	0	0.0	1.0	0.0	0.0	0.0	0.0	0.0	0.0	2.1903364454585327e-106	0.0	0.0
GTCATTTGTCATCGGC	2	Decidual stromal cell	7.517070235041957e-23	0	0	0	379	0	0	0	0	0	0	0	0	0	0	0	0	0	0	0	0	0	0.0	1.3680165181020155e-24	1.0	0.0	0.0	0.0	0.0	0.0	0.0	0.0	0.0
GTCATTTTCGTCTGCT	2	Decidual stromal cell	2.1037928118085982e-24	0	0	0	420	0	0	0	0	0	0	0	0	0	0	0	0	0	0	0	0	0	0.0	3.590773672828918e-26	1.0	0.0	0.0	0.0	0.0	0.0	0.0	0.0	0.0
GTCCTCAAGCGTGAAC	2	Decidual stromal cell	0.0	0	0	0	449	0	448	0	0	0	0	0	0	0	0	0	0	0	0	0	0	0	0.0	0.0	1.0	0.0	0.0	0.0	0.0	0.0	0.0	0.0	0.0
GTCTCGTTCTGTACGA	1	Cytotoxic T cell	5.466655512960011e-105	0	0	0	0	0	0	0	0	0	0	0	0	0	0	0	386	0	0	0	0	0	0.0	1.0	0.0	0.0	0.0	0.0	0.0	0.0	2.22605105887566e-107	0.0	0.0
GTCTTCGAGCTGTCTA	1	Cytotoxic T cell	0.0	0	0	0	0	0	0	0	0	0	0	0	0	0	0	0	0	0	0	439	0	0	0.0	1.0	0.0	0.0	0.0	0.0	0.0	0.0	0.0	0.0	0.0
GTGAAGGGTCGCATAT	1	Cytotoxic T cell	3.65392924985136e-105	0	0	0	0	0	0	0	0	0	0	0	0	0	0	0	389	0	0	0	0	0	0.0	1.0	0.0	0.0	0.0	0.0	0.0	0.0	1.4854525149033025e-107	0.0	0.0
GTGCAGCAGGCGTACA	2	Decidual stromal cell	2.1992763183028713e-12	0	0	0	0	0	0	0	0	0	0	0	0	0	0	0	0	0	0	0	431	0	0.0	0.0	0.999999999999929	0.0	0.0	0.0	0.0	0.0	7.02963490353846e-14	0.0	0.0
GTGCAGCCAAAGGTGC	1	Cytotoxic T cell	0.0	0	0	0	346	0	0	0	0	0	0	0	0	0	0	0	366	0	0	0	0	0	0.0	1.0	0.0	0.0	0.0	0.0	0.0	0.0	0.0	0.0	0.0
GTGCAGCCAATGTTGC	1	Cytotoxic T cell	1.8714255268712056e-108	0	0	0	0	0	0	0	0	0	0	0	0	0	0	0	445	0	0	0	0	0	0.0	1.0	0.0	0.0	0.0	0.0	0.0	0.0	7.379781541031411e-111	0.0	0.0
GTGCATAGTAGGACAC	2	Decidual stromal cell	0.0	0	0	0	369	0	447	0	0	0	0	0	0	0	0	0	0	0	0	0	0	0	0.0	0.0	1.0	0.0	0.0	0.0	0.0	0.0	0.0	0.0	0.0
GTGCATAGTCCTGCTT	1	Cytotoxic T cell	0.0	0	0	0	0	0	0	0	0	407	0	0	0	0	0	0	0	0	0	0	0	0	0.0	1.0	0.0	0.0	0.0	0.0	0.0	0.0	0.0	0.0	0.0
GTGCGGTCAGTGACAG	1	Cytotoxic T cell	0.0	0	0	0	0	0	0	0	0	0	0	0	0	0	0	449	402	0	0	0	0	0	0.0	1.0	0.0	0.0	0.0	0.0	0.0	0.0	0.0	0.0	0.0
GTGCGGTGTCCGAATT	2	Decidual stromal cell	0.0	0	0	434	412	0	429	0	0	0	0	0	0	0	0	0	0	0	0	0	390	0	0.0	0.0	1.0	0.0	0.0	0.0	0.0	0.0	0.0	0.0	0.0
GTGGGTCAGAGTACCG	1	Cytotoxic T cell	7.203784834954134e-109	0	0	0	0	0	0	0	0	0	0	0	0	0	0	0	452	0	0	0	0	0	0.0	1.0	0.0	0.0	0.0	0.0	0.0	0.0	2.8300450068131374e-111	0.0	0.0
GTGGGTCAGTCCCACG	1	Cytotoxic T cell	0.0	0	0	0	0	0	0	0	0	0	0	0	0	0	0	0	335	0	0	424	0	0	0.0	1.0	0.0	0.0	0.0	0.0	0.0	0.0	0.0	0.0	0.0
GTGGGTCCATTGGTAC	2	Decidual stromal cell	0.0	0	0	0	364	0	446	0	0	0	0	0	0	0	0	0	0	0	0	0	0	0	0.0	0.0	1.0	0.0	0.0	0.0	0.0	0.0	0.0	0.0	0.0
GTGGGTCGTCTTCGTC	2	Decidual stromal cell	1.3293133705384464e-24	0	0	0	425	0	0	0	0	0	0	0	0	0	0	0	0	0	0	0	0	0	0.0	2.250942228736762e-26	1.0	0.0	0.0	0.0	0.0	0.0	0.0	0.0	0.0
GTGTGCGCAAATACAG	2	Decidual stromal cell	9.70381957387522e-22	0	0	0	347	0	0	0	0	0	0	0	0	0	0	0	0	0	0	0	0	0	0.0	1.8539205467250914e-23	1.0	0.0	0.0	0.0	0.0	0.0	0.0	0.0	0.0
GTGTGCGGTTAAGACA	2	Decidual stromal cell	3.3190413360498478e-15	0	0	0	0	0	0	0	0	0	0	0	0	0	0	0	0	0	0	0	447	0	0.0	0.0	1.0	0.0	0.0	0.0	0.0	0.0	8.982853844536326e-17	0.0	0.0
GTGTTAGAGCTTCGCG	1	Cytotoxic T cell	0.0	0	0	0	0	0	0	0	0	411	0	0	0	0	0	0	0	0	0	0	0	0	0.0	1.0	0.0	0.0	0.0	0.0	0.0	0.0	0.0	0.0	0.0
GTTAAGCGTAGAGGAA	2	Decidual stromal cell	0.0	0	0	0	438	0	445	0	0	0	0	0	0	0	0	0	0	0	0	0	444	0	0.0	0.0	1.0	0.0	0.0	0.0	0.0	0.0	0.0	0.0	0.0
GTTCATTAGATGTTAG	2	Decidual stromal cell	6.211143723722638e-21	0	0	0	322	0	0	0	0	0	0	0	0	0	0	0	0	0	0	0	0	0	0.0	1.23117518255605e-22	1.0	0.0	0.0	0.0	0.0	0.0	0.0	0.0	0.0
GTTCGGGAGTTACCCA	1	Cytotoxic T cell	0.0	0	0	0	0	0	0	0	0	429	0	0	0	0	0	0	0	0	0	0	0	0	0.0	1.0	0.0	0.0	0.0	0.0	0.0	0.0	0.0	0.0	0.0
GTTCTCGAGGGAAACA	2	Decidual stromal cell	2.7326936781822667e-23	0	0	0	391	0	0	0	0	0	0	0	0	0	0	0	0	0	0	0	0	0	0.0	4.881627796660241e-25	1.0	0.0	0.0	0.0	0.0	0.0	0.0	0.0	0.0
TAAACCGTCTCATTCA	2	Decidual stromal cell	1.0220489699214212e-25	0	0	0	452	0	0	0	0	0	0	0	0	0	0	0	0	0	0	0	0	0	0.0	1.6574342231087738e-27	1.0	0.0	0.0	0.0	0.0	0.0	0.0	0.0	0.0
TAAGAGACAAGCCGCT	1	Cytotoxic T cell	0.0	0	0	0	0	0	0	0	0	0	0	0	0	0	0	0	0	0	0	434	0	0	0.0	1.0	0.0	0.0	0.0	0.0	0.0	0.0	0.0	0.0	0.0
TAAGAGACATTAGCCA	2	Decidual stromal cell	3.0264991493435915e-24	0	0	0	416	0	0	0	0	0	0	0	0	0	0	0	0	0	0	0	0	0	0.0	5.19848712420104e-26	1.0	0.0	0.0	0.0	0.0	0.0	0.0	0.0	0.0
TAAGAGAGTGAGCGAT	2	Decidual stromal cell	3.967182847589036e-24	0	0	0	413	0	0	0	0	0	0	0	0	0	0	0	0	0	0	0	0	0	0.0	6.846645481704488e-26	1.0	0.0	0.0	0.0	0.0	0.0	0.0	0.0	0.0
TAAGTGCGTGGCCCTA	1	Cytotoxic T cell	0.0	0	0	0	0	0	0	0	0	442	0	0	0	0	0	0	0	0	0	0	0	0	0.0	1.0	0.0	0.0	0.0	0.0	0.0	0.0	0.0	0.0	0.0
TACAGTGAGGACAGAA	2	Decidual stromal cell	8.07814085298623e-05	0	0	0	0	0	0	0	0	0	0	0	0	0	0	0	0	0	0	0	347	0	0.0	0.0	0.9999937801934443	0.0	0.0	0.0	0.0	0.0	6.219806554489219e-06	0.0	0.0
TACAGTGAGTTCGCAT	2	Decidual stromal cell	2.9582411412719933e-25	0	0	0	441	0	0	0	0	0	0	0	0	0	0	0	0	0	0	0	0	0	0.0	4.882870064429132e-27	1.0	0.0	0.0	0.0	0.0	0.0	0.0	0.0	0.0
TACAGTGCAGATCTGT	1	Cytotoxic T cell	0.0	0	0	0	0	0	0	0	0	397	0	0	0	0	0	0	0	0	0	0	0	0	0.0	1.0	0.0	0.0	0.0	0.0	0.0	0.0	0.0	0.0	0.0
TACCTATAGTTCGATC	1	Cytotoxic T cell	1.2224810778037314e-104	0	0	0	0	0	0	0	0	0	0	0	0	0	0	0	380	0	0	0	0	0	0.0	1.0	0.0	0.0	0.0	0.0	0.0	0.0	4.994442425070753e-107	0.0	0.0
TACCTTAAGGTTACCT	2	Decidual stromal cell	5.643009527256364e-22	0	0	0	354	0	0	0	0	0	0	0	0	0	0	0	0	0	0	0	0	0	0.0	1.0668371797121349e-23	1.0	0.0	0.0	0.0	0.0	0.0	0.0	0.0	0.0
TACCTTACAGTCACTA	2	Decidual stromal cell	1.9862008202735005e-10	0	0	0	0	0	0	0	0	0	0	0	0	0	0	0	0	0	0	0	418	0	0.0	0.0	0.9999999999925393	0.0	0.0	0.0	0.0	0.0	7.460935248186102e-12	0.0	0.0
TACCTTAGTTGCTCCT	1	Cytotoxic T cell	0.0	0	0	0	0	0	0	0	0	409	0	0	0	0	0	0	0	0	0	0	0	0	0.0	1.0	0.0	0.0	0.0	0.0	0.0	0.0	0.0	0.0	0.0
TACTCATTCGGATGTT	2	Decidual stromal cell	2.5575352528115615e-22	0	0	0	364	0	0	0	0	0	0	0	0	0	0	0	0	0	0	0	0	0	0.0	4.76252332635271e-24	1.0	0.0	0.0	0.0	0.0	0.0	0.0	0.0	0.0
TACTCGCAGGCGTACA	2	Decidual stromal cell	1.2604843559043651e-20	0	0	0	312	0	0	0	0	0	0	0	0	0	0	0	0	0	0	0	0	0	0.0	2.534821572700183e-22	1.0	0.0	0.0	0.0	0.0	0.0	0.0	0.0	0.0
TACTCGCTCCCTTGCA	1	Cytotoxic T cell	0.0	0	0	0	0	0	0	0	0	412	0	0	0	0	0	0	0	0	0	0	0	0	0.0	1.0	0.0	0.0	0.0	0.0	0.0	0.0	0.0	0.0	0.0
TACTTACAGTACGACG	1	Cytotoxic T cell	0.0	0	0	0	0	0	0	0	0	0	0	0	0	0	0	0	0	0	0	438	0	0	0.0	1.0	0.0	0.0	0.0	0.0	0.0	0.0	0.0	0.0	0.0
TACTTACCACACATGT	1	Cytotoxic T cell	0.0	0	0	0	0	0	0	0	0	444	0	0	0	0	0	0	0	0	0	0	0	0	0.0	1.0	0.0	0.0	0.0	0.0	0.0	0.0	0.0	0.0	0.0
TACTTACTCACCTTAT	1	Cytotoxic T cell	1.2575547621078606e-106	0	0	0	0	0	0	0	0	0	0	0	0	0	0	0	414	0	0	0	0	0	0.0	1.0	0.0	0.0	0.0	0.0	0.0	0.0	5.043053348602083e-109	0.0	0.0
TAGACCAAGCTGAACG	1	Cytotoxic T cell	0.0	0	0	0	0	0	0	0	0	432	0	0	0	0	0	0	0	0	0	0	0	0	0.0	1.0	0.0	0.0	0.0	0.0	0.0	0.0	0.0	0.0	0.0
TAGAGCTTCGGATGTT	2	Decidual stromal cell	0.0	0	0	0	399	0	0	0	0	0	0	0	0	0	0	0	0	0	0	0	438	0	0.0	0.0	1.0	0.0	0.0	0.0	0.0	0.0	0.0	0.0	0.0
TAGCCGGAGACGACGT	2	Decidual stromal cell	5.698112826877132e-05	0	0	0	0	0	0	0	0	0	0	0	0	0	0	0	0	0	0	0	353	0	0.0	0.0	0.9999957366885398	0.0	0.0	0.0	0.0	0.0	4.263311458027511e-06	0.0	0.0
TAGCCGGAGGTCGGAT	2	Decidual stromal cell	0.0	0	0	0	317	0	420	0	0	0	0	0	0	0	0	0	0	0	0	0	337	0	0.0	0.0	1.0	0.0	0.0	0.0	0.0	0.0	0.0	0.0	0.0
TAGCCGGTCCTGCCAT	2	Decidual stromal cell	0.0	0	0	444	344	0	0	0	0	0	0	0	0	0	0	0	0	0	0	0	0	0	0.0	0.0	1.0	0.0	0.0	0.0	0.0	0.0	0.0	0.0	0.0
TAGCCGGTCTTTCCTC	1	Cytotoxic T cell	4.179223269578668e-105	0	0	0	0	0	0	0	0	0	0	0	0	0	0	0	388	0	0	0	0	0	0.0	1.0	0.0	0.0	0.0	0.0	0.0	0.0	1.699935333102353e-107	0.0	0.0
TAGGCATAGAATGTGT	1	Cytotoxic T cell	2.7303959546078905e-104	0	0	0	0	0	0	0	0	0	0	0	0	0	0	0	374	0	0	0	0	0	0.0	1.0	0.0	0.0	0.0	0.0	0.0	0.0	1.119191727850093e-106	0.0	0.0
TAGGCATAGGCTCAGA	2	Decidual stromal cell	3.567452867993642e-16	0	0	0	0	0	0	0	0	0	0	0	0	0	0	0	0	0	0	0	452	0	0.0	0.0	1.0	0.0	0.0	0.0	0.0	0.0	9.09155687588583e-18	0.0	0.0
TAGGCATCAGTATAAG	2	Decidual stromal cell	4.746891643649796e-24	0	0	0	411	0	0	0	0	0	0	0	0	0	0	0	0	0	0	0	0	0	0.0	8.218179823454956e-26	1.0	0.0	0.0	0.0	0.0	0.0	0.0	0.0	0.0
TAGGCATGTCCAAGTT	2	Decidual stromal cell	3.249656831811461e-22	0	0	0	361	0	0	0	0	0	0	0	0	0	0	0	0	0	0	0	0	0	0.0	6.078987648651022e-24	1.0	0.0	0.0	0.0	0.0	0.0	0.0	0.0	0.0
TAGGCATGTTCGTGAT	1	Cytotoxic T cell	0.0	0	0	0	0	0	0	0	0	441	0	0	0	0	0	0	0	0	0	0	0	0	0.0	1.0	0.0	0.0	0.0	0.0	0.0	0.0	0.0	0.0	0.0
TAGTTGGCAAGTCATC	1	Cytotoxic T cell	0.0	0	0	0	0	0	0	0	0	0	0	0	0	0	0	0	0	0	449	0	0	0	0.0	1.0	0.0	0.0	0.0	0.0	0.0	0.0	0.0	0.0	0.0
TAGTTGGTCTAACTTC	2	Decidual stromal cell	2.6482660713992024e-06	0	0	0	0	0	0	0	0	0	0	0	0	0	0	0	0	0	0	0	379	0	0.0	0.0	0.999999840985778	0.0	0.0	0.0	0.0	0.0	1.5901421870703512e-07	0.0	0.0
TATCTCAGTTGAGTTC	2	Decidual stromal cell	2.5243257567964503e-24	0	0	0	418	0	0	0	0	0	0	0	0	0	0	0	0	0	0	0	0	0	0.0	4.322220786678319e-26	1.0	0.0	0.0	0.0	0.0	0.0	0.0	0.0	0.0
TATCTCATCCCTCTTT	2	Decidual stromal cell	0.0	0	0	0	351	0	443	0	0	0	0	0	0	0	0	0	0	0	0	0	0	0	0.0	0.0	1.0	0.0	0.0	0.0	0.0	0.0	0.0	0.0	0.0
TATCTCATCGTAGGAG	1	Cytotoxic T cell	2.1445844799701383e-108	0	0	0	0	0	0	0	0	0	0	0	0	0	0	0	444	0	0	0	0	0	0.0	1.0	0.0	0.0	0.0	0.0	0.0	0.0	8.461520991328775e-111	0.0	0.0
TATGCCCAGATCGGGT	1	Cytotoxic T cell	0.0	0	0	0	0	0	0	0	0	0	0	0	0	0	0	0	377	0	0	429	0	0	0.0	1.0	0.0	0.0	0.0	0.0	0.0	0.0	0.0	0.0	0.0
TCAACGACATTACCTT	1	Cytotoxic T cell	0.0	0	0	0	0	0	0	0	0	403	0	0	0	0	0	0	0	0	0	0	0	0	0.0	1.0	0.0	0.0	0.0	0.0	0.0	0.0	0.0	0.0	0.0
TCAATCTCATCGATGT	2	Decidual stromal cell	5.675305548888155e-24	0	0	0	409	0	0	0	0	0	0	0	0	0	0	0	0	0	0	0	0	0	0.0	9.856541362188599e-26	1.0	0.0	0.0	0.0	0.0	0.0	0.0	0.0	0.0
TCACGAAGTGACGCCT	2	Decidual stromal cell	8.09296599953797e-24	0	0	0	405	0	0	0	0	0	0	0	0	0	0	0	0	0	0	0	0	0	0.0	1.4144112285040227e-25	1.0	0.0	0.0	0.0	0.0	0.0	0.0	0.0	0.0
TCACGAAGTGCAACTT	2	Decidual stromal cell	3.1850636621745996e-12	0	0	0	0	0	0	0	0	0	0	0	0	0	0	0	0	0	0	0	430	0	0.0	0.0	0.9999999999999005	0.0	0.0	0.0	0.0	0.0	1.0306636108595156e-13	0.0	0.0
TCACGAAGTGCAGTAG	1	Cytotoxic T cell	4.876982772883432e-107	0	0	0	0	0	0	0	0	0	0	0	0	0	0	0	421	0	0	0	0	0	0.0	1.0	0.0	0.0	0.0	0.0	0.0	0.0	1.9483397790171835e-109	0.0	0.0
TCAGATGCACCGAAAG	1	Cytotoxic T cell	7.270621025300494e-106	0	0	0	0	0	0	0	0	0	0	0	0	0	0	0	401	0	0	0	0	0	0.0	1.0	0.0	0.0	0.0	0.0	0.0	0.0	2.9364144888782285e-108	0.0	0.0
TCAGATGGTAGGGTAC	1	Cytotoxic T cell	0.0	0	0	0	0	0	0	0	0	399	0	0	0	0	0	0	0	0	0	0	0	0	0.0	1.0	0.0	0.0	0.0	0.0	0.0	0.0	0.0	0.0	0.0
TCAGCAAGTTCACCTC	1	Cytotoxic T cell	0.0	0	0	0	0	0	0	0	0	0	0	0	0	0	0	0	0	0	448	0	0	0	0.0	1.0	0.0	0.0	0.0	0.0	0.0	0.0	0.0	0.0	0.0
TCAGCTCGTGGACGAT	1	Cytotoxic T cell	0.0	0	0	0	0	0	0	0	0	0	0	0	0	0	0	0	0	0	0	437	0	0	0.0	1.0	0.0	0.0	0.0	0.0	0.0	0.0	0.0	0.0	0.0
TCAGCTCTCGTCGTTC	8	Stromal cell	0.0	0	452	0	431	0	444	0	0	0	0	0	0	0	0	0	0	0	0	0	441	0	0.0	0.0	0.0	0.0	0.0	0.0	0.0	0.0	1.0	0.0	0.0
TCATTACGTCGCTTTC	2	Decidual stromal cell	2.6883623965001036e-07	0	0	0	0	0	0	0	0	0	0	0	0	0	0	0	0	0	0	0	391	0	0.0	0.0	0.9999999859083389	0.0	0.0	0.0	0.0	0.0	1.4091661183734144e-08	0.0	0.0
TCCACACAGCGATTCT	1	Cytotoxic T cell	1.0000144548595055e-102	0	0	0	0	0	0	0	0	0	0	0	0	0	0	0	347	0	0	0	0	0	0.0	1.0	0.0	0.0	0.0	0.0	0.0	0.0	4.16073295176068e-105	0.0	0.0
TCCCGATTCCAAACAC	2	Decidual stromal cell	0.0	0	0	0	404	0	0	0	0	0	0	0	0	0	0	0	0	0	0	0	393	0	0.0	0.0	1.0	0.0	0.0	0.0	0.0	0.0	0.0	0.0	0.0
TCGAGGCAGGCTCAGA	2	Decidual stromal cell	9.637463616623465e-23	0	0	0	376	0	0	0	0	0	0	0	0	0	0	0	0	0	0	0	0	0	0.0	1.762018657421036e-24	1.0	0.0	0.0	0.0	0.0	0.0	0.0	0.0	0.0
TCGAGGCTCATGCATG	1	Cytotoxic T cell	1.6330031667148742e-108	0	0	0	0	0	0	0	0	0	0	0	0	0	0	0	446	0	0	0	0	0	0.0	1.0	0.0	0.0	0.0	0.0	0.0	0.0	6.4361140431047484e-111	0.0	0.0
TCGCGAGTCAGAGGTG	1	Cytotoxic T cell	0.0	0	0	0	0	0	0	0	0	402	0	0	0	0	0	0	0	0	0	0	0	0	0.0	1.0	0.0	0.0	0.0	0.0	0.0	0.0	0.0	0.0	0.0
TCGGTAAGTTACGGAG	2	Decidual stromal cell	0.0	0	0	447	410	0	0	0	0	0	0	0	0	0	0	0	0	0	0	0	0	0	0.0	0.0	1.0	0.0	0.0	0.0	0.0	0.0	0.0	0.0	0.0
TCGTACCGTTACAGAA	2	Decidual stromal cell	2.5243257567964503e-24	0	0	0	418	0	0	0	0	0	0	0	0	0	0	0	0	0	0	0	0	0	0.0	4.322220786678319e-26	1.0	0.0	0.0	0.0	0.0	0.0	0.0	0.0	0.0
TCGTAGAGTTGCCTCT	1	Cytotoxic T cell	9.577135341720494e-108	0	0	0	0	0	0	0	0	0	0	0	0	0	0	0	433	0	0	0	0	0	0.0	1.0	0.0	0.0	0.0	0.0	0.0	0.0	3.8012192481810754e-110	0.0	0.0
TCTATTGCATCACCCT	2	Decidual stromal cell	5.003536501424521e-21	0	0	0	325	0	0	0	0	0	0	0	0	0	0	0	0	0	0	0	0	0	0.0	9.874855509098241e-23	1.0	0.0	0.0	0.0	0.0	0.0	0.0	0.0	0.0
TCTATTGGTTAGGGTG	1	Cytotoxic T cell	0.0	0	0	0	0	0	0	0	0	431	0	0	0	0	0	0	0	0	0	0	0	0	0.0	1.0	0.0	0.0	0.0	0.0	0.0	0.0	0.0	0.0	0.0
TCTCATACAGGTCGTC	2	Decidual stromal cell	5.382074876882921e-23	0	0	0	383	0	0	0	0	0	0	0	0	0	0	0	0	0	0	0	0	0	0.0	9.73444830822284e-25	1.0	0.0	0.0	0.0	0.0	0.0	0.0	0.0	0.0
TCTGAGACAATGGACG	2	Decidual stromal cell	2.3021530026103546e-23	0	0	0	393	0	0	0	0	0	0	0	0	0	0	0	0	0	0	0	0	0	0.0	4.0997348285630155e-25	1.0	0.0	0.0	0.0	0.0	0.0	0.0	0.0	0.0
TCTGGAACAACTGCGC	2	Decidual stromal cell	0.0	0	0	0	403	0	430	0	0	0	0	0	0	0	0	0	0	0	0	0	0	0	0.0	0.0	1.0	0.0	0.0	0.0	0.0	0.0	0.0	0.0	0.0
TCTGGAACATGTCCTC	1	Cytotoxic T cell	4.852200901884743e-106	0	0	0	0	0	0	0	0	0	0	0	0	0	0	0	404	0	0	0	0	0	0.0	1.0	0.0	0.0	0.0	0.0	0.0	0.0	1.9564691259338393e-108	0.0	0.0
TCTGGAATCAGGCCCA	4	Epithelial cell of endometrial gland	0.0	0	0	0	0	0	0	0	452	0	0	0	0	0	0	0	0	0	0	0	0	0	0.0	0.0	0.0	0.0	1.0	0.0	0.0	0.0	0.0	0.0	0.0
TCTTCGGAGCTAGTCT	1	Cytotoxic T cell	0.0	0	0	0	0	0	0	0	0	412	0	0	0	0	0	0	0	0	0	0	0	0	0.0	1.0	0.0	0.0	0.0	0.0	0.0	0.0	0.0	0.0	0.0
TCTTCGGAGGCGCTCT	1	Cytotoxic T cell	0.0	0	0	0	0	0	0	0	0	408	0	0	0	0	0	0	0	0	0	0	0	0	0.0	1.0	0.0	0.0	0.0	0.0	0.0	0.0	0.0	0.0	0.0
TCTTTCCAGTCGATAA	1	Cytotoxic T cell	4.2591566350258244e-107	0	0	0	0	0	0	0	0	0	0	0	0	0	0	0	422	0	0	0	0	0	0.0	1.0	0.0	0.0	0.0	0.0	0.0	0.0	1.7005961644352775e-109	0.0	0.0
TCTTTCCCAATCTACG	1	Cytotoxic T cell	0.0	0	0	0	382	0	0	0	0	448	0	0	0	0	0	0	0	0	0	0	0	0	0.0	1.0	0.0	0.0	0.0	0.0	0.0	0.0	0.0	0.0	0.0
TGAAAGACAGTTCCCT	2	Decidual stromal cell	6.749060236936465e-06	0	0	0	0	0	0	0	0	0	0	0	0	0	0	0	0	0	0	0	373	0	0.0	0.0	0.9999995689436935	0.0	0.0	0.0	0.0	0.0	4.3105630999904646e-07	0.0	0.0
TGAAAGATCTAGAGTC	2	Decidual stromal cell	2.0697585118367475e-21	0	0	0	337	0	0	0	0	0	0	0	0	0	0	0	0	0	0	0	0	0	0.0	4.013509593293646e-23	1.0	0.0	0.0	0.0	0.0	0.0	0.0	0.0	0.0
TGACGGCCACACCGCA	2	Decidual stromal cell	1.0232580378412767e-05	0	0	0	0	0	0	0	0	0	0	0	0	0	0	0	0	0	0	0	370	0	0.0	0.0	0.9999993273358274	0.0	0.0	0.0	0.0	0.0	6.726641729476438e-07	0.0	0.0
TGACGGCTCTGAGGGA	2	Decidual stromal cell	0.0	0	0	0	348	0	442	0	0	0	0	0	0	0	0	0	0	0	0	0	0	0	0.0	0.0	1.0	0.0	0.0	0.0	0.0	0.0	0.0	0.0	0.0
TGACTAGAGTCGTTTG	1	Cytotoxic T cell	2.3132527595020714e-103	0	0	0	0	0	0	0	0	0	0	0	0	0	0	0	358	0	0	0	0	0	0.0	1.0	0.0	0.0	0.0	0.0	0.0	0.0	9.566177611381114e-106	0.0	0.0
TGACTTTGTACAGCAG	2	Decidual stromal cell	0.0	0	0	0	394	0	438	0	0	0	0	0	0	0	0	0	0	0	0	0	0	0	0.0	0.0	1.0	0.0	0.0	0.0	0.0	0.0	0.0	0.0	0.0
TGAGAGGAGCCGGTAA	2	Decidual stromal cell	4.121678092697879e-22	0	0	0	358	0	0	0	0	0	0	0	0	0	0	0	0	0	0	0	0	0	0.0	7.745338501931253e-24	1.0	0.0	0.0	0.0	0.0	0.0	0.0	0.0	0.0
TGAGAGGAGTGGTCCC	2	Decidual stromal cell	9.637463616623465e-23	0	0	0	376	0	0	0	0	0	0	0	0	0	0	0	0	0	0	0	0	0	0.0	1.762018657421036e-24	1.0	0.0	0.0	0.0	0.0	0.0	0.0	0.0	0.0
TGAGAGGTCAAAGACA	2	Decidual stromal cell	7.45880577851651e-11	0	0	0	0	0	0	0	0	0	0	0	0	0	0	0	0	0	0	0	421	0	0.0	0.0	0.9999999999972999	0.0	0.0	0.0	0.0	0.0	2.698726516797942e-12	0.0	0.0
TGAGCCGCAAGGACTG	1	Cytotoxic T cell	0.0	0	0	0	311	0	0	0	0	0	0	0	0	0	0	0	341	0	0	0	0	0	0.0	1.0	0.0	0.0	0.0	0.0	0.0	0.0	0.0	0.0	0.0
TGAGGGACACAGCCCA	2	Decidual stromal cell	2.2301889283145386e-21	0	0	0	336	0	0	0	0	0	0	0	0	0	0	0	0	0	0	0	0	0	0.0	4.3309971700004335e-23	1.0	0.0	0.0	0.0	0.0	0.0	0.0	0.0	0.0
TGAGGGACACGCCAGT	2	Decidual stromal cell	2.0156248772556618e-25	0	0	0	445	0	0	0	0	0	0	0	0	0	0	0	0	0	0	0	0	0	0.0	3.305704043707416e-27	1.0	0.0	0.0	0.0	0.0	0.0	0.0	0.0	0.0
TGATTTCGTGCATCTA	2	Decidual stromal cell	0.0	0	0	0	310	0	0	0	0	0	0	0	0	0	0	0	0	0	0	0	359	0	0.0	0.0	1.0	0.0	0.0	0.0	0.0	0.0	0.0	0.0	0.0
TGATTTCTCTTGAGAC	1	Cytotoxic T cell	6.711040533181326e-103	0	0	0	0	0	0	0	0	0	0	0	0	0	0	0	350	0	0	0	0	0	0.0	1.0	0.0	0.0	0.0	0.0	0.0	0.0	2.787599150577178e-105	0.0	0.0
TGCACCTAGTACGACG	1	Cytotoxic T cell	0.0	0	0	0	0	0	0	0	0	417	0	0	0	0	0	0	0	0	0	0	0	0	0.0	1.0	0.0	0.0	0.0	0.0	0.0	0.0	0.0	0.0	0.0
TGCACCTGTCGATTGT	2	Decidual stromal cell	8.319728393506726e-22	0	0	0	349	0	0	0	0	0	0	0	0	0	0	0	0	0	0	0	0	0	0.0	1.5847392307394503e-23	1.0	0.0	0.0	0.0	0.0	0.0	0.0	0.0	0.0
TGCCAAAAGATAGTCA	2	Decidual stromal cell	6.363155273857734e-23	0	0	0	381	0	0	0	0	0	0	0	0	0	0	0	0	0	0	0	0	0	0.0	1.1544517527689849e-24	1.0	0.0	0.0	0.0	0.0	0.0	0.0	0.0	0.0
TGCCCATTCGACCAGC	2	Decidual stromal cell	5.079688471005438e-06	0	0	451	0	0	0	0	0	0	0	0	0	0	0	0	0	0	0	0	0	0	0.0	0.0	0.9999996817311407	0.0	0.0	0.0	0.0	0.0	3.1826885777302867e-07	0.0	0.0
TGCGTGGGTTCGCGAC	1	Cytotoxic T cell	0.0	0	0	0	0	0	0	0	0	0	0	0	0	0	0	0	0	0	0	444	0	0	0.0	1.0	0.0	0.0	0.0	0.0	0.0	0.0	0.0	0.0	0.0
TGCTACCTCCGTTGTC	2	Decidual stromal cell	0.0	0	0	0	356	0	421	0	0	0	0	0	0	0	0	0	0	0	0	0	330	0	0.0	0.0	1.0	0.0	0.0	0.0	0.0	0.0	0.0	0.0	0.0
TGGACGCCAATGACCT	1	Cytotoxic T cell	2.4415427122591646e-105	0	0	0	0	0	0	0	0	0	0	0	0	0	0	0	392	0	0	0	0	0	0.0	1.0	0.0	0.0	0.0	0.0	0.0	0.0	9.909433395699074e-108	0.0	0.0
TGGACGCGTAGCGTCC	2	Decidual stromal cell	3.7406880365115104e-10	0	0	0	0	0	0	0	0	0	0	0	0	0	0	0	0	0	0	0	416	0	0.0	0.0	0.9999999999855902	0.0	0.0	0.0	0.0	0.0	1.4407619892973586e-11	0.0	0.0
TGGCCAGCACAGACAG	2	Decidual stromal cell	3.000904252564917e-22	0	0	0	362	0	0	0	0	0	0	0	0	0	0	0	0	0	0	0	0	0	0.0	5.605148226120403e-24	1.0	0.0	0.0	0.0	0.0	0.0	0.0	0.0	0.0
TGGCCAGGTCTGATTG	1	Cytotoxic T cell	0.0	0	0	0	0	0	0	0	0	0	0	0	0	0	0	0	0	0	0	452	0	0	0.0	1.0	0.0	0.0	0.0	0.0	0.0	0.0	0.0	0.0	0.0
TGGCGCATCGACCAGC	0	Alternatively activated macrophage	0.0	450	0	0	332	0	0	0	0	0	0	0	0	0	0	0	0	0	0	0	0	0	1.0	0.0	0.0	0.0	0.0	0.0	0.0	0.0	0.0	0.0	0.0
TGGCTGGAGTAACCCT	1	Cytotoxic T cell	0.0	0	0	0	0	0	0	0	0	430	0	0	0	0	0	0	0	0	0	0	0	0	0.0	1.0	0.0	0.0	0.0	0.0	0.0	0.0	0.0	0.0	0.0
TGGCTGGAGTACGTTC	2	Decidual stromal cell	0.0	0	0	433	323	0	428	0	0	0	0	0	0	0	0	0	0	0	0	0	343	0	0.0	0.0	1.0	0.0	0.0	0.0	0.0	0.0	0.0	0.0	0.0
TGGCTGGTCATAACCG	2	Decidual stromal cell	1.5323815537426169e-21	0	0	0	341	0	0	0	0	0	0	0	0	0	0	0	0	0	0	0	0	0	0.0	2.9539130080397904e-23	1.0	0.0	0.0	0.0	0.0	0.0	0.0	0.0	0.0
TGGGAAGGTTCCACTC	2	Decidual stromal cell	1.690026707933377e-05	0	0	0	0	0	0	0	0	0	0	0	0	0	0	0	0	0	0	0	366	0	0.0	0.0	0.9999988483066342	0.0	0.0	0.0	0.0	0.0	1.1516933684101596e-06	0.0	0.0
TGGGAAGTCCAATGGT	2	Decidual stromal cell	4.653782304785495e-21	0	0	0	326	0	0	0	0	0	0	0	0	0	0	0	0	0	0	0	0	0	0.0	9.1712092732916e-23	1.0	0.0	0.0	0.0	0.0	0.0	0.0	0.0	0.0
TGGTTCCTCACAACGT	2	Decidual stromal cell	2.4025761304937784e-21	0	0	0	335	0	0	0	0	0	0	0	0	0	0	0	0	0	0	0	0	0	0.0	4.672660975057675e-23	1.0	0.0	0.0	0.0	0.0	0.0	0.0	0.0	0.0
TGTCCCACAAGTAGTA	1	Cytotoxic T cell	4.078646017261644e-104	0	0	0	0	0	0	0	0	0	0	0	0	0	0	0	371	0	0	0	0	0	0.0	1.0	0.0	0.0	0.0	0.0	0.0	0.0	1.6746067152778886e-106	0.0	0.0
TGTCCCACATGCTGGC	1	Cytotoxic T cell	0.0	0	0	0	0	0	0	0	0	0	0	0	0	0	0	0	0	0	0	431	0	0	0.0	1.0	0.0	0.0	0.0	0.0	0.0	0.0	0.0	0.0	0.0
TGTGTTTAGCCCAACC	4	Epithelial cell of endometrial gland	0.0	0	0	0	0	0	0	0	449	0	0	0	0	0	0	0	0	0	0	0	0	0	0.0	0.0	0.0	0.0	1.0	0.0	0.0	0.0	0.0	0.0	0.0
TGTGTTTCATCACGAT	2	Decidual stromal cell	1.7089514856621145e-22	0	0	0	369	0	0	0	0	0	0	0	0	0	0	0	0	0	0	0	0	0	0.0	3.158171830869306e-24	1.0	0.0	0.0	0.0	0.0	0.0	0.0	0.0	0.0
TTAGTTCGTAGCTCCG	3	Endothelial cell of lymphatic vessel	0.0	0	0	0	0	0	0	451	451	0	0	0	0	0	0	0	0	0	0	0	0	0	0.0	0.0	0.0	1.0	0.0	0.0	0.0	0.0	0.0	0.0	0.0
TTAGTTCTCACGCATA	2	Decidual stromal cell	2.5575352528115615e-22	0	0	0	364	0	0	0	0	0	0	0	0	0	0	0	0	0	0	0	0	0	0.0	4.76252332635271e-24	1.0	0.0	0.0	0.0	0.0	0.0	0.0	0.0	0.0
TTATGCTTCATCACCC	2	Decidual stromal cell	0.0	0	0	449	364	0	0	0	0	0	0	0	0	0	0	0	0	0	0	0	0	0	0.0	0.0	1.0	0.0	0.0	0.0	0.0	0.0	0.0	0.0	0.0
TTCCCAGGTGGCGAAT	4	Epithelial cell of endometrial gland	0.0	0	0	0	0	0	0	0	0	0	451	0	0	0	0	0	0	0	0	0	0	0	0.0	0.0	0.0	0.0	1.0	0.0	0.0	0.0	0.0	0.0	0.0
TTCGAAGCAGTTCCCT	2	Decidual stromal cell	0.0	0	0	0	386	0	452	0	0	0	0	0	0	0	0	0	0	0	0	0	0	0	0.0	0.0	1.0	0.0	0.0	0.0	0.0	0.0	0.0	0.0	0.0
TTCTCAACACAGTCGC	1	Cytotoxic T cell	0.0	0	0	0	0	0	0	0	0	414	0	0	0	0	0	0	0	0	0	0	0	0	0.0	1.0	0.0	0.0	0.0	0.0	0.0	0.0	0.0	0.0	0.0
TTCTCAAGTTAAAGAC	1	Cytotoxic T cell	0.0	0	0	0	0	0	0	0	0	416	0	0	0	0	0	0	0	0	0	0	0	0	0.0	1.0	0.0	0.0	0.0	0.0	0.0	0.0	0.0	0.0	0.0
TTCTCAATCACCTTAT	2	Decidual stromal cell	7.782948337765654e-06	0	0	0	0	0	0	0	0	0	0	0	0	0	0	0	0	0	0	0	372	0	0.0	0.0	0.9999994980271419	0.0	0.0	0.0	0.0	0.0	5.019728552439582e-07	0.0	0.0
TTCTCCTAGCGATCCC	2	Decidual stromal cell	1.8978663839214678e-05	0	0	0	0	0	0	0	0	0	0	0	0	0	0	0	0	0	0	0	365	0	0.0	0.0	0.9999986956038337	0.0	0.0	0.0	0.0	0.0	1.3043961698589712e-06	0.0	0.0
TTCTTAGAGCTAGGCA	0	Alternatively activated macrophage	0.0	451	0	0	0	0	0	0	0	0	0	0	0	0	0	0	0	0	0	0	0	0	1.0	0.0	0.0	0.0	0.0	0.0	0.0	0.0	0.0	0.0	0.0
TTCTTAGAGGACGAAA	1	Cytotoxic T cell	7.298062428362089e-108	0	0	0	0	0	0	0	0	0	0	0	0	0	0	0	435	0	0	0	0	0	0.0	1.0	0.0	0.0	0.0	0.0	0.0	0.0	2.8935087345891773e-110	0.0	0.0
TTGACTTCATACTACG	1	Cytotoxic T cell	0.0	0	0	0	0	0	0	0	0	433	0	0	0	0	0	0	0	0	0	0	0	0	0.0	1.0	0.0	0.0	0.0	0.0	0.0	0.0	0.0	0.0	0.0
TTGCGTCCACCCTATC	2	Decidual stromal cell	0.0	0	0	438	387	0	450	0	0	0	0	0	0	0	0	0	0	0	0	0	0	0	0.0	0.0	1.0	0.0	0.0	0.0	0.0	0.0	0.0	0.0	0.0
TTTACTGGTAGCCTCG	6	Professional antigen presenting cell	0.0	0	0	0	0	0	0	0	0	0	0	0	0	451	0	0	0	0	0	0	0	0	0.0	0.0	0.0	0.0	0.0	0.0	1.0	0.0	0.0	0.0	0.0
TTTGCGCAGACTGTAA	2	Decidual stromal cell	0.0	0	0	0	408	0	0	0	0	0	0	0	0	0	0	0	0	0	0	0	419	0	0.0	0.0	1.0	0.0	0.0	0.0	0.0	0.0	0.0	0.0	0.0
TTTGTCACATCCCACT	2	Decidual stromal cell	1.8801470905303275e-06	0	0	0	0	0	0	0	0	0	0	0	0	0	0	0	0	0	0	0	381	0	0.0	0.0	0.9999998895230736	0.0	0.0	0.0	0.0	0.0	1.1047692875699681e-07	0.0	0.0
