barcodes	label_id	label	ent	SLC4A1	HBG1	AHSP	OTUB2	DHRS9	GREM2	SLC1A2	LGALS16	ERVFRD-1	LILRB4	FPR3	SDS	HLA-DQA1	HLA-DRB5	HLA-DRB1	HPGDS	TMIGD3	SCN9A	F13A1	LYVE1	NKG7	RAMP1	C1S	IGFBP5	C1R	SPARCL1	VTN	TCF21	SLIT2	EGFL6	DLK1	CXCL14	ANGPT2	GNGT1	PSG6	KISS1	PSG8	CRH	mahalanobis_0	mahalanobis_1	mahalanobis_2	mahalanobis_3	mahalanobis_4	mahalanobis_5	mahalanobis_6	mahalanobis_7
AAACGGGAGGCAGTCA	4	Mes_1	0.0	0	0	0	0	0	0	0	0	0	0	0	0	0	0	179	0	0	0	0	0	0	0	0	187	0	0	0	0	0	184	179	0	0	0	0	0	0	0	0.0	0.0	0.0	0.0	1.0	0.0	0.0	0.0
AAAGTAGAGGGAGTAA	5	Mes_2	0.0	0	0	0	0	0	0	0	0	0	0	0	0	0	0	0	0	0	0	0	0	0	0	0	0	0	0	0	0	0	190	186	183	0	0	0	0	0	0	0.0	0.0	0.0	0.0	0.0	1.0	0.0	0.0
AACGTTGGTTCAACCA	5	Mes_2	9.0902654e-317	0	0	0	0	0	0	0	0	0	0	0	0	0	0	0	0	0	0	0	0	0	0	0	0	0	0	0	0	0	0	164	0	0	0	0	0	0	0	0.0	0.0	0.0	0.0	1.23793e-319	1.0	0.0	0.0
AACGTTGTCTTTACGT	2	Macro_1	0.0	0	0	0	0	189	0	0	0	0	0	196	191	0	0	189	0	0	0	0	0	0	0	0	0	0	0	0	0	0	0	0	0	0	0	0	0	0	0	0.0	0.0	1.0	0.0	0.0	0.0	0.0	0.0
AATCCAGCATGGTCTA	7	Other	0.0	0	0	0	0	0	0	0	0	0	0	0	0	0	0	0	0	0	0	0	0	0	0	0	0	0	0	0	0	0	0	0	0	0	0	0	191	0	0	0.0	0.0	0.0	0.0	0.0	0.0	0.0	1.0
ACACCCTTCTGTTTGT	5	Mes_2	7.573203403153319e-49	0	0	0	0	0	0	0	0	0	0	0	0	0	0	0	0	0	0	0	0	0	0	0	0	0	0	0	0	0	0	0	176	0	0	0	0	0	0	0.0	0.0	0.0	0.0	2.5e-323	1.0	0.0	6.553948301087942e-51
ACAGCTATCGAGCCCA	4	Mes_1	0.0	0	0	0	0	0	0	0	0	0	0	0	0	0	0	0	0	0	194	0	0	0	0	0	191	0	0	0	0	0	0	158	0	0	0	0	0	0	0	0.0	0.0	0.0	0.0	1.0	0.0	0.0	0.0
ACATACGCACGCATCG	4	Mes_1	0.0	0	0	0	0	188	0	0	0	0	0	0	0	0	0	0	0	0	0	0	0	0	0	0	0	0	0	0	0	0	0	152	0	0	0	0	0	0	0	0.0	0.0	0.0	0.0	1.0	0.0	0.0	0.0
ACATACGTCTATGTGG	7	Other	0.0	0	0	0	0	0	0	0	0	0	0	0	0	0	0	185	0	0	0	0	0	0	0	0	0	0	0	0	0	0	0	0	0	0	0	0	0	0	0	0.0	0.0	0.0	0.0	0.0	0.0	0.0	1.0
ACATCAGCAGAGCCAA	7	Other	0.0	0	0	0	0	0	0	0	0	0	0	0	195	0	0	188	0	0	0	0	0	0	0	0	0	0	0	0	0	0	0	0	0	0	0	0	0	0	0	0.0	0.0	0.0	0.0	0.0	0.0	0.0	1.0
ACCGTAAGTTCGCTAA	5	Mes_2	2.2033246638126796e-47	0	0	0	0	0	0	0	0	0	0	0	0	0	0	0	0	0	0	0	0	0	0	0	0	0	0	0	0	0	0	0	152	0	0	0	0	0	0	0.0	0.0	0.0	0.0	2.7075e-320	1.0	0.0	1.9645987717294534e-49
ACCGTAATCCCTAACC	7	Other	0.0	0	0	0	196	0	0	0	0	0	0	0	0	0	0	0	0	0	0	0	0	0	0	0	0	0	0	0	0	0	0	0	0	0	0	0	0	0	0	0.0	0.0	0.0	0.0	0.0	0.0	0.0	1.0
ACGATGTGTTGGGACA	7	Other	0.0	0	0	0	0	0	0	0	0	0	0	0	0	0	0	0	0	0	0	0	0	0	0	0	0	0	0	0	0	0	0	0	0	0	0	0	188	0	0	0.0	0.0	0.0	0.0	0.0	0.0	0.0	1.0
ACGTCAATCATGGTCA	5	Mes_2	0.0	0	0	0	0	0	0	0	0	0	0	0	0	0	0	0	0	0	0	0	0	0	0	0	196	196	0	0	195	0	186	188	187	0	0	0	0	0	0	0.0	0.0	0.0	0.0	0.0	1.0	0.0	0.0
ACTATCTGTTATCGGT	5	Mes_2	4.303751346100677e-48	0	0	0	0	0	0	0	0	0	0	0	0	0	0	0	0	0	0	0	0	0	0	0	0	0	0	0	0	0	0	0	164	0	0	0	0	0	0	0.0	0.0	0.0	0.0	8.55e-322	1.0	0.0	3.781887501309314e-50
ACTGAACCAGATCGGA	5	Mes_2	1.6905226195270872e-47	0	0	0	0	0	0	0	0	0	0	0	0	0	0	0	0	0	0	0	0	0	0	0	0	0	0	0	0	0	0	0	154	0	0	0	0	0	0	0.0	0.0	0.0	0.0	1.528e-320	1.0	0.0	1.503773608664718e-49
ACTGATGAGATGCCTT	5	Mes_2	1.643730337513682e-49	0	0	0	0	0	0	0	0	0	0	0	0	0	0	0	0	0	0	0	0	0	0	0	0	0	0	0	0	0	0	0	186	0	0	0	0	0	0	0.0	0.0	0.0	0.0	0.0	1.0	0.0	1.403785890570948e-51
ACTGATGCACCCATGG	5	Mes_2	5.611895985600256e-49	0	0	0	0	0	0	0	0	0	0	0	0	0	0	0	0	0	0	0	0	0	0	0	0	0	0	0	0	0	0	0	178	0	0	0	0	0	0	0.0	0.0	0.0	0.0	1.5e-323	1.0	0.0	4.843933336349661e-51
ACTTACTTCCAAAGTC	5	Mes_2	8.607340230744088e-48	0	0	0	0	0	0	0	0	0	0	0	0	0	0	0	0	0	0	0	0	0	0	0	0	0	0	0	0	0	0	0	159	0	0	0	0	0	0	0.0	0.0	0.0	0.0	3.63e-321	1.0	0.0	7.610397948452438e-50
AGACGTTCAGTATGCT	5	Mes_2	0.0	0	0	0	0	0	0	0	0	0	0	0	0	0	0	0	0	0	0	0	0	0	0	0	0	0	0	184	0	0	0	0	0	0	0	0	0	0	0	0.0	0.0	0.0	0.0	0.0	1.0	0.0	0.0
AGACGTTGTACCTACA	4	Mes_1	1.2483114584788615e-21	0	0	0	0	0	0	0	0	0	0	0	0	191	0	0	0	0	0	0	0	0	0	0	0	0	0	0	0	0	0	0	0	0	0	0	0	0	0	0.0	0.0	0.0	0.0	1.0	0.0	0.0	2.396663847102371e-23
AGAGTGGAGTGTTGAA	7	Other	0.0	0	0	0	0	0	0	0	0	194	0	0	0	0	0	0	0	0	0	0	0	0	0	0	0	0	0	0	0	0	0	0	0	0	0	0	0	0	0	0.0	0.0	0.0	0.0	0.0	0.0	0.0	1.0
AGCAGCCAGGTGATAT	4	Mes_1	0.0	0	0	0	0	0	0	0	0	0	0	0	0	0	0	0	0	0	0	0	0	0	0	0	195	0	195	0	0	0	181	0	0	0	0	0	0	0	0	0.0	0.0	0.0	0.0	1.0	0.0	0.0	0.0
AGCCTAATCTTCAACT	7	Other	0.0	0	0	0	0	0	0	0	0	0	0	0	0	0	0	0	192	0	0	0	0	0	0	0	0	0	0	0	0	0	0	0	0	0	0	191	0	0	0	0.0	0.0	0.0	0.0	0.0	0.0	0.0	1.0
AGCGTATGTCCTGCTT	5	Mes_2	2.065380024414261e-49	0	0	0	0	0	0	0	0	0	0	0	0	0	0	0	0	0	0	0	0	0	0	191	0	0	0	0	0	0	0	0	0	0	0	0	0	0	0	0.0	0.0	0.0	0.0	0.0	1.0	0.0	1.7673613337811458e-51
AGCTCCTAGTGTGGCA	5	Mes_2	3.8757424917943326e-49	0	0	0	0	0	0	0	0	0	0	0	0	0	0	0	0	0	0	0	0	0	0	187	0	0	0	0	0	0	0	0	0	0	0	0	0	0	0	0.0	0.0	0.0	0.0	0.0	1.0	0.0	3.334617973090869e-51
AGCTCCTGTTATCACG	7	Other	0.0	0	0	0	0	0	195	0	194	0	0	0	0	0	0	0	0	0	0	0	0	0	0	0	0	0	0	0	0	0	0	0	0	0	0	0	0	0	0	0.0	0.0	0.0	0.0	0.0	0.0	0.0	1.0
AGGCCACTCTAGAGTC	5	Mes_2	3.04253168e-315	0	0	0	0	0	0	0	0	0	0	0	0	0	0	0	0	0	0	0	0	0	0	0	0	0	0	0	0	0	0	154	0	0	0	0	0	0	0	0.0	0.0	0.0	0.0	4.163313e-318	1.0	0.0	0.0
AGGGTGAGTACGCACC	5	Mes_2	0.0	0	0	0	0	0	0	0	0	0	0	0	0	0	0	0	0	0	0	0	0	0	0	0	188	0	0	188	0	180	178	170	171	185	0	0	0	0	0	0.0	0.0	0.0	0.0	0.0	1.0	0.0	0.0
AGGTCATCATGCGCAC	4	Mes_1	1.417334948349101e-21	0	0	0	0	0	0	0	0	0	0	0	0	196	0	0	0	0	0	0	0	0	0	0	0	0	0	0	0	0	0	0	0	0	0	0	0	0	0	0.0	0.0	0.0	0.0	1.0	0.0	0.0	2.727957439326922e-23
AGGTCATGTTCCCTTG	5	Mes_2	2.51266824030015e-47	0	0	0	0	0	0	0	0	0	0	0	0	0	0	0	0	0	0	0	0	0	0	0	0	0	0	0	0	0	0	0	151	0	0	0	0	0	0	0.0	0.0	0.0	0.0	3.6017e-320	1.0	0.0	2.2430768481244345e-49
AGGTCATTCATGTAGC	5	Mes_2	8.444762625e-315	0	0	0	0	0	0	0	0	0	0	0	0	0	0	0	0	0	0	0	0	0	0	0	0	0	0	0	0	0	0	151	0	0	0	0	0	0	0	0.0	0.0	0.0	0.0	1.157176e-317	1.0	0.0	0.0
AGTAGTCTCCAGATCA	5	Mes_2	0.0	0	0	0	0	0	0	0	189	0	0	0	0	0	0	0	0	195	0	0	0	0	0	0	0	0	0	0	0	194	0	166	162	0	0	0	0	0	0	0.0	0.0	0.0	0.0	0.0	1.0	0.0	0.0
ATAAGAGAGAACTGTA	4	Mes_1	8.60493711741662e-21	0	0	0	0	0	0	0	0	0	0	0	0	182	0	0	0	0	0	0	0	0	0	0	0	0	0	0	0	0	0	0	0	0	0	0	0	0	0	0.0	0.0	0.0	0.0	1.0	0.0	0.0	1.7169937962861294e-22
ATCCACCTCTCTGCTG	7	Other	0.0	0	0	0	0	0	0	0	0	0	0	0	0	0	0	193	0	0	0	0	0	0	0	0	0	0	0	0	0	0	0	0	0	0	0	0	0	0	0	0.0	0.0	0.0	0.0	0.0	0.0	0.0	1.0
ATCGAGTTCCCTGACT	7	Other	0.0	0	0	0	191	0	0	0	0	0	0	0	0	0	0	0	0	0	0	0	0	0	0	0	0	0	0	0	0	0	0	0	0	0	0	0	0	0	0	0.0	0.0	0.0	0.0	0.0	0.0	0.0	1.0
ATCTACTTCCGCTGTT	4	Mes_1	3.5965245234820276e-19	0	0	0	0	0	0	170	0	0	0	0	0	0	0	0	0	0	0	0	0	0	0	0	0	0	0	0	0	0	0	0	0	0	0	0	0	0	0	0.0	0.0	0.0	0.0	1.0	0.0	0.0	7.76713584843789e-21
ATTACTCGTCGCCATG	5	Mes_2	1.07994417e-315	0	0	0	0	0	0	0	0	0	0	0	0	0	0	0	0	0	0	0	0	0	0	0	0	0	0	0	0	0	0	157	0	0	0	0	0	0	0	0.0	0.0	0.0	0.0	1.47567e-318	1.0	0.0	0.0
ATTATCCGTAAAGTCA	7	Other	0.0	0	0	0	0	0	0	178	0	0	0	0	0	0	0	0	0	0	0	0	0	0	0	188	0	0	0	0	0	0	0	0	0	0	0	0	0	0	0	0.0	0.0	0.0	0.0	0.0	0.0	0.0	1.0
ATTATCCTCGATAGAA	5	Mes_2	4.861984332492763e-46	0	0	0	0	0	0	0	0	0	0	0	0	0	0	0	0	0	0	0	0	0	0	0	0	0	0	0	0	0	0	0	0	187	0	0	0	0	0	0.0	0.0	0.0	0.0	8.327086468126394e-296	1.0	0.0	4.459346287047819e-48
ATTATCCTCGCCGTGA	5	Mes_2	7.504024230605e-48	0	0	0	0	0	0	0	0	0	0	0	0	0	0	0	0	0	0	0	0	0	0	0	0	0	0	0	0	0	0	0	160	0	0	0	0	0	0	0.0	0.0	0.0	0.0	2.717e-321	1.0	0.0	6.626764057106741e-50
ATTGGTGAGCTGATAA	4	Mes_1	1.7456604551295557e-22	0	0	0	0	191	0	0	0	0	0	0	0	0	0	0	0	0	0	0	0	0	0	0	0	0	0	0	0	0	0	0	0	0	0	0	0	0	0	0.0	0.0	0.0	0.0	1.0	0.0	0.0	3.2273020596640068e-24
ATTGGTGCACGCTTTC	3	Macro_2	0.0	0	0	0	0	0	0	0	0	0	0	0	0	0	0	0	195	196	0	0	196	0	0	0	0	0	0	0	0	0	0	0	0	0	0	0	0	0	0	0.0	0.0	0.0	1.0	0.0	0.0	0.0	0.0
ATTGGTGTCCTATGTT	5	Mes_2	0.0	0	0	0	0	0	0	0	0	0	0	0	0	0	0	0	0	0	0	0	0	0	0	0	0	0	0	0	0	0	0	195	0	0	0	0	0	0	0	0.0	0.0	0.0	0.0	0.0	1.0	0.0	0.0
CACACCTGTGCTTCTC	5	Mes_2	0.0	0	0	0	0	0	0	0	0	0	0	0	0	0	0	0	0	0	0	0	0	0	0	0	0	0	0	189	0	182	183	184	182	0	0	0	0	0	0	0.0	0.0	0.0	0.0	0.0	1.0	0.0	0.0
CACCACTAGAATCTCC	7	Other	0.0	193	0	0	0	0	0	0	0	0	0	0	0	0	0	0	0	0	0	0	0	0	0	0	0	0	0	0	0	0	0	0	0	0	0	0	189	0	0	0.0	0.0	0.0	0.0	0.0	0.0	0.0	1.0
CACCTTGTCTCATTCA	7	Other	0.0	0	0	0	0	0	0	0	0	0	0	0	0	0	0	0	0	0	0	0	0	0	0	0	0	0	0	0	0	0	0	0	0	0	0	190	0	0	0	0.0	0.0	0.0	0.0	0.0	0.0	0.0	1.0
CAGCCGAAGAAACGCC	7	Other	0.0	0	0	0	0	184	0	0	0	0	0	0	181	0	0	0	0	0	0	0	0	0	0	0	0	0	0	0	0	0	0	0	0	0	0	0	173	0	0	0.0	0.0	0.0	0.0	0.0	0.0	0.0	1.0
CAGCTGGTCCACGCAG	5	Mes_2	2.6518037e-316	0	0	0	0	0	0	0	0	0	0	0	0	0	0	0	0	0	0	0	0	0	0	0	0	0	0	0	0	0	0	161	0	0	0	0	0	0	0	0.0	0.0	0.0	0.0	3.61656e-319	1.0	0.0	0.0
CAGTAACCATGTAGTC	5	Mes_2	1.3672263779254936e-48	0	0	0	0	0	0	0	0	0	0	0	0	0	0	0	0	0	0	0	0	0	0	0	0	0	0	0	0	0	0	0	172	0	0	0	0	0	0	0.0	0.0	0.0	0.0	8.4e-323	1.0	0.0	1.1893491252603957e-50
CATATGGCAGGCAGTA	1	CTB_8W_1	4.180666955256111e-101	0	0	0	194	193	192	186	191	0	0	0	0	0	0	0	0	0	0	0	0	0	0	0	0	0	0	0	0	0	0	0	0	0	0	0	0	0	0	0.0	1.0	0.0	0.0	0.0	0.0	0.0	1.766999275959439e-103
CATATTCGTTGAGGTG	4	Mes_1	0.0	0	0	0	0	0	0	169	0	0	0	0	0	179	0	0	0	0	0	0	0	0	0	0	0	0	0	0	0	0	0	146	144	0	0	0	171	0	0	0.0	0.0	0.0	0.0	1.0	0.0	0.0	0.0
CATCAGATCCCTAATT	7	Other	0.0	190	0	0	0	0	0	0	0	0	0	0	0	0	0	0	0	0	0	0	0	0	0	0	0	0	0	0	0	0	0	0	145	0	0	0	175	0	0	0.0	0.0	0.0	0.0	0.0	0.0	0.0	1.0
CATCCACTCCCAACGG	5	Mes_2	0.0	0	0	0	0	0	0	0	0	0	0	0	0	0	0	0	0	0	0	0	0	0	0	0	0	0	0	0	0	191	0	0	0	0	0	0	0	0	0	0.0	0.0	0.0	0.0	0.0	1.0	0.0	0.0
CATGACACACATTAGC	7	Other	0.0	0	0	0	0	0	0	0	0	0	0	0	0	0	0	0	0	0	0	0	0	0	0	0	0	0	0	0	0	0	0	0	0	0	0	0	183	0	0	0.0	0.0	0.0	0.0	0.0	0.0	0.0	1.0
CATGCCTCACCACCAG	7	Other	0.0	0	0	0	0	0	0	0	0	0	0	0	194	0	0	0	0	0	0	0	0	0	0	0	0	0	0	0	0	0	0	0	0	0	0	0	0	0	0	0.0	0.0	0.0	0.0	0.0	0.0	0.0	1.0
CATGGCGTCAACACGT	7	Other	0.0	0	0	0	0	0	0	0	0	0	0	0	0	0	0	0	0	0	0	0	0	0	0	0	0	0	0	0	0	0	0	0	0	0	0	0	193	0	0	0.0	0.0	0.0	0.0	0.0	0.0	0.0	1.0
CCAATCCAGTCAAGGC	7	Other	0.0	0	0	0	0	0	0	0	0	0	0	0	0	0	0	0	0	0	0	0	0	0	0	0	0	0	0	0	0	0	0	0	0	0	0	196	0	0	0	0.0	0.0	0.0	0.0	0.0	0.0	0.0	1.0
CCAATCCGTCGCGAAA	5	Mes_2	0.0	0	0	0	0	0	0	0	0	0	0	0	0	0	0	0	0	0	0	0	0	0	0	0	0	0	0	0	0	196	0	194	188	0	0	0	0	0	0	0.0	0.0	0.0	0.0	0.0	1.0	0.0	0.0
CCATGTCCACCCATTC	2	Macro_1	0.0	0	0	0	0	0	0	0	0	0	194	194	184	190	196	191	0	0	0	0	0	0	0	0	0	0	0	0	0	0	0	0	0	0	0	0	0	0	0	0.0	0.0	1.0	0.0	0.0	0.0	0.0	0.0
CCATTCGTCAACGGGA	4	Mes_1	1.1699774053192675e-19	0	0	0	0	0	0	172	0	0	0	0	0	0	0	0	0	0	0	0	0	0	0	0	0	0	0	0	0	0	0	0	0	0	0	0	0	0	0	0.0	0.0	0.0	0.0	1.0	0.0	0.0	2.4656097910954157e-21
CCCAATCAGTGGTAAT	5	Mes_2	1.4684e-320	0	0	0	0	0	0	0	0	0	0	0	0	0	0	0	0	0	0	0	0	0	0	0	0	0	0	0	0	0	0	187	0	0	0	0	0	0	0	0.0	0.0	0.0	0.0	2e-323	1.0	0.0	0.0
CCGGGATCAAGGCTCC	5	Mes_2	6.34083e-317	0	0	0	0	0	0	0	0	0	0	0	0	0	0	0	0	0	0	0	0	0	0	0	0	0	0	0	0	0	0	165	0	0	0	0	0	0	0	0.0	0.0	0.0	0.0	8.631e-320	1.0	0.0	0.0
CCGTTCAGTCTAAAGA	5	Mes_2	0.0	0	0	0	0	0	0	0	0	0	0	0	0	0	0	0	0	0	0	0	0	0	0	0	0	0	0	0	0	0	192	189	0	0	0	0	0	0	0	0.0	0.0	0.0	0.0	0.0	1.0	0.0	0.0
CCTACACAGCATGGCA	2	Macro_1	0.0	0	0	0	0	0	0	174	0	0	195	191	186	183	0	187	0	0	0	0	0	0	0	0	0	0	0	0	0	0	0	0	0	0	0	0	0	0	0	0.0	0.0	1.0	0.0	0.0	0.0	0.0	0.0
CCTACACAGTCCGGTC	5	Mes_2	0.0	0	0	0	0	0	0	0	0	0	0	0	0	0	0	0	0	0	0	0	0	0	0	0	0	0	0	192	0	0	194	190	191	0	0	0	0	0	0	0.0	0.0	0.0	0.0	0.0	1.0	0.0	0.0
CCTATTAGTTGTCTTT	5	Mes_2	1.9212901524939426e-49	0	0	0	0	0	0	0	0	0	0	0	0	0	0	0	0	0	0	0	0	0	0	0	0	0	0	0	0	0	0	0	185	0	0	0	0	0	0	0.0	0.0	0.0	0.0	0.0	1.0	0.0	1.643037013916728e-51
CCTCAGTAGATATACG	5	Mes_2	0.0	0	0	0	0	0	0	0	0	0	0	0	0	0	0	0	0	0	0	0	0	0	0	0	0	0	0	0	0	192	176	173	0	0	0	0	0	0	0	0.0	0.0	0.0	0.0	0.0	1.0	0.0	0.0
CCTCTGAAGAGCTGCA	7	Other	0.0	191	0	0	0	0	0	0	188	0	0	0	0	0	0	0	0	0	0	0	0	0	0	0	0	0	0	0	0	0	0	0	0	0	0	0	0	0	0	0.0	0.0	0.0	0.0	0.0	0.0	0.0	1.0
CCTTACGCAGCTATTG	7	Other	0.0	0	0	0	0	0	0	0	0	0	0	0	0	0	0	0	0	0	195	0	0	0	0	0	0	0	0	0	0	0	0	0	0	0	0	0	0	0	0	0.0	0.0	0.0	0.0	0.0	0.0	0.0	1.0
CCTTCCCCACCGTTGG	7	Other	0.0	0	0	0	0	0	0	0	0	0	0	0	0	0	0	0	0	0	0	0	0	0	0	0	0	0	0	0	0	0	0	0	0	0	0	195	194	0	0	0.0	0.0	0.0	0.0	0.0	0.0	0.0	1.0
CCTTTCTGTTGAGGTG	7	Other	0.0	0	0	0	0	0	0	0	0	0	0	0	0	0	0	0	0	0	0	0	0	0	0	0	0	0	0	0	0	0	0	0	0	0	0	0	190	0	0	0.0	0.0	0.0	0.0	0.0	0.0	0.0	1.0
CGATGGCGTCGTCTTC	5	Mes_2	0.0	0	0	0	0	0	0	0	0	0	0	0	0	0	0	0	0	0	0	0	0	0	0	189	193	194	0	185	0	186	185	177	169	190	0	0	0	194	0	0.0	0.0	0.0	0.0	0.0	1.0	0.0	0.0
CGATGTAAGTCGTTTG	4	Mes_1	5.970465558612434e-22	0	0	0	0	182	0	0	0	0	0	0	0	0	0	0	0	0	0	0	0	0	0	0	0	0	0	0	0	0	0	0	0	0	0	0	0	0	0	0.0	0.0	0.0	0.0	1.0	0.0	0.0	1.1299725090399937e-23
CGATTGAGTGTGAATA	7	Other	0.0	192	0	0	0	0	0	0	0	0	0	0	187	189	0	0	0	0	0	0	0	0	0	0	0	0	0	0	0	0	0	0	0	0	0	0	0	0	0	0.0	0.0	0.0	0.0	0.0	0.0	0.0	1.0
CGCCAAGAGGGCTTCC	5	Mes_2	7.620846742188332e-46	0	0	0	0	0	0	0	0	0	0	0	0	0	0	0	0	0	0	0	0	0	0	0	0	0	0	0	0	0	0	0	0	181	0	0	0	0	0	0.0	0.0	0.0	0.0	5.535396913933193e-296	1.0	0.0	7.018939525865314e-48
CGCGTTTTCTTCATGT	4	Mes_1	7.24708652680056e-21	0	0	0	0	0	0	179	0	0	0	0	0	0	0	0	0	0	0	0	0	0	0	0	0	0	0	0	0	0	0	0	0	0	0	0	0	0	0	0.0	0.0	0.0	0.0	1.0	0.0	0.0	1.4410154940157153e-22
CGCTGGATCCACGAAT	4	Mes_1	2.7070889541330586e-21	0	0	0	0	0	0	187	0	0	0	0	0	0	0	0	0	0	0	0	0	0	0	0	0	0	0	0	0	0	0	0	0	0	0	0	0	0	0	0.0	0.0	0.0	0.0	1.0	0.0	0.0	5.2773852977849475e-23
CGGACGTAGGGTCTCC	5	Mes_2	1.30101007e-316	0	0	0	0	0	0	0	0	0	0	0	0	0	0	0	0	0	0	0	0	0	0	0	0	0	0	0	0	0	0	163	0	0	0	0	0	0	0	0.0	0.0	0.0	0.0	1.7726e-319	1.0	0.0	0.0
CGGGTCACACGAAATA	4	Mes_1	1.1849928138723358e-21	0	0	0	0	0	0	0	0	0	0	0	0	193	0	0	0	0	0	0	0	0	0	0	0	0	0	0	0	0	0	0	0	0	0	0	0	0	0	0.0	0.0	0.0	0.0	1.0	0.0	0.0	2.2727809249045113e-23
CGGTTAACAACGATGG	5	Mes_2	4.862693e-318	0	0	0	0	0	0	0	0	0	0	0	0	0	0	0	0	0	0	0	0	0	0	0	0	0	0	0	0	0	0	172	0	0	0	0	0	0	0	0.0	0.0	0.0	0.0	6.596e-321	1.0	0.0	0.0
CGGTTAATCCACGAAT	5	Mes_2	0.0	0	0	0	0	0	0	0	0	0	0	0	0	0	0	0	0	0	0	0	0	0	0	0	189	0	0	190	0	189	189	181	184	0	0	0	0	0	0	0.0	0.0	0.0	0.0	0.0	1.0	0.0	0.0
CGTAGCGAGCCAGTAG	4	Mes_1	1.471157648359399e-20	0	0	0	0	0	0	196	0	0	0	0	0	0	0	0	0	0	0	0	0	0	0	0	0	0	0	0	0	0	0	0	0	0	0	0	0	0	0	0.0	0.0	0.0	0.0	1.0	0.0	0.0	2.967897489209328e-22
CGTAGGCAGTGTTTGC	5	Mes_2	4.146481901584147e-49	0	0	0	0	0	0	0	0	0	0	0	0	0	0	0	0	0	0	0	0	0	0	0	0	0	0	0	0	0	0	0	180	0	0	0	0	0	0	0.0	0.0	0.0	0.0	1e-323	1.0	0.0	3.569649020636148e-51
CGTAGGCGTTACGACT	4	Mes_1	7.597975060632252e-29	0	0	0	0	0	0	185	0	0	0	0	0	0	0	0	194	0	0	0	0	0	0	0	0	0	0	0	0	0	0	0	161	0	0	0	0	0	0	0.0	0.0	0.0	0.0	1.0	0.0	0.0	1.1014604505613582e-30
CGTCTACGTCCTGCTT	7	Other	0.0	0	0	0	0	0	0	0	0	0	0	0	0	0	0	196	0	0	0	0	0	0	0	0	0	0	0	0	0	0	0	0	0	0	0	0	0	0	0	0.0	0.0	0.0	0.0	0.0	0.0	0.0	1.0
CGTTGGGCATCATCCC	5	Mes_2	2.15779933e-315	0	0	0	0	0	0	0	0	0	0	0	0	0	0	0	0	0	0	0	0	0	0	0	0	0	0	0	0	0	0	155	0	0	0	0	0	0	0	0.0	0.0	0.0	0.0	2.95128e-318	1.0	0.0	0.0
CTAACTTCATACTACG	7	Other	0.0	0	0	0	0	0	0	0	0	0	0	0	0	0	0	0	0	0	0	0	0	0	0	0	0	0	0	0	0	0	0	0	0	0	0	0	182	0	0	0.0	0.0	0.0	0.0	0.0	0.0	0.0	1.0
CTAAGACCAATAGCGG	6	STB_8W	7.924388140978766e-86	0	0	0	0	0	0	175	0	0	0	0	0	0	0	0	0	0	0	0	0	0	0	0	0	0	0	0	0	0	0	0	150	178	0	188	174	0	0	0.0	0.0	0.0	0.0	0.0	0.0	1.0	3.937448088027524e-88
CTACGTCCATCACCCT	7	Other	0.0	0	0	0	192	0	0	177	0	0	0	0	182	0	0	0	0	0	0	0	0	0	0	0	0	0	0	0	0	0	0	0	0	0	0	0	0	0	0	0.0	0.0	0.0	0.0	0.0	0.0	0.0	1.0
CTAGAGTTCTTCCTTC	0	Blood	0.0	0	196	196	0	0	0	0	0	0	0	0	0	0	0	0	0	0	0	0	0	0	0	0	0	0	0	0	0	185	0	174	0	0	0	0	0	0	0	1.0	0.0	0.0	0.0	0.0	0.0	0.0	0.0
CTCACACAGTGTCCAT	5	Mes_2	4.174771952032955e-46	0	0	0	0	0	0	0	0	0	0	0	0	0	0	0	0	0	0	0	0	0	0	0	0	0	0	0	0	0	0	0	0	189	0	0	0	0	0	0.0	0.0	0.0	0.0	9.516742801607392e-296	1.0	0.0	3.8236507387054986e-48
CTCATTAAGGTGACCA	4	Mes_1	5.637292393393319e-21	0	0	0	0	0	0	180	0	0	0	0	0	0	0	0	0	0	0	0	0	0	0	0	0	0	0	0	0	0	0	0	0	0	0	0	0	0	0	0.0	0.0	0.0	0.0	1.0	0.0	0.0	1.1152398539967566e-22
CTCGAGGAGTATCGAA	4	Mes_1	1.0529878556607974e-20	0	0	0	0	0	0	195	0	0	0	0	0	0	0	0	0	0	0	0	0	0	0	0	0	0	0	0	0	0	0	0	0	0	0	0	0	0	0	0.0	0.0	0.0	0.0	1.0	0.0	0.0	2.109760727379118e-22
CTCGTCATCTTGCCGT	7	Other	0.0	0	0	0	0	0	194	0	0	0	0	0	0	0	0	0	0	0	0	0	0	0	0	0	0	0	0	0	0	0	0	0	0	0	0	0	0	0	0	0.0	0.0	0.0	0.0	0.0	0.0	0.0	1.0
CTCTAATAGTCACGCC	7	Other	0.0	0	0	0	0	0	0	0	0	0	0	0	185	0	0	0	0	0	0	0	0	0	0	0	0	0	0	0	0	0	0	0	0	183	0	0	0	0	0	0.0	0.0	0.0	0.0	0.0	0.0	0.0	1.0
CTGGTCTGTGTTCTTT	5	Mes_2	2.3408e-319	0	0	0	0	0	0	0	0	0	0	0	0	0	0	0	0	0	0	0	0	0	0	0	0	0	0	0	0	0	0	180	0	0	0	0	0	0	0	0.0	0.0	0.0	0.0	3.16e-322	1.0	0.0	0.0
CTGGTCTTCTATCCCG	4	Mes_1	2.0901824535914556e-21	0	0	0	0	0	0	0	0	0	0	0	0	187	0	0	0	0	0	0	0	0	0	0	0	0	0	0	0	0	0	0	0	0	0	0	0	0	0	0.0	0.0	0.0	0.0	1.0	0.0	0.0	4.0539012323125813e-23
CTGTTTAAGAGCAATT	7	Other	0.0	0	0	0	0	0	0	0	0	0	0	0	0	0	0	0	0	0	0	0	0	0	0	0	0	0	0	0	0	0	0	0	0	0	0	0	179	0	0	0.0	0.0	0.0	0.0	0.0	0.0	0.0	1.0
CTTAACTGTCCGTTAA	5	Mes_2	6.348050257543661e-50	0	0	0	0	0	0	0	0	0	0	0	0	0	0	0	0	0	0	0	0	0	0	0	0	0	0	0	0	0	0	0	192	0	0	0	0	0	0	0.0	0.0	0.0	0.0	0.0	1.0	0.0	5.3773232712980256e-52
CTTACCGAGCCAGTTT	7	Other	0.0	0	0	0	0	0	0	0	0	0	0	0	0	0	0	0	0	0	0	0	0	0	0	0	0	0	0	0	0	0	0	0	0	0	0	0	195	0	0	0.0	0.0	0.0	0.0	0.0	0.0	0.0	1.0
CTTACCGTCTAGCACA	5	Mes_2	0.0	0	0	0	0	0	0	0	0	0	0	0	0	0	0	0	0	0	0	0	0	0	0	0	0	0	0	0	0	0	191	192	193	0	0	0	0	0	0	0.0	0.0	0.0	0.0	0.0	1.0	0.0	0.0
CTTTGCGCATGTAGTC	5	Mes_2	2.814855753272768e-48	0	0	0	0	0	0	0	0	0	0	0	0	0	0	0	0	0	0	0	0	0	0	0	0	0	0	0	0	0	0	0	167	0	0	0	0	0	0	0.0	0.0	0.0	0.0	3.56e-322	1.0	0.0	2.464256940305203e-50
GAATGAACATCATCCC	5	Mes_2	0.0	0	0	0	0	0	0	0	0	0	0	0	0	0	0	0	0	0	0	0	0	0	0	190	0	195	0	0	0	0	0	0	0	186	0	0	0	0	0	0.0	0.0	0.0	0.0	0.0	1.0	0.0	0.0
GACAGAGGTGATGTCT	1	CTB_8W_1	1.034435038533625e-99	0	0	0	0	196	0	194	195	0	0	0	0	0	0	0	0	0	0	0	0	0	0	0	0	0	0	0	0	0	0	0	0	0	0	0	0	0	0	0.0	1.0	0.0	0.0	0.0	0.0	0.0	4.432506933096143e-102
GACCAATCAGACTCGC	7	Other	0.0	0	0	0	0	0	0	0	0	0	0	0	0	178	0	177	0	0	0	0	0	0	0	0	0	0	0	0	0	0	0	0	0	0	0	0	0	0	0	0.0	0.0	0.0	0.0	0.0	0.0	0.0	1.0
GACCTGGCACAGGAGT	7	Other	0.0	0	0	0	0	0	0	0	0	0	0	0	0	0	0	0	0	0	0	0	0	0	0	0	0	0	0	0	0	0	0	0	0	0	0	0	187	0	0	0.0	0.0	0.0	0.0	0.0	0.0	0.0	1.0
GAGCAGATCCGCGCAA	4	Mes_1	2.435650958069822e-25	0	0	0	0	0	0	0	0	0	0	0	0	188	0	0	0	0	0	0	0	0	0	0	0	0	0	0	0	0	0	0	155	0	0	0	0	0	0	0.0	0.0	0.0	0.0	1.0	0.0	0.0	4.007210847157329e-27
GAGCAGATCTTTAGGG	7	Other	0.0	0	0	0	0	0	0	0	0	0	0	0	0	0	0	182	0	0	0	0	0	0	0	0	0	0	0	0	0	0	0	0	0	191	0	0	0	0	0	0.0	0.0	0.0	0.0	0.0	0.0	0.0	1.0
GATCAGTAGCGATGAC	4	Mes_1	2.774630962987178e-21	0	0	0	0	0	0	176	0	0	0	0	0	0	0	0	0	0	0	0	0	0	0	0	0	0	0	0	0	0	0	0	0	179	0	0	0	0	0	0.0	0.0	0.0	0.0	1.0	0.0	0.0	5.411707956556955e-23
GATCTAGAGCGAAGGG	7	Other	0.0	0	0	0	0	195	0	0	0	0	0	0	196	0	0	0	0	0	0	0	0	0	0	0	0	0	0	0	0	0	0	0	0	0	0	0	0	0	0	0.0	0.0	0.0	0.0	0.0	0.0	0.0	1.0
GATTCAGAGTACGACG	5	Mes_2	1.2933155050918725e-47	0	0	0	0	0	0	0	0	0	0	0	0	0	0	0	0	0	0	0	0	0	0	0	0	0	0	0	0	0	0	0	156	0	0	0	0	0	0	0.0	0.0	0.0	0.0	8.61e-321	1.0	0.0	1.1476864708306904e-49
GCAATCATCCTTAATC	5	Mes_2	4.28291709e-315	0	0	0	0	0	0	0	0	0	0	0	0	0	0	0	0	0	0	0	0	0	0	0	0	0	0	0	0	0	0	153	0	0	0	0	0	0	0	0.0	0.0	0.0	0.0	5.86337e-318	1.0	0.0	0.0
GCAGCCACACTTACGA	5	Mes_2	2.130929e-317	0	0	0	0	0	0	0	0	0	0	0	0	0	0	0	0	0	0	0	0	0	0	0	0	0	0	0	0	0	0	168	0	0	0	0	0	0	0	0.0	0.0	0.0	0.0	2.896e-320	1.0	0.0	0.0
GCATGCGAGTAGTGCG	3	Macro_2	0.0	0	0	0	0	0	0	0	0	0	0	0	0	0	0	0	193	194	0	196	195	0	0	0	0	0	0	0	0	0	0	149	0	0	0	0	0	0	0	0.0	0.0	0.0	1.0	0.0	0.0	0.0	0.0
GCATGTAGTTGCTCCT	7	Other	0.0	0	0	0	0	0	0	0	0	0	0	0	0	0	0	0	196	0	0	0	0	0	0	0	0	0	0	0	0	0	0	0	0	0	0	0	196	0	0	0.0	0.0	0.0	0.0	0.0	0.0	0.0	1.0
GCATGTATCATCGGAT	7	Other	0.0	194	0	0	0	0	0	0	0	0	0	0	0	0	0	0	0	0	0	0	0	0	0	193	0	0	0	0	0	0	0	0	165	0	0	0	0	0	0	0.0	0.0	0.0	0.0	0.0	0.0	0.0	1.0
GCGACCAAGATGTGTA	4	Mes_1	4.522901128674215e-22	0	0	0	0	183	0	0	0	0	0	0	0	0	0	0	0	0	0	0	0	0	0	0	0	0	0	0	0	0	0	0	0	0	0	0	0	0	0	0.0	0.0	0.0	0.0	1.0	0.0	0.0	8.514453185088818e-24
GCGAGAAGTCAGAAGC	6	STB_8W	0.0	0	0	0	0	0	0	0	190	0	0	0	0	0	0	0	0	0	0	0	0	0	0	0	0	0	0	0	0	0	0	0	0	196	0	192	0	195	0	0.0	0.0	0.0	0.0	0.0	0.0	1.0	0.0
GCGCAACAGACATAAC	4	Mes_1	0.0	0	0	0	0	0	0	0	0	0	0	0	0	0	0	0	0	0	191	0	192	0	0	0	192	0	194	0	0	0	0	150	0	193	0	0	0	0	0	0.0	0.0	0.0	0.0	1.0	0.0	0.0	0.0
GCGCAACCAAGGTGTG	7	Other	0.0	189	0	0	0	0	0	0	0	0	0	0	0	0	0	0	0	0	0	0	0	0	0	0	0	0	0	0	0	0	0	0	148	175	0	0	0	0	0	0.0	0.0	0.0	0.0	0.0	0.0	0.0	1.0
GCTCCTATCTTGCATT	2	Macro_1	0.0	0	0	0	0	186	0	0	0	0	193	189	183	185	194	186	0	0	0	0	0	0	0	0	0	0	0	0	0	0	0	0	0	0	0	0	0	0	0	0.0	0.0	1.0	0.0	0.0	0.0	0.0	0.0
GCTGCTTCAAGCCATT	5	Mes_2	0.0	0	0	0	0	0	0	0	0	0	0	0	0	0	0	0	0	0	0	0	0	0	0	0	0	0	0	0	0	195	193	191	194	0	0	0	0	0	0	0.0	0.0	0.0	0.0	0.0	1.0	0.0	0.0
GCTGCTTCAATGGATA	4	Mes_1	0.0	0	0	0	0	0	0	0	0	0	0	0	0	0	0	0	0	0	190	0	193	0	0	0	0	0	0	0	0	0	0	156	0	0	0	0	0	0	0	0.0	0.0	0.0	0.0	1.0	0.0	0.0	0.0
GCTGGGTCACCATCCT	5	Mes_2	0.0	0	0	0	0	0	0	0	0	0	0	0	0	0	0	0	0	0	0	0	0	0	0	0	0	0	0	0	0	181	0	0	0	192	0	0	0	0	0	0.0	0.0	0.0	0.0	0.0	1.0	0.0	0.0
GCTGGGTCAGTCAGAG	5	Mes_2	0.0	0	0	0	0	0	0	0	0	0	0	0	0	0	0	0	0	0	0	0	0	0	0	0	0	0	0	0	0	0	175	0	0	0	0	0	0	0	0	0.0	0.0	0.0	0.0	0.0	1.0	0.0	0.0
GCTTCCAGTACCGTAT	5	Mes_2	8.742399686179582e-50	0	0	0	0	0	0	0	0	0	0	0	0	0	0	0	0	0	0	0	0	0	0	0	0	0	0	0	0	0	0	0	190	0	0	0	0	0	0	0.0	0.0	0.0	0.0	0.0	1.0	0.0	7.425838651614397e-52
GCTTGAAAGTACGTTC	7	Other	0.0	0	0	0	0	0	0	0	0	0	0	0	0	0	0	0	0	0	0	195	0	0	0	0	0	0	0	0	0	0	0	0	143	0	0	0	0	0	0	0.0	0.0	0.0	0.0	0.0	0.0	0.0	1.0
GGAATAAAGACGCACA	5	Mes_2	0.0	0	0	0	0	0	0	0	0	0	0	0	0	0	0	0	0	0	0	0	0	0	0	0	0	0	0	0	0	183	182	167	177	184	0	0	0	0	0	0.0	0.0	0.0	0.0	0.0	1.0	0.0	0.0
GGACAAGAGCCAACAG	4	Mes_1	2.3369058801553707e-24	0	0	0	0	0	0	190	0	0	0	0	0	0	0	0	0	0	0	0	0	0	0	0	0	0	0	0	0	0	0	0	170	0	0	0	0	0	0	0.0	0.0	0.0	0.0	1.0	0.0	0.0	3.995945051623681e-26
GGACAAGGTATCGCAT	7	Other	0.0	0	0	0	0	0	0	0	0	193	0	0	0	0	0	0	0	0	0	0	0	0	0	0	0	0	0	0	0	0	0	0	0	0	0	0	0	0	0	0.0	0.0	0.0	0.0	0.0	0.0	0.0	1.0
GGACATTGTGCCTTGG	7	Other	0.0	0	0	0	0	0	0	0	0	0	0	0	0	0	0	0	0	0	0	0	0	0	0	0	0	0	0	0	0	0	0	0	0	0	0	0	192	0	0	0.0	0.0	0.0	0.0	0.0	0.0	0.0	1.0
GGAGCAAAGAGCCCAA	4	Mes_1	3.0521123395699457e-21	0	0	0	0	0	0	189	0	0	0	0	0	0	0	0	0	0	0	0	0	0	0	0	0	0	0	0	0	0	0	0	0	0	0	0	0	0	0	0.0	0.0	0.0	0.0	1.0	0.0	0.0	5.964223090435873e-23
GGATGTTTCGCACTCT	7	Other	0.0	0	0	0	0	0	0	0	0	0	0	0	193	0	0	0	0	0	0	0	0	0	0	0	0	0	0	0	0	0	0	0	0	0	0	0	0	0	0	0.0	0.0	0.0	0.0	0.0	0.0	0.0	1.0
GGCCGATCACCACGTG	5	Mes_2	8.204383014543196e-46	0	0	0	0	0	0	0	0	0	0	0	0	0	0	0	0	0	0	0	0	0	0	0	0	0	0	0	0	0	0	0	0	180	0	0	0	0	0	0.0	0.0	0.0	0.0	5.165371912290793e-296	1.0	0.0	7.561573277780129e-48
GGCCGATTCAAACGGG	7	Other	0.0	0	0	0	0	0	0	0	0	0	0	0	0	0	0	0	0	0	0	0	0	0	0	0	0	0	0	0	0	0	0	0	0	0	0	0	186	0	0	0.0	0.0	0.0	0.0	0.0	0.0	0.0	1.0
GGCTCGAAGTTCCACA	7	Other	0.0	195	0	0	0	0	0	0	0	0	0	0	0	0	0	0	0	0	0	0	0	0	0	0	0	0	0	0	0	0	0	0	0	0	0	0	0	0	0	0.0	0.0	0.0	0.0	0.0	0.0	0.0	1.0
GGCTGGTAGCTAGTTC	7	Other	0.0	0	0	0	0	0	0	0	0	0	0	0	0	0	0	0	0	0	193	0	0	0	0	0	0	0	0	0	0	0	0	0	0	0	0	0	0	0	0	0.0	0.0	0.0	0.0	0.0	0.0	0.0	1.0
GGTATTGAGTCGAGTG	7	Other	0.0	0	0	0	0	0	0	0	0	0	0	0	0	0	0	0	0	0	196	0	0	0	0	0	0	0	0	0	0	0	0	0	0	0	0	0	0	0	0	0.0	0.0	0.0	0.0	0.0	0.0	0.0	1.0
GGTGAAGAGTTACGGG	7	Other	0.0	0	0	0	0	0	0	0	0	0	0	0	0	0	0	0	0	0	188	0	0	0	0	0	0	0	0	0	0	0	0	0	0	0	0	0	0	0	0	0.0	0.0	0.0	0.0	0.0	0.0	0.0	1.0
GGTGAAGTCGGGAGTA	4	Mes_1	9.5066671894007e-28	0	0	0	188	0	0	173	0	0	0	0	0	180	0	0	0	0	0	0	0	0	0	0	0	0	0	0	0	0	0	0	149	177	0	0	0	0	0	0.0	0.0	0.0	0.0	1.0	0.0	0.0	1.431374914783915e-29
GGTGTTATCACCTTAT	2	Macro_1	0.0	0	0	0	0	0	0	0	0	0	0	192	0	195	0	194	0	0	0	0	0	0	0	0	0	0	0	0	0	0	0	0	0	0	0	0	0	0	0	0.0	0.0	1.0	0.0	0.0	0.0	0.0	0.0
GTAACGTGTCTCCACT	7	Other	0.0	0	0	0	0	0	0	0	0	0	0	0	0	0	0	192	0	0	0	0	0	0	0	0	0	0	0	0	0	0	0	0	0	0	0	0	0	0	0	0.0	0.0	0.0	0.0	0.0	0.0	0.0	1.0
GTACTCCAGTTAAGTG	7	Other	0.0	0	0	0	0	0	0	0	0	0	0	0	0	0	0	190	0	0	0	0	0	0	0	0	194	0	196	0	0	0	0	0	0	0	0	0	0	0	0	0.0	0.0	0.0	0.0	0.0	0.0	0.0	1.0
GTAGTCACAAGCTGGA	4	Mes_1	1.7378997419578737e-22	0	0	0	0	190	0	0	0	0	0	0	0	0	0	0	0	0	0	0	0	0	0	0	0	0	0	0	0	0	0	0	0	0	0	0	0	0	0	0.0	0.0	0.0	0.0	1.0	0.0	0.0	3.212684761115532e-24
GTATTCTAGTTAGGTA	7	Other	0.0	0	0	0	0	0	0	193	0	0	0	0	0	0	0	0	0	0	0	0	0	0	0	194	0	0	0	0	0	0	0	0	168	0	0	0	0	0	0	0.0	0.0	0.0	0.0	0.0	0.0	0.0	1.0
GTATTCTCAATGTTGC	7	Other	0.0	0	0	0	0	192	0	184	0	0	0	0	188	0	0	0	0	0	0	0	0	0	0	0	0	0	0	0	0	0	0	0	0	0	0	0	0	0	0	0.0	0.0	0.0	0.0	0.0	0.0	0.0	1.0
GTCAAGTTCACTTATC	4	Mes_1	3.1068870669460753e-26	0	0	0	0	0	0	0	0	0	0	0	0	194	0	0	0	0	0	0	0	0	0	0	0	0	0	0	0	0	0	0	166	188	0	0	0	0	0	0.0	0.0	0.0	0.0	1.0	0.0	0.0	4.941391863269819e-28
GTCTCGTGTCATATCG	2	Macro_1	0.0	0	0	0	0	187	0	0	0	0	192	190	180	181	0	181	0	0	0	0	0	0	0	0	0	0	0	0	0	0	0	148	147	0	0	0	172	0	0	0.0	0.0	1.0	0.0	0.0	0.0	0.0	0.0
GTGCAGCCATACAGCT	5	Mes_2	1.579597e-318	0	0	0	0	0	0	0	0	0	0	0	0	0	0	0	0	0	0	0	0	0	0	0	0	0	0	0	0	0	0	175	0	0	0	0	0	0	0	0.0	0.0	0.0	0.0	2.14e-321	1.0	0.0	0.0
GTGCAGCGTCCGTTAA	7	Other	0.0	0	0	0	189	0	0	0	0	0	0	0	0	0	0	0	0	0	0	0	0	0	0	0	0	0	0	0	0	0	0	0	0	0	0	0	0	0	0	0.0	0.0	0.0	0.0	0.0	0.0	0.0	1.0
GTGCATATCTGCCCTA	5	Mes_2	0.0	0	0	0	0	0	0	0	0	0	0	0	0	0	0	0	0	0	0	0	0	0	0	0	0	0	0	0	0	190	0	162	0	0	0	0	0	0	0	0.0	0.0	0.0	0.0	0.0	1.0	0.0	0.0
GTGTGCGAGGCTCATT	7	Other	0.0	187	0	0	190	0	0	0	0	0	0	0	0	0	0	0	0	0	0	0	0	0	0	0	0	0	0	0	0	0	0	0	142	0	0	0	0	0	0	0.0	0.0	0.0	0.0	0.0	0.0	0.0	1.0
GTGTTAGAGAAGGGTA	7	Other	1.2201846151497524e-203	0	0	0	0	0	0	191	0	0	0	0	0	0	0	0	0	0	0	0	0	0	0	0	0	0	0	0	0	0	0	0	0	0	0	0	185	0	0	0.0	0.0	0.0	0.0	2.5775697515522856e-206	0.0	0.0	1.0
GTTAAGCAGAGTTGGC	7	Other	0.0	0	0	0	0	0	0	0	0	0	0	0	0	0	0	0	0	0	0	0	0	0	0	0	0	0	0	0	0	0	0	0	157	182	0	0	177	0	0	0.0	0.0	0.0	0.0	0.0	0.0	0.0	1.0
GTTCGGGTCCGCATAA	7	Other	0.0	0	0	0	0	0	0	0	0	0	0	0	0	0	0	0	0	0	0	0	194	0	0	0	190	0	0	0	0	0	0	0	0	0	0	0	0	0	0	0.0	0.0	0.0	0.0	0.0	0.0	0.0	1.0
GTTTCTATCTCGTTTA	7	Other	0.0	196	0	0	0	0	0	0	193	0	0	0	0	0	0	0	0	0	0	0	0	0	0	0	0	0	0	0	0	0	0	0	0	0	0	0	0	0	0	0.0	0.0	0.0	0.0	0.0	0.0	0.0	1.0
TACACGATCAGCAACT	2	Macro_1	0.0	188	0	0	0	185	0	171	0	0	191	0	179	0	0	178	0	0	0	0	0	0	0	0	0	0	0	0	0	0	0	0	146	174	0	0	0	0	0	0.0	0.0	1.0	0.0	0.0	0.0	0.0	0.0
TACAGTGTCAGCACAT	4	Mes_1	0.0	0	0	0	0	0	0	192	0	0	0	0	0	0	0	0	0	0	0	0	0	0	0	0	0	0	0	0	0	188	179	0	0	0	0	0	0	0	0	0.0	0.0	0.0	0.0	1.0	0.0	0.0	0.0
TACGGATTCCACGCAG	5	Mes_2	0.0	0	0	0	0	0	0	0	0	0	0	0	0	0	0	0	0	0	0	0	0	0	0	0	0	0	0	196	0	0	196	193	0	0	0	0	0	0	0	0.0	0.0	0.0	0.0	0.0	1.0	0.0	0.0
TACTCATGTACTTAGC	7	Other	2.208438923679279e-214	0	0	0	0	0	0	0	0	0	0	0	0	184	0	0	0	0	0	0	0	0	0	0	0	0	0	0	0	0	0	0	0	0	0	0	176	0	0	0.0	0.0	0.0	0.0	4.433086371355973e-217	0.0	0.0	1.0
TCAACGACATGCTAGT	7	Other	0.0	0	0	0	0	0	0	0	0	0	0	0	0	0	0	0	0	0	189	0	0	0	0	0	0	0	0	0	0	0	0	0	153	0	0	0	0	0	0	0.0	0.0	0.0	0.0	0.0	0.0	0.0	1.0
TCAATCTAGTTCCACA	5	Mes_2	0.0	0	0	0	0	0	0	0	0	0	0	0	0	0	0	0	0	0	0	0	0	0	0	0	0	0	0	194	0	0	0	0	0	0	0	0	0	0	0	0.0	0.0	0.0	0.0	0.0	1.0	0.0	0.0
TCAGGATAGCCAGTAG	7	Other	0.0	0	0	0	0	0	0	0	0	0	0	0	0	0	0	0	0	0	0	0	0	0	0	0	0	0	0	0	0	0	0	0	175	0	196	0	0	0	0	0.0	0.0	0.0	0.0	0.0	0.0	0.0	1.0
TCAGGATCATCACCCT	4	Mes_1	0.0	0	0	0	0	0	0	0	0	0	0	0	0	192	0	0	0	0	0	0	0	0	0	195	0	0	0	187	0	0	0	0	0	0	0	0	181	0	0	0.0	0.0	0.0	0.0	1.0	0.0	0.0	0.0
TCATTACAGCGCTTAT	7	Other	0.0	0	0	0	0	0	0	0	0	0	0	0	192	0	0	184	0	0	0	0	0	0	0	0	0	0	0	0	0	0	0	0	0	0	0	0	0	0	0	0.0	0.0	0.0	0.0	0.0	0.0	0.0	1.0
TCCACACGTGCGAAAC	5	Mes_2	1.080373e-318	0	0	0	0	0	0	0	0	0	0	0	0	0	0	0	0	0	0	0	0	0	0	0	0	0	0	0	0	0	0	176	0	0	0	0	0	0	0	0.0	0.0	0.0	0.0	1.46e-321	1.0	0.0	0.0
TCGCGAGCAAGGTTTC	5	Mes_2	9.865723081077051e-48	0	0	0	0	0	0	0	0	0	0	0	0	0	0	0	0	0	0	0	0	0	0	0	0	0	0	0	0	0	0	0	158	0	0	0	0	0	0	0.0	0.0	0.0	0.0	4.84e-321	1.0	0.0	8.73365995311763e-50
TCGTAGACATGCATGT	5	Mes_2	0.0	0	0	0	0	0	0	0	0	0	0	0	0	0	0	0	0	0	0	0	0	0	0	0	0	0	0	193	196	0	187	178	0	0	0	0	0	0	0	0.0	0.0	0.0	0.0	0.0	1.0	0.0	0.0
TCTATTGCACAGACTT	7	Other	0.0	0	0	0	0	0	0	0	0	0	0	0	0	0	0	0	0	0	0	0	0	0	0	0	0	0	0	0	0	0	0	0	0	0	0	194	0	0	0	0.0	0.0	0.0	0.0	0.0	0.0	0.0	1.0
TCTATTGCAGACAAGC	4	Mes_1	0.0	0	0	0	0	0	0	188	0	0	196	193	0	0	0	0	0	0	0	0	0	0	0	0	0	0	0	0	0	0	0	0	0	0	0	0	0	0	0	0.0	0.0	0.0	0.0	1.0	0.0	0.0	0.0
TCTGAGACAGTCCTTC	5	Mes_2	0.0	0	0	0	0	0	0	0	0	0	0	0	0	0	0	0	0	0	0	0	0	0	0	0	0	0	0	186	0	184	0	159	163	0	0	0	0	0	0	0.0	0.0	0.0	0.0	0.0	1.0	0.0	0.0
TCTGGAACATTTGCCC	4	Mes_1	4.54848626679618e-21	0	0	0	0	0	0	181	0	0	0	0	0	0	0	0	0	0	0	0	0	0	0	0	0	0	0	0	0	0	0	0	0	0	0	0	0	0	0	0.0	0.0	0.0	0.0	1.0	0.0	0.0	8.959580280660452e-23
TGACGGCTCGACCAGC	1	CTB_8W_1	4.0854140139994345e-106	0	0	0	193	194	193	183	192	196	0	0	0	0	0	0	0	0	0	0	0	0	0	0	0	0	0	0	0	0	0	0	0	0	0	0	0	0	0	0.0	1.0	0.0	0.0	0.0	0.0	0.0	1.6461445725767327e-108
TGAGCATAGCTAGTTC	7	Other	0.0	0	0	0	195	0	0	182	0	0	0	0	0	0	0	0	0	0	0	0	0	0	0	0	0	0	0	0	0	0	0	0	0	0	0	0	0	0	196	0.0	0.0	0.0	0.0	0.0	0.0	0.0	1.0
TGAGCATTCGCCTGTT	7	Other	0.0	0	0	0	0	0	0	0	0	0	0	0	0	0	0	180	0	0	0	0	0	0	0	0	0	0	0	0	0	0	0	0	0	0	0	0	0	0	0	0.0	0.0	0.0	0.0	0.0	0.0	0.0	1.0
TGCTACCAGAGGGATA	7	Other	0.0	0	0	0	0	0	196	0	196	0	0	0	0	0	0	0	0	0	0	0	0	0	0	0	0	0	0	0	0	0	0	0	0	0	0	0	0	0	0	0.0	0.0	0.0	0.0	0.0	0.0	0.0	1.0
TGGCTGGCAGCCAGAA	5	Mes_2	0.0	0	0	0	0	0	0	0	0	0	0	0	0	0	0	0	0	0	0	0	0	0	0	0	0	0	0	195	0	0	195	0	196	0	0	0	0	0	0	0.0	0.0	0.0	0.0	0.0	1.0	0.0	0.0
TGGTTAGAGGCCATAG	5	Mes_2	0.0	0	0	0	0	0	0	0	0	0	0	0	0	0	0	0	0	0	0	0	0	0	0	0	0	0	0	0	0	0	180	185	0	0	0	0	0	0	0	0.0	0.0	0.0	0.0	0.0	1.0	0.0	0.0
TGGTTCCAGCCGATTT	5	Mes_2	0.0	0	0	0	0	0	0	0	0	0	0	0	0	0	0	0	0	0	0	0	0	0	0	0	0	0	0	0	0	0	0	196	195	0	0	0	0	0	0	0.0	0.0	0.0	0.0	0.0	1.0	0.0	0.0
TGTATTCCAAGCGTAG	5	Mes_2	0.0	0	0	0	0	0	0	0	0	0	0	0	0	0	0	0	0	0	0	0	0	0	0	0	0	0	0	191	0	0	0	169	0	0	0	0	0	0	0	0.0	0.0	0.0	0.0	0.0	1.0	0.0	0.0
TGTATTCCAATGCCAT	7	Other	0.0	0	0	0	0	0	0	0	0	195	0	0	0	0	0	0	0	0	0	0	0	0	0	0	0	0	0	0	0	0	0	0	0	0	0	0	0	0	0	0.0	0.0	0.0	0.0	0.0	0.0	0.0	1.0
TGTCCCATCTTGACGA	5	Mes_2	0.0	0	0	0	0	0	0	0	0	0	0	0	0	0	0	0	0	0	0	0	0	0	0	0	0	0	0	0	0	0	177	160	181	0	0	0	0	0	0	0.0	0.0	0.0	0.0	0.0	1.0	0.0	0.0
TGTGGTACACTAAGTC	5	Mes_2	1.7612686047008957e-49	0	0	0	0	0	0	0	0	0	0	0	0	0	0	0	0	0	0	0	0	0	0	192	0	0	0	0	0	0	0	0	0	0	0	0	0	0	0	0.0	0.0	0.0	0.0	0.0	1.0	0.0	1.5050618409065225e-51
TGTTCCGGTGGAAAGA	5	Mes_2	7.05553e-318	0	0	0	0	0	0	0	0	0	0	0	0	0	0	0	0	0	0	0	0	0	0	0	0	0	0	0	0	0	0	171	0	0	0	0	0	0	0	0.0	0.0	0.0	0.0	9.575e-321	1.0	0.0	0.0
TTATGCTCATCATCCC	5	Mes_2	4.527495785233885e-49	0	0	0	0	0	0	0	0	0	0	0	0	0	0	0	0	0	0	0	0	0	0	186	0	0	0	0	0	0	0	0	0	0	0	0	0	0	0	0.0	0.0	0.0	0.0	0.0	1.0	0.0	3.900636235220336e-51
TTATGCTGTTATCACG	5	Mes_2	0.0	0	0	0	0	0	0	0	0	0	0	0	0	0	0	0	0	0	0	0	0	0	0	196	0	0	0	0	0	193	0	182	174	0	0	0	0	0	0	0.0	0.0	0.0	0.0	0.0	1.0	0.0	0.0
TTCCCAGCAGATCCAT	4	Mes_1	0.0	0	0	0	0	0	0	0	0	0	0	0	190	0	195	183	0	0	0	0	0	196	0	0	0	0	0	0	0	0	0	0	0	0	0	0	0	0	0	0.0	0.0	0.0	0.0	1.0	0.0	0.0	0.0
TTCGAAGTCATGTGGT	5	Mes_2	4.825609521136273e-49	0	0	0	0	0	0	0	0	0	0	0	0	0	0	0	0	0	0	0	0	0	0	0	0	0	0	0	0	0	0	0	179	0	0	0	0	0	0	0.0	0.0	0.0	0.0	1e-323	1.0	0.0	4.1597795034208556e-51
TTCTTAGAGCCGTCGT	5	Mes_2	0.0	0	0	0	0	0	0	0	0	0	0	0	0	0	0	0	0	0	0	0	0	0	0	0	0	0	0	0	0	187	188	183	173	0	0	0	0	0	0	0.0	0.0	0.0	0.0	0.0	1.0	0.0	0.0
TTCTTAGCAGGCTCAC	6	STB_8W	0.0	0	0	0	0	0	0	0	0	0	0	0	0	0	0	0	0	0	0	0	0	0	0	0	0	0	0	0	0	0	0	0	0	194	0	193	180	196	0	0.0	0.0	0.0	0.0	0.0	0.0	1.0	0.0
TTGACTTGTACTTGAC	6	STB_8W	0.0	0	0	0	0	0	0	0	0	0	0	0	0	0	0	0	0	0	0	0	0	0	0	0	0	0	0	0	0	0	0	147	0	176	0	189	184	0	0	0.0	0.0	0.0	0.0	0.0	0.0	1.0	0.0
TTGCCGTCACCTCGGA	7	Other	0.0	0	0	0	0	0	0	0	0	0	0	0	0	0	0	0	0	0	192	0	0	0	0	0	0	0	0	0	0	0	0	0	0	0	0	0	0	0	0	0.0	0.0	0.0	0.0	0.0	0.0	0.0	1.0
TTTATGCTCACGCGGT	2	Macro_1	0.0	0	0	0	0	0	0	0	0	0	0	195	189	186	0	195	191	0	0	0	0	0	0	0	0	0	0	0	0	0	0	0	0	0	0	0	178	0	0	0.0	0.0	1.0	0.0	0.0	0.0	0.0	0.0
TTTCCTCAGGCAGGTT	7	Other	0.0	0	0	0	0	0	0	0	0	0	0	0	0	0	0	0	0	0	0	0	0	0	196	0	0	0	0	0	0	0	0	0	0	0	0	0	0	0	0	0.0	0.0	0.0	0.0	0.0	0.0	0.0	1.0
TTTGCGCTCTGTCTAT	5	Mes_2	1.0248332538575643e-49	0	0	0	0	0	0	0	0	0	0	0	0	0	0	0	0	0	0	0	0	0	0	0	0	0	0	0	0	0	0	0	189	0	0	0	0	0	0	0.0	0.0	0.0	0.0	0.0	1.0	0.0	8.716853957750404e-52
TTTGTCACAGCTGGCT	5	Mes_2	2.6226320876854638e-46	0	0	0	0	0	0	0	0	0	0	0	0	0	0	0	0	0	0	0	0	0	0	0	0	0	0	0	0	0	0	0	0	195	0	0	0	0	0	0.0	0.0	0.0	0.0	1.4096638822051098e-295	1.0	0.0	2.3917766566612583e-48
