barcodes	label_id	label	ent	ACTB	GPRC5A	EMP2	SPTBN1	S100A10	LIMCH1	LMO7	TMSB4X	MAGI1	CCSER1	B2M	APLP2	S100A6	TACC2	DLG2	SNX25	ATP11A	TANC2	AKAP13	PTPRG	MACROD2	ANK3	PDE4D	PTPRK	ITGB6	ITGA2	PPP1CB	PTPRE	RAB11FIP1	LDLRAD4	ITGAV	MRTFA	PON2	LINC00511	PRKCE	MGAT5	ADAM28	HLA-DPA1	ARHGAP24	SIPA1L1	SSH2	PLCG2	ARID5B	TRIO	ST6GAL1	EZR	NEAT1	PTPN1	PELI1	CYTOR	VOPP1	HIPK2	FNDC3B	GNG7	ELL2	ANKRD28	HERPUD1	CREB3L2	FBXW7	TIAM1	S100A2	KRT15	KRT17	MIR205HG	EYA2	DGKH	FAF1	RNLS	CDHR3	FANK1	NEK10	AK9	DNAH7	DNAH11	MOK	BCAS3	TBC1D8	KIAA0556	DMD	ANKUB1	AQP4-AS1	SCGB3A1	SCGB1A1	CYP2B7P	SLC38A1	C15orf48	CST3	HLA-DQB1	HLA-DQA1	LST1	STK17B	HLA-DRA	HLA-DPB1	CAMK1D	ENTPD1	CRYBG1	ALCAM	SRGAP2C	REL	NFKB1	GPR137B	RFTN1	JAK1	CD83	LINC01619	MED13L	ID2	MMP2	SAMD4A	CRISPLD2	ABI3BP	LAMA2	C3	FGFR1	PID1	SDK1	C1S	UAP1	NEGR1	CXCL17	KYNU	LCN2	SLC4A4	BPIFB1	PIGR	AGR2	CXCL8	WFDC2	SLPI	BMPR1B	ZBTB16	RIN3	KLRD1	NCALD	PARP8	IFITM2	MCTP2	CD247	SYTL3	TNFRSF18	MAML3	SSBP2	RUNX2	XYLT1	TNFAIP3	FXYD5	COX5B	CD9	ATP6V0B	MUC20-OT1	H3F3B	GPC6	TFCP2L1	BCL2	CLNK	ANK2	PPFIBP1	TFPI	KALRN	TGFBR2	STON2	STOX2	TFF3	ATP5F1E	TSHZ2	GPNMB	SLC16A10	FMN1	SNTB1	CTSB	OLR1	PSAP	CSTB	TFRC	FTL	APOC1	SLC11A1	NCEH1	ABCG1	ATP10A	SVIL	ABHD5	SNX10	CYP27A1	ACP5	FABP4	SCD	FOSB	CD44	PHF20	TNIK	DENND4A	MAPK1	NFKBIA	CPM	FOXO1	FKBP5	KLF6	CACNB2	BNC2	CLIC4	RBFOX1	MT2A	SOD2	CFH	LAMB1	FBLN1	PRKG1	SERPING1	RORA	DCN	SAT1	CEMIP2	PITPNC1	CCL5	PRKCH	PIP4K2A	CMC1	PPP2R5C	TMEM178B	RIMS2	PTPRN2	ST18	TULP4	AGBL4	NRG1	ATP8A2	COL4A1	TACC1	TPM2	NID1	AGAP1	INPP4B	GPX3	LGALS1	COL4A2	PTEN	CALD1	FLNA	HSPB1	LPP	DSTN	MYL9	RBPJ	ITK	LINC00513	PBX4	RNF19A	ATXN1	CNOT6L	UGP2	IKZF2	TRAF3	PTPRJ	MIR4435-2HG	SKAP1	DUSP16	CASK	BMPR2	PTPRB	PTPRM	ARL15	PECAM1	ARHGAP26	ID1	EPAS1	WWTR1	RALGAPA2	SASH1	GALNT18	HLA-E	ADGRL2	HLA-C	HLA-B	HLA-A	TMSB10	TCF4	PLEKHG1	EMP1	MEF2C	FNIP2	LIFR	IL1R1	SLCO2A1	TMTC1	LRMDA	ETV6	FNBP1	SIPA1L3	SNX3	CSF2RA	TXN	AXL	RALA	S100A9	FCN1	PLAUR	ATP13A3	SLC2A3	ACSL1	JARID2	GPCPD1	CEBPB	IRAK3	CTSS	TIMP1	PAG1	EXT1	LYN	MTSS1	RNF144B	UTRN	C5AR1	ZEB2	SMAP2	NR3C1	LINC-PINT	TNRC6B	RAP1GAP2	RABGAP1L	RAPGEF2	ANKRD11	ZC3HAV1	MOB1B	mahalanobis_0	mahalanobis_1	mahalanobis_2	mahalanobis_3	mahalanobis_4	mahalanobis_5	mahalanobis_6	mahalanobis_7	mahalanobis_8	mahalanobis_9	mahalanobis_10	mahalanobis_11	mahalanobis_12	mahalanobis_13	mahalanobis_14	mahalanobis_15	mahalanobis_16	mahalanobis_17	mahalanobis_18	mahalanobis_19	mahalanobis_20	mahalanobis_21	mahalanobis_22	mahalanobis_23	mahalanobis_24	mahalanobis_25	mahalanobis_26	mahalanobis_27	mahalanobis_28	mahalanobis_29	mahalanobis_30	mahalanobis_31	mahalanobis_32	mahalanobis_33	mahalanobis_34	mahalanobis_35	mahalanobis_36	mahalanobis_37	mahalanobis_38
ACACCAAAGGTCATCT	38	Other	0.0	0	0	0	0	0	0	0	44	0	0	48	0	39	0	0	0	0	0	0	0	0	0	51	0	0	0	0	0	0	0	0	0	0	0	0	0	0	0	0	0	0	0	0	0	0	0	47	0	0	0	0	0	0	0	0	0	0	0	0	0	40	0	0	0	0	0	0	0	0	0	0	0	0	0	0	0	0	0	0	0	0	48	0	0	0	0	0	0	0	0	0	0	0	0	0	0	0	0	0	0	0	0	0	0	0	0	0	0	0	0	0	0	0	0	0	0	0	0	0	0	0	0	0	46	0	0	0	46	45	0	0	0	0	0	0	0	0	0	0	0	0	0	0	0	0	0	49	0	50	0	0	0	0	0	0	0	0	0	0	0	0	0	0	0	0	0	0	0	0	0	0	0	44	0	43	0	0	0	0	0	0	0	0	0	0	0	0	0	0	0	0	0	0	0	0	0	0	0	0	0	0	0	0	0	0	0	0	0	0	0	0	0	0	0	0	0	0	0	0	0	0	0	0	0	0	0	0	0	0	0	0	0	0	0	0	0	0	0	0	47	0	0	0	0	0	0	0	0	0	0	51	0	0	0	0	0	0	0	0	0	0	0	0	0	0	0	0	0	0	0	0	0	0	0	0	0	0	0	0	0	0	0	0	0	0	0	0	0	0	0	0	50	0	0	0	0	0	0	0	0	0	0	0	0	0	0	0	0	0	0	0	0	0	0	0	0	0	0	0	0	0	0	0	0	0.0	0.0	0.0	0.0	0.0	0.0	0.0	0.0	0.0	0.0	0.0	0.0	0.0	0.0	0.0	0.0	0.0	0.0	0.0	0.0	0.0	0.0	0.0	0.0	0.0	0.0	0.0	0.0	0.0	0.0	0.0	0.0	0.0	0.0	0.0	0.0	0.0	0.0	1.0
ACACCAATCCTGCCAT	18	Mast	0.0	37	47	0	27	39	0	30	21	0	0	29	48	8	32	0	0	0	44	37	0	0	37	0	45	0	36	38	0	0	0	45	0	37	0	0	0	0	0	0	0	0	49	0	0	36	31	18	0	0	43	0	40	45	0	30	46	42	40	39	0	32	48	32	36	0	39	48	0	0	0	0	42	0	0	0	0	0	0	0	0	0	20	0	0	41	0	34	42	0	0	34	0	0	38	0	42	33	48	47	47	0	0	48	51	0	48	0	0	0	51	0	0	46	46	0	51	0	34	0	0	47	26	0	0	31	37	36	22	9	0	0	50	0	27	0	0	44	0	0	0	0	49	0	0	0	44	29	25	21	0	28	0	0	49	0	0	44	45	0	48	0	0	0	21	29	48	0	0	0	28	0	47	14	39	19	0	0	0	42	0	44	0	0	0	0	0	36	45	47	38	50	0	36	37	51	50	0	34	0	0	50	0	45	42	0	0	47	0	49	35	0	19	0	0	0	47	0	0	38	0	0	0	0	0	0	46	0	0	41	49	0	0	0	0	0	0	49	50	43	24	0	28	0	48	0	0	0	0	35	49	32	0	42	0	0	50	44	45	43	0	49	0	0	0	33	48	44	45	0	0	42	0	38	43	40	28	44	45	39	0	0	0	0	0	0	50	0	37	0	30	0	13	0	40	18	0	34	42	0	51	48	31	34	0	0	41	0	42	40	0	0	47	43	0	0	50	0	47	0	41	0	47	49	48	0.0	0.0	0.0	0.0	0.0	0.0	0.0	0.0	0.0	0.0	0.0	0.0	0.0	0.0	0.0	0.0	0.0	0.0	1.0	0.0	0.0	0.0	0.0	0.0	0.0	0.0	0.0	0.0	0.0	0.0	0.0	0.0	0.0	0.0	0.0	0.0	0.0	0.0	0.0
ACCCACTCAGTCAGCC	38	Other	0.0	0	0	0	50	0	0	0	39	0	0	0	0	33	0	0	0	0	0	0	0	0	0	0	0	0	0	0	0	0	0	0	0	0	0	0	0	0	0	0	0	0	0	0	0	0	0	42	0	0	0	0	0	0	0	0	0	0	0	0	0	41	0	0	0	0	0	0	0	0	0	0	0	0	0	0	0	0	0	0	0	0	45	46	0	0	0	0	0	0	0	0	0	0	0	0	0	0	0	0	0	0	0	0	0	0	0	0	0	0	0	0	0	0	0	0	0	0	0	0	0	0	46	0	47	49	0	44	47	44	0	0	0	0	0	0	0	0	0	0	0	0	0	0	0	0	0	0	0	48	0	0	0	0	0	0	0	0	0	0	0	0	0	0	0	0	0	0	0	0	0	0	0	40	0	33	0	0	0	0	0	0	0	0	0	0	0	0	0	0	0	51	0	0	0	0	0	0	0	0	0	0	0	0	48	0	0	0	0	0	0	0	45	0	0	0	0	0	0	0	0	0	0	0	0	0	0	0	0	0	0	0	0	0	0	0	0	0	0	0	0	0	0	0	0	0	0	0	0	0	0	0	0	0	0	0	0	0	0	0	0	0	0	0	0	0	0	0	0	0	0	0	0	0	51	51	42	0	0	0	0	0	0	0	0	0	0	0	0	0	0	0	42	0	0	39	0	0	0	0	0	0	50	0	0	0	0	0	51	0	0	0	0	0	0	0	0	0	0	0	0	0	0	0	0	0.0	0.0	0.0	0.0	0.0	0.0	0.0	0.0	0.0	0.0	0.0	0.0	0.0	0.0	0.0	0.0	0.0	0.0	0.0	0.0	0.0	0.0	0.0	0.0	0.0	0.0	0.0	0.0	0.0	0.0	0.0	0.0	0.0	0.0	0.0	0.0	0.0	0.0	1.0
ACGATGTAGGACTGGT	37	pDC	0.0	20	35	43	44	38	0	48	12	0	50	27	32	9	48	0	0	49	32	35	0	0	45	42	47	0	35	43	48	46	49	0	0	29	43	0	0	0	49	0	34	0	0	0	0	40	43	10	40	49	47	0	0	33	0	35	47	32	0	0	0	12	44	13	26	50	42	43	45	40	42	43	48	43	45	47	0	0	48	0	0	0	13	0	43	27	0	26	0	0	0	45	47	0	34	0	0	35	0	37	39	0	51	36	0	0	38	47	0	0	50	0	0	48	0	0	0	0	44	0	37	0	0	0	0	37	39	13	24	16	0	0	0	0	41	0	0	39	0	47	0	0	47	0	0	48	0	26	37	30	39	26	0	0	0	51	0	0	0	50	0	0	49	0	19	42	0	0	0	50	37	0	36	9	28	5	0	0	47	48	0	0	42	0	50	0	51	35	0	0	49	0	43	47	46	0	40	0	45	0	0	33	0	26	24	0	0	0	0	0	39	0	26	0	0	0	0	0	0	45	0	0	0	0	42	49	0	0	0	40	42	0	0	47	42	48	0	33	0	0	26	0	34	0	0	0	0	0	41	47	45	37	0	40	49	36	0	50	33	0	0	0	0	0	0	23	0	0	32	0	0	48	0	32	28	30	11	0	0	43	0	0	47	0	0	0	0	0	43	0	47	0	8	41	46	15	0	37	0	0	0	0	28	38	49	46	25	0	41	48	41	48	45	50	0	46	43	42	45	0	45	48	31	51	0	0.0	0.0	0.0	0.0	0.0	0.0	0.0	0.0	0.0	0.0	0.0	0.0	0.0	0.0	0.0	0.0	0.0	0.0	0.0	0.0	0.0	0.0	0.0	0.0	0.0	0.0	0.0	0.0	0.0	0.0	0.0	0.0	0.0	0.0	0.0	0.0	0.0	1.0	0.0
ACGATGTGTCTTGCGG	38	Other	0.0	0	0	0	0	0	0	0	48	0	0	0	0	34	0	0	0	0	0	0	0	0	0	0	0	0	0	0	0	0	0	0	0	0	0	0	0	0	0	0	0	0	0	0	0	0	0	0	0	0	0	0	0	51	0	0	0	0	0	0	0	51	0	49	0	0	0	0	0	0	0	0	0	0	0	0	0	0	0	0	0	0	40	47	0	0	0	0	0	0	0	0	0	0	0	0	0	0	0	0	0	0	0	0	0	0	0	0	0	0	0	0	0	0	0	0	0	0	0	0	0	0	0	0	0	0	0	50	0	38	0	0	0	0	50	0	0	0	0	0	0	0	0	0	0	0	0	0	0	0	0	0	0	0	0	0	0	0	0	0	0	0	0	0	49	0	0	0	0	0	0	0	0	46	0	48	0	0	0	0	0	0	0	0	0	0	0	0	0	0	0	0	0	0	0	0	0	0	0	0	0	0	0	0	0	0	0	0	0	0	0	0	44	0	0	0	0	0	0	0	0	0	0	0	0	0	0	0	0	0	0	0	0	0	0	0	0	0	0	0	49	0	0	0	0	0	0	0	0	0	0	0	0	0	0	0	0	0	0	0	0	0	0	0	0	0	0	0	0	0	0	0	0	0	0	0	49	0	0	0	0	0	0	0	0	0	0	0	0	0	0	0	45	51	0	49	0	0	0	0	0	0	0	0	0	0	0	0	0	0	0	0	0	0	0	0	0	0	0	0	0	0	0	0	0	0.0	0.0	0.0	0.0	0.0	0.0	0.0	0.0	0.0	0.0	0.0	0.0	0.0	0.0	0.0	0.0	0.0	0.0	0.0	0.0	0.0	0.0	0.0	0.0	0.0	0.0	0.0	0.0	0.0	0.0	0.0	0.0	0.0	0.0	0.0	0.0	0.0	0.0	1.0
ACTATCTAGTGGACGT	38	Other	0.0	0	0	0	0	0	0	0	0	0	0	0	0	50	0	0	0	0	0	0	0	0	0	0	0	0	0	0	0	0	0	0	0	0	0	0	0	0	0	0	0	0	0	0	0	0	0	48	0	0	0	0	0	0	0	0	0	0	0	0	0	48	0	50	0	0	0	0	0	0	0	0	0	0	0	0	0	0	0	0	0	0	43	0	0	0	0	0	0	0	0	0	0	0	0	0	0	0	0	0	0	0	0	0	0	0	0	0	0	0	0	0	0	0	0	0	0	0	0	0	0	50	0	0	0	0	0	0	0	46	0	0	0	0	0	0	0	0	0	0	0	0	0	0	0	0	0	0	0	0	0	0	0	0	0	0	0	0	0	0	0	0	0	0	0	0	0	0	0	0	0	0	0	47	0	49	0	0	0	0	0	0	0	0	0	0	0	0	0	0	0	0	0	0	0	0	0	0	0	0	0	0	0	0	0	0	0	0	0	0	0	0	49	0	0	0	0	0	0	0	0	0	0	0	0	0	0	0	0	0	0	0	0	0	0	0	0	0	0	0	50	0	0	0	0	0	0	0	0	0	0	0	0	0	0	0	0	0	0	0	0	0	0	0	0	51	0	0	0	0	0	0	0	0	0	0	0	0	0	0	0	0	0	0	0	0	0	0	0	0	0	0	51	0	0	51	0	0	0	0	0	0	0	0	0	0	0	0	0	0	0	0	0	0	0	0	0	0	0	0	0	0	0	0	0	0.0	0.0	0.0	0.0	0.0	0.0	0.0	0.0	0.0	0.0	0.0	0.0	0.0	0.0	0.0	0.0	0.0	0.0	0.0	0.0	0.0	0.0	0.0	0.0	0.0	0.0	0.0	0.0	0.0	0.0	0.0	0.0	0.0	0.0	0.0	0.0	0.0	0.0	1.0
ACTGATGAGGGATCTG	38	Other	0.0	49	0	0	0	0	0	0	0	0	0	0	0	32	0	0	0	0	0	0	0	0	0	0	0	0	0	0	0	0	0	0	0	0	51	0	0	0	0	0	0	0	0	0	0	0	0	38	0	0	0	0	0	0	0	0	0	0	0	0	0	44	51	44	0	0	0	0	0	0	0	0	0	0	0	0	0	0	0	0	0	0	39	0	0	0	0	0	0	0	0	0	0	0	0	0	0	0	0	0	0	0	0	0	0	0	0	0	0	0	0	0	0	0	0	0	0	0	0	0	0	0	45	0	0	0	0	39	42	33	0	0	0	0	0	0	0	0	0	0	0	0	0	0	0	0	0	0	0	47	0	48	0	0	0	0	0	0	0	0	0	0	0	0	0	0	0	0	0	0	0	0	0	37	0	35	0	0	0	0	0	0	0	0	0	0	0	0	0	0	0	0	0	0	0	0	0	0	0	0	0	0	0	0	0	0	0	0	0	0	0	0	0	0	0	0	0	0	0	0	0	0	0	0	0	0	0	0	0	0	0	0	0	0	0	0	0	0	0	0	0	0	0	0	0	0	0	0	0	0	0	0	0	0	0	0	0	0	0	0	0	0	0	0	0	46	0	0	0	0	0	0	0	0	0	0	39	0	0	0	0	0	0	0	0	0	0	0	0	0	0	0	44	0	0	43	0	0	0	0	0	0	0	0	0	0	48	0	0	51	0	0	0	0	0	0	0	0	0	0	0	0	0	0	0	0.0	0.0	0.0	0.0	0.0	0.0	0.0	0.0	0.0	0.0	0.0	0.0	0.0	0.0	0.0	0.0	0.0	0.0	0.0	0.0	0.0	0.0	0.0	0.0	0.0	0.0	0.0	0.0	0.0	0.0	0.0	0.0	0.0	0.0	0.0	0.0	0.0	0.0	1.0
AGGGTGAAGAGGTTAT	14	Ionocyte	3.8574153295424105e-05	38	0	51	48	0	0	0	34	51	0	42	44	28	0	0	0	0	0	0	0	0	0	0	0	0	0	47	0	50	0	0	0	0	0	0	50	0	0	0	51	0	0	50	50	0	45	31	0	0	0	0	0	0	0	0	0	0	0	0	0	27	0	26	0	0	0	0	51	0	0	51	0	0	0	0	0	50	0	0	0	0	32	40	0	0	0	49	0	0	0	0	0	0	0	0	51	0	0	0	0	0	0	50	0	0	0	0	0	0	0	0	0	0	0	0	0	0	0	0	0	49	38	0	42	46	49	35	38	28	0	0	0	0	47	0	0	0	0	0	0	0	0	0	0	51	0	38	48	0	48	43	0	0	0	0	0	0	0	0	0	51	0	0	43	49	0	0	0	0	47	0	46	28	0	27	0	0	0	0	0	0	0	0	0	0	0	50	0	49	0	0	0	0	49	0	0	51	49	0	0	0	0	0	40	0	0	0	0	0	49	0	35	0	0	0	0	0	50	0	0	0	0	0	0	0	0	0	0	0	0	0	0	0	0	0	0	0	0	49	40	0	41	0	0	0	0	0	0	0	0	50	0	0	0	51	0	0	0	51	0	0	0	0	0	32	0	0	0	0	0	50	0	49	49	47	34	0	51	51	0	0	0	0	0	0	0	0	0	0	0	0	31	48	0	30	0	0	0	0	0	50	46	43	0	0	43	0	0	50	0	0	0	0	0	0	0	0	51	0	49	0	0	0	0	0.0	0.0	0.0	0.0	0.0	0.0	0.0	0.0	0.0	0.0	0.0	0.0	0.0	0.0	0.9999972020598795	0.0	0.0	0.0	0.0	0.0	0.0	0.0	0.0	0.0	0.0	0.0	0.0	0.0	0.0	0.0	2.7979400355061958e-06	0.0	0.0	0.0	0.0	0.0	3.938823524855681e-14	0.0	0.0
AGGTCATTCGCGTTTC	29	VE Capillary A	0.0	27	48	35	25	31	44	37	17	0	51	33	37	5	44	51	0	0	42	32	0	0	38	0	46	0	46	23	0	31	0	51	0	30	0	50	44	0	0	0	42	0	0	38	0	30	27	22	0	51	36	0	41	48	0	31	40	45	49	40	0	18	0	30	43	0	51	49	47	0	0	0	43	0	43	0	0	0	0	0	0	0	17	0	0	36	0	29	0	0	0	43	0	0	0	51	43	36	0	49	51	0	0	34	0	0	46	0	0	50	0	48	0	0	47	0	0	0	42	0	0	33	25	0	0	0	0	21	17	7	0	0	0	0	39	45	43	42	51	0	0	0	50	0	0	0	46	32	40	23	38	41	0	0	50	0	0	45	0	0	0	48	0	0	33	30	43	0	0	0	25	0	26	6	44	7	0	0	0	47	0	45	0	0	0	0	0	34	47	41	46	0	0	37	42	49	0	47	32	0	0	0	51	28	41	49	0	40	0	47	43	0	21	49	0	0	0	0	43	30	0	50	0	0	0	0	0	0	51	46	50	0	45	0	40	49	0	43	45	44	28	34	35	49	45	0	0	0	39	36	50	33	0	49	0	39	0	49	48	47	0	0	0	49	51	31	35	36	37	0	50	43	51	43	38	39	17	49	0	0	0	0	0	46	0	50	0	0	38	0	41	0	17	36	42	0	0	36	46	0	0	37	22	41	0	0	28	0	0	45	0	43	0	44	0	0	41	0	42	0	46	0	40	44	51	0.0	0.0	0.0	0.0	0.0	0.0	0.0	0.0	0.0	0.0	0.0	0.0	0.0	0.0	0.0	0.0	0.0	0.0	0.0	0.0	0.0	0.0	0.0	0.0	0.0	0.0	0.0	0.0	0.0	1.0	0.0	0.0	0.0	0.0	0.0	0.0	0.0	0.0	0.0
ATGGGAGCAAACGTGG	38	Other	0.0	0	0	0	0	0	0	0	51	0	0	0	0	51	0	0	0	0	0	0	0	0	0	0	0	0	0	0	0	0	0	0	0	0	0	0	0	0	0	0	0	0	0	0	0	0	0	0	0	0	0	0	0	0	0	0	0	0	0	0	0	0	0	48	0	0	0	0	0	0	0	0	0	0	0	0	0	0	0	0	0	0	51	49	51	0	0	0	0	0	0	0	0	0	0	0	0	0	0	0	0	0	0	0	0	0	0	0	0	0	0	0	0	0	0	0	0	0	0	0	0	51	0	0	51	0	0	0	0	51	0	0	0	0	0	0	0	0	0	0	0	0	0	0	0	0	0	51	0	0	0	0	0	0	0	0	0	0	0	0	0	0	0	0	51	0	0	0	0	0	0	0	0	51	0	51	0	0	0	0	0	0	0	0	0	0	0	0	0	0	0	0	0	0	0	0	0	0	0	0	0	0	0	0	0	0	0	0	0	0	0	0	50	0	0	0	0	0	0	0	0	0	0	0	0	0	0	0	0	0	51	0	0	0	0	0	0	0	0	0	0	0	0	0	0	0	0	0	0	0	0	0	0	0	0	0	0	0	0	0	0	0	0	0	0	0	0	0	0	0	0	0	0	0	0	0	51	0	0	0	0	0	0	0	0	0	0	0	0	0	0	0	0	0	0	0	0	0	0	0	0	0	0	0	0	0	0	0	0	0	0	0	0	0	0	0	0	0	0	0	0	0	0	0	0	0.0	0.0	0.0	0.0	0.0	0.0	0.0	0.0	0.0	0.0	0.0	0.0	0.0	0.0	0.0	0.0	0.0	0.0	0.0	0.0	0.0	0.0	0.0	0.0	0.0	0.0	0.0	0.0	0.0	0.0	0.0	0.0	0.0	0.0	0.0	0.0	0.0	0.0	1.0
CACAGGCAGAAACCAT	6	Ciliated	0.0	18	40	37	45	34	47	41	11	0	0	30	35	11	41	0	0	46	30	43	0	47	44	41	32	0	34	39	0	43	51	35	0	41	46	0	0	0	45	0	40	0	48	37	45	35	42	9	0	46	37	50	43	29	0	34	45	35	0	0	0	9	42	10	34	51	40	42	0	45	46	44	47	49	47	46	0	49	0	50	51	49	23	33	44	26	0	37	0	0	0	37	0	0	33	0	0	40	0	33	0	0	0	31	0	0	0	0	0	0	49	0	0	43	0	0	47	0	38	0	33	28	24	0	0	38	43	12	25	14	41	0	0	47	37	47	0	38	0	44	0	0	0	0	0	0	0	28	45	28	41	21	0	0	48	50	0	39	0	0	0	45	0	49	26	38	0	0	0	45	35	0	34	8	31	4	0	0	46	40	0	0	0	0	0	0	0	27	43	32	37	0	48	41	41	0	36	0	44	48	0	42	0	29	26	39	0	0	0	45	44	51	23	48	0	0	49	0	40	31	0	45	49	0	37	0	45	0	50	0	0	0	42	42	39	43	50	36	44	0	19	39	40	0	29	0	0	0	37	48	0	46	0	48	0	33	51	42	38	0	0	0	0	0	0	17	32	46	40	51	0	32	0	30	27	21	14	43	39	0	0	0	0	0	0	0	0	47	34	0	46	49	15	0	41	14	0	39	0	0	0	34	21	29	0	47	22	48	47	32	47	0	43	0	0	49	40	43	37	0	0	49	39	42	0	0.0	0.0	0.0	0.0	0.0	0.0	1.0	0.0	0.0	0.0	0.0	0.0	0.0	0.0	0.0	0.0	0.0	0.0	0.0	0.0	0.0	0.0	0.0	0.0	0.0	0.0	0.0	0.0	0.0	0.0	0.0	0.0	0.0	0.0	0.0	0.0	0.0	0.0	0.0
CATCAAGAGCCTTGAT	38	Other	0.0	47	0	0	0	0	0	0	0	0	0	0	0	37	0	0	0	0	0	0	0	0	0	0	0	0	0	0	0	0	0	0	0	0	0	0	0	0	0	0	0	0	0	0	0	0	0	0	0	0	50	0	0	0	0	0	0	0	51	0	0	0	0	35	0	0	0	0	0	0	0	0	0	0	0	0	0	0	0	0	0	0	46	51	0	0	0	0	0	0	0	0	0	0	0	0	0	0	0	0	0	0	0	0	0	0	0	0	0	0	0	0	0	0	0	0	0	0	0	0	0	0	0	0	0	0	0	0	41	39	0	0	0	0	49	0	0	0	0	0	0	0	0	0	0	0	0	0	0	0	0	0	0	0	0	0	0	0	0	0	0	0	0	0	0	0	0	0	0	0	0	0	0	35	0	0	0	0	0	0	0	0	0	0	0	0	0	0	0	0	0	0	0	0	0	0	0	0	0	0	0	0	0	49	0	0	0	0	0	0	0	0	48	0	0	0	0	0	0	0	0	0	0	0	0	0	0	0	0	51	0	0	0	0	0	0	0	0	0	0	0	0	0	0	0	0	0	0	0	0	0	0	0	0	0	0	0	0	0	0	0	0	0	0	0	0	0	0	0	0	0	0	0	0	0	0	44	0	0	0	0	0	0	0	0	0	0	0	0	0	0	0	39	0	0	40	0	0	0	0	0	0	0	0	0	0	0	0	0	0	0	0	0	0	0	0	0	0	0	0	0	0	0	0	0	0.0	0.0	0.0	0.0	0.0	0.0	0.0	0.0	0.0	0.0	0.0	0.0	0.0	0.0	0.0	0.0	0.0	0.0	0.0	0.0	0.0	0.0	0.0	0.0	0.0	0.0	0.0	0.0	0.0	0.0	0.0	0.0	0.0	0.0	0.0	0.0	0.0	0.0	1.0
CATCAAGGTAGAGGAA	26	T Cytotoxic	0.0	40	37	40	40	43	0	0	28	0	0	17	30	7	36	0	49	0	43	39	0	49	40	48	0	0	33	34	50	0	0	43	0	0	0	49	0	0	0	0	38	0	45	33	0	41	32	12	47	39	45	0	47	39	0	45	0	46	47	44	0	24	0	25	44	0	43	46	0	0	0	0	0	0	0	43	0	0	0	0	0	0	22	30	0	42	0	35	43	0	0	41	0	0	37	0	0	34	0	41	44	0	0	40	0	0	35	0	0	0	0	0	0	0	0	0	0	49	37	0	31	0	0	0	31	0	0	19	16	6	50	0	0	0	38	48	48	43	0	0	0	0	0	0	0	0	34	31	42	29	42	31	0	0	0	0	0	47	0	0	47	49	0	0	31	27	41	0	0	0	26	0	35	13	45	8	0	0	0	0	0	46	0	0	0	0	0	38	49	40	41	0	46	39	0	0	47	0	42	0	0	35	0	39	22	0	0	44	0	0	33	0	25	0	0	51	0	49	39	48	0	48	0	0	41	0	50	0	0	45	0	0	48	0	0	45	51	41	49	48	16	43	39	50	44	0	51	0	44	38	40	0	0	46	0	38	0	0	0	44	0	0	0	0	0	29	49	47	0	50	0	34	0	25	24	31	25	0	0	47	0	49	50	0	0	0	0	0	0	0	32	0	18	0	37	23	0	49	36	0	0	0	29	33	48	0	32	50	0	0	0	0	0	0	0	0	46	0	38	0	0	45	38	0	0	0.0	0.0	0.0	0.0	0.0	0.0	0.0	0.0	0.0	0.0	0.0	0.0	0.0	0.0	0.0	0.0	0.0	0.0	0.0	0.0	0.0	0.0	0.0	0.0	0.0	0.0	1.0	0.0	0.0	0.0	0.0	0.0	0.0	0.0	0.0	0.0	0.0	0.0	0.0
CATCGGGAGTACCGGA	33	cDC1	0.0	19	32	0	39	28	46	46	14	50	0	38	27	10	39	0	0	0	35	36	0	0	42	50	0	0	39	45	0	45	50	0	0	45	0	0	0	0	50	0	45	49	0	0	0	42	40	11	45	37	29	46	42	32	0	37	0	34	0	0	0	11	0	9	28	0	35	50	0	47	45	46	51	0	48	42	49	0	0	48	0	0	0	0	0	25	49	43	49	50	0	40	49	51	0	0	0	43	51	0	42	0	0	0	0	0	0	0	0	47	0	49	0	49	0	0	0	0	50	0	35	0	34	0	35	41	40	16	26	15	46	0	0	0	36	46	0	0	0	48	0	0	0	51	0	50	0	23	43	37	0	22	0	0	0	0	0	42	0	0	0	0	50	0	25	34	0	0	0	0	33	0	33	15	30	3	0	0	50	45	0	0	0	0	51	0	0	47	0	0	48	0	51	48	40	0	38	0	36	49	0	0	0	27	34	47	0	0	0	50	29	0	29	0	0	0	0	0	0	36	0	0	50	0	46	51	0	0	0	0	0	0	0	50	45	44	0	35	0	0	25	28	26	0	0	0	0	0	50	43	39	48	50	44	47	32	0	45	0	0	0	0	0	0	49	0	36	40	44	0	0	44	0	28	39	33	13	0	0	0	0	0	49	0	0	0	0	51	44	51	45	0	14	0	0	0	0	43	0	0	50	0	25	26	47	49	24	0	49	41	45	0	46	48	0	47	0	40	46	0	43	43	30	45	0	0.0	0.0	0.0	0.0	0.0	0.0	0.0	0.0	0.0	0.0	0.0	0.0	0.0	0.0	0.0	0.0	0.0	0.0	0.0	0.0	0.0	0.0	0.0	0.0	0.0	0.0	0.0	0.0	0.0	0.0	0.0	0.0	0.0	1.0	0.0	0.0	0.0	0.0	0.0
CCGGTAGAGAGTGACC	6	Ciliated	0.0	0	0	42	41	26	0	47	9	0	0	0	25	3	50	0	0	0	41	46	0	0	49	0	50	0	38	29	0	48	0	0	50	47	50	0	0	0	0	0	50	0	0	42	48	43	24	29	0	0	48	0	0	47	0	47	0	0	48	48	0	0	0	0	45	0	49	0	48	49	43	49	0	50	50	50	50	0	51	0	50	50	0	0	49	0	0	25	0	0	0	48	0	0	41	0	0	44	0	0	0	0	0	0	0	0	49	0	0	0	0	0	0	0	0	0	0	0	0	0	0	30	0	0	0	35	0	0	20	4	0	0	0	51	0	49	0	0	0	50	0	0	51	0	0	0	0	18	30	22	46	18	0	0	0	0	0	51	0	0	0	50	0	0	0	48	0	0	0	0	29	0	24	4	37	1	0	0	0	50	0	0	0	0	0	0	0	41	0	0	0	0	0	0	0	0	0	0	37	50	0	49	0	0	36	0	0	0	0	0	42	0	10	0	0	0	0	0	0	0	0	0	0	0	47	0	0	0	0	0	0	0	0	0	0	0	0	0	0	0	0	46	0	0	0	51	50	0	0	0	0	43	51	51	0	48	0	0	47	0	0	0	0	0	50	18	0	50	42	0	0	0	0	0	0	24	10	48	49	42	0	50	0	0	0	0	0	0	45	0	0	0	0	44	0	0	0	0	0	51	0	0	32	23	0	0	0	0	0	44	49	0	44	49	0	0	49	50	48	0	0	50	34	50	0	0.0	0.0	0.0	0.0	0.0	0.0	1.0	0.0	0.0	0.0	0.0	0.0	0.0	0.0	0.0	0.0	0.0	0.0	0.0	0.0	0.0	0.0	0.0	0.0	0.0	0.0	0.0	0.0	0.0	0.0	0.0	0.0	0.0	0.0	0.0	0.0	0.0	0.0	0.0
CCGGTAGCATCCGCGA	38	Other	0.0	43	51	0	0	0	0	0	0	0	0	0	0	30	0	0	0	0	0	0	0	0	0	0	0	0	0	0	0	0	0	0	0	0	0	0	0	0	0	0	0	0	0	0	0	0	0	33	0	0	0	0	0	0	0	0	0	51	0	0	0	35	0	40	0	0	0	0	0	0	0	0	0	0	0	0	0	0	0	0	0	0	0	0	0	49	0	0	0	0	0	0	0	0	0	0	0	0	0	0	0	0	0	0	0	0	0	0	0	0	0	0	0	0	0	0	0	0	0	0	0	0	43	0	0	0	0	43	0	32	0	0	0	0	0	0	0	0	0	0	0	0	0	0	0	0	0	0	0	46	0	0	0	0	0	0	0	0	0	0	0	0	0	0	45	0	0	0	0	0	48	0	0	32	0	31	0	0	0	0	0	0	0	0	0	0	0	0	0	50	0	0	0	0	0	0	0	0	0	0	0	0	0	0	0	0	0	0	0	0	0	0	38	0	0	0	0	0	0	0	0	0	0	0	0	0	0	0	0	0	0	0	0	0	0	0	0	0	0	0	0	50	0	0	51	0	0	0	0	0	0	0	0	0	0	0	0	0	0	0	0	0	0	0	0	44	0	0	0	0	0	0	0	0	0	48	37	0	0	0	0	0	0	0	0	0	0	0	0	0	0	0	34	0	0	36	0	0	0	0	0	0	0	0	0	0	0	51	0	0	0	0	0	0	0	0	0	0	0	0	0	0	0	0	0	0.0	0.0	0.0	0.0	0.0	0.0	0.0	0.0	0.0	0.0	0.0	0.0	0.0	0.0	0.0	0.0	0.0	0.0	0.0	0.0	0.0	0.0	0.0	0.0	0.0	0.0	0.0	0.0	0.0	0.0	0.0	0.0	0.0	0.0	0.0	0.0	0.0	0.0	1.0
CCGTTCAGTGGGTATG	38	Other	0.0	0	0	0	0	0	0	0	41	0	0	0	0	35	0	0	0	0	0	0	0	0	0	0	0	0	0	0	0	0	0	0	0	0	0	0	0	0	0	0	0	0	0	0	0	0	0	46	0	0	0	0	50	0	0	0	0	0	0	0	0	0	0	37	0	0	0	0	0	0	0	0	0	0	0	0	0	0	0	0	0	0	0	0	0	0	0	0	0	0	0	0	0	0	0	0	0	0	0	0	0	0	0	0	0	0	0	0	0	0	0	0	0	0	0	0	0	0	0	0	0	0	0	0	0	0	0	42	0	34	0	0	0	0	51	0	0	0	0	0	0	51	0	0	0	0	0	0	0	0	51	0	0	0	0	0	0	0	0	0	0	0	0	0	46	0	0	0	0	0	0	0	50	0	0	32	0	0	0	0	0	0	0	0	0	0	0	0	0	0	0	0	0	0	0	0	0	0	0	0	0	0	0	0	0	0	0	0	0	0	50	0	0	0	0	0	0	0	0	0	0	0	0	0	0	0	0	0	0	0	0	0	0	0	0	0	0	0	0	0	0	0	0	0	0	0	0	0	0	0	0	0	0	0	51	0	0	0	0	0	0	0	0	0	0	0	0	0	0	0	0	0	0	0	0	0	0	0	0	0	0	0	0	0	0	0	0	0	0	0	0	0	47	0	0	0	0	0	0	0	0	0	51	0	51	0	0	0	0	0	0	0	0	0	0	0	0	0	0	0	0	0	51	0	0	0.0	0.0	0.0	0.0	0.0	0.0	0.0	0.0	0.0	0.0	0.0	0.0	0.0	0.0	0.0	0.0	0.0	0.0	0.0	0.0	0.0	0.0	0.0	0.0	0.0	0.0	0.0	0.0	0.0	0.0	0.0	0.0	0.0	0.0	0.0	0.0	0.0	0.0	1.0
CGAGAAGTCGTGGGAA	15	Lymphatic	0.0	17	31	39	46	24	0	31	10	49	0	20	28	4	34	0	0	0	0	0	0	0	35	0	43	0	0	24	0	33	0	37	0	31	0	0	0	50	0	0	0	48	0	32	0	0	35	8	44	0	0	0	35	0	50	39	0	37	0	0	0	10	0	8	0	0	34	0	46	44	49	47	50	48	0	49	48	0	0	0	0	0	25	35	0	30	0	33	48	0	0	0	0	0	36	0	48	31	49	36	0	0	0	30	0	0	41	0	0	0	0	0	0	45	50	0	0	0	0	0	0	0	23	49	33	36	38	11	15	8	45	0	0	0	0	0	0	49	0	0	0	0	0	0	0	0	0	20	38	42	47	36	0	0	0	0	0	46	50	51	46	0	0	48	28	26	40	0	0	0	38	0	37	5	34	2	0	0	0	0	0	0	47	0	0	0	0	32	0	44	40	0	0	0	0	0	0	0	41	0	0	0	0	43	33	0	0	0	0	0	31	0	13	0	0	50	0	0	38	35	0	0	0	0	0	50	0	0	0	44	0	0	0	48	0	0	0	34	0	0	17	30	27	0	32	0	0	0	40	49	46	0	49	0	0	0	0	0	37	0	50	0	0	0	48	0	39	39	0	49	51	0	0	36	23	22	12	0	0	41	0	47	48	47	50	0	0	45	48	0	31	51	10	0	0	0	0	0	44	0	48	45	40	24	0	41	23	49	0	0	0	0	49	0	0	0	0	0	0	0	42	42	35	0	50	0.0	0.0	0.0	0.0	0.0	0.0	0.0	0.0	0.0	0.0	0.0	0.0	0.0	0.0	0.0	1.0	0.0	0.0	0.0	0.0	0.0	0.0	0.0	0.0	0.0	0.0	0.0	0.0	0.0	0.0	0.0	0.0	0.0	0.0	0.0	0.0	0.0	0.0	0.0
CGATCGGTCGCGCCAA	24	SMC	0.0	41	49	0	29	35	0	0	13	0	0	32	45	19	46	0	0	0	47	0	0	0	39	0	41	0	48	31	0	0	0	48	0	43	48	0	48	0	0	0	0	0	0	39	47	39	33	20	49	0	44	49	0	49	0	41	50	36	44	0	49	23	0	34	39	0	50	51	0	0	0	0	0	0	0	0	0	0	50	49	0	0	18	34	0	33	0	40	0	0	0	0	0	0	44	0	44	0	0	46	49	0	0	47	0	0	0	50	0	0	0	0	0	0	49	0	0	0	43	0	0	44	0	0	0	0	0	30	14	10	0	0	0	0	35	0	0	47	0	0	0	0	0	0	0	0	48	33	27	32	0	42	0	0	0	0	0	0	0	0	49	0	0	0	23	41	42	0	0	51	32	0	44	11	48	22	0	49	0	0	0	0	46	0	0	0	0	31	0	39	0	0	0	49	0	42	42	48	35	0	0	41	0	32	39	48	0	45	0	0	48	0	12	0	0	0	0	0	44	47	0	51	0	0	0	0	48	0	0	0	46	0	0	0	43	50	0	37	46	51	31	40	43	51	47	0	0	0	49	50	0	34	0	0	0	44	0	0	0	0	0	0	0	0	0	41	44	48	38	0	0	31	0	42	46	42	30	46	0	50	0	0	0	51	0	0	0	0	0	0	49	0	20	0	0	22	0	47	49	0	0	49	42	46	0	0	35	0	48	49	0	0	0	0	0	0	42	44	0	0	0	0	48	0	0	0.0	0.0	0.0	0.0	0.0	0.0	0.0	0.0	0.0	0.0	0.0	0.0	0.0	0.0	0.0	0.0	0.0	0.0	0.0	0.0	0.0	0.0	0.0	0.0	1.0	0.0	0.0	0.0	0.0	0.0	0.0	0.0	0.0	0.0	0.0	0.0	0.0	0.0	0.0
CGGACGTTCCACTGGG	38	Other	0.0	46	0	0	0	0	0	0	37	0	0	0	0	0	0	0	0	0	0	0	0	0	0	0	0	0	0	0	0	0	0	0	0	0	0	0	0	0	0	0	0	0	0	0	0	0	0	36	0	0	0	0	0	0	0	0	0	0	0	0	0	43	0	45	0	0	0	0	0	0	0	0	0	0	0	0	0	0	0	0	0	0	0	0	0	0	0	0	0	0	0	0	0	0	0	0	0	0	0	0	0	0	0	0	0	0	0	0	0	0	0	0	0	0	0	0	0	0	0	0	0	0	0	0	0	0	0	40	0	31	0	0	0	0	0	0	0	0	0	0	0	0	0	0	0	0	0	46	0	0	0	0	0	0	0	0	0	0	0	0	0	0	0	0	0	0	0	0	0	0	0	0	0	34	0	36	0	0	0	0	0	0	0	0	0	0	0	0	0	0	0	0	0	51	0	0	0	0	0	0	0	0	0	48	46	0	0	50	0	0	0	0	0	0	0	0	0	0	0	0	0	0	0	0	0	0	0	0	0	0	0	0	0	0	0	0	0	0	0	0	0	0	50	0	0	0	0	0	0	0	0	0	0	0	0	0	0	0	0	0	0	0	0	0	0	42	0	0	0	0	0	0	0	0	0	49	40	0	0	0	0	0	0	0	0	0	0	0	0	0	51	0	36	0	0	0	0	0	0	0	0	0	48	0	0	0	0	0	0	0	0	0	0	0	0	0	0	0	0	0	0	0	0	0	0	0.0	0.0	0.0	0.0	0.0	0.0	0.0	0.0	0.0	0.0	0.0	0.0	0.0	0.0	0.0	0.0	0.0	0.0	0.0	0.0	0.0	0.0	0.0	0.0	0.0	0.0	0.0	0.0	0.0	0.0	0.0	0.0	0.0	0.0	0.0	0.0	0.0	0.0	1.0
CGTTGGGAGACTGGGT	1	AT2	1.7411365075339757e-05	32	29	38	32	41	0	39	27	0	0	21	34	18	42	0	0	47	39	28	51	0	0	0	34	44	44	25	0	34	0	42	45	42	39	42	43	0	0	50	35	0	42	36	0	37	22	23	0	50	35	44	34	36	0	40	0	41	0	42	47	21	36	24	30	0	33	45	0	0	0	0	0	0	0	0	0	0	49	0	0	0	26	28	42	34	51	47	47	49	0	35	48	0	46	0	0	27	0	40	41	49	0	41	0	0	0	0	0	0	0	0	51	0	0	0	0	0	48	0	47	40	32	0	28	0	42	17	36	19	44	0	0	49	28	0	0	45	0	0	0	48	0	0	0	47	47	22	44	33	44	25	0	0	0	0	0	0	46	0	0	0	0	0	27	32	44	0	0	0	44	0	43	27	36	15	0	0	0	46	0	0	49	0	0	51	0	33	0	35	39	0	49	0	50	45	45	0	27	0	0	48	0	0	35	40	0	49	0	46	36	0	27	0	0	0	48	0	37	44	0	47	0	51	44	0	0	0	0	42	44	0	0	44	0	0	0	50	42	40	37	45	36	0	37	0	0	0	30	0	44	44	0	43	0	35	0	0	46	49	0	50	0	0	0	37	41	0	0	0	47	39	0	39	30	28	24	0	46	0	0	0	0	45	0	49	0	44	0	0	38	0	24	0	36	32	0	46	45	0	47	36	33	32	0	37	42	0	43	43	0	42	39	0	0	0	39	0	44	51	0	39	43	0	0	0.0	0.999998845134299	0.0	0.0	0.0	0.0	0.0	0.0	0.0	9.931599301408878e-07	4.126318541769037e-14	0.0	0.0	0.0	0.0	0.0	0.0	0.0	0.0	1.6170568472209328e-07	0.0	0.0	0.0	0.0	0.0	0.0	0.0	0.0	0.0	0.0	0.0	0.0	0.0	0.0	0.0	0.0	0.0	0.0	0.0
CTACCCACACCAGTTA	7	Club	0.0	23	42	44	42	32	50	49	19	0	0	35	49	22	43	0	0	0	49	0	0	0	46	0	48	0	41	36	0	40	0	0	0	48	45	0	47	0	0	51	0	0	0	0	0	38	39	27	0	0	38	0	0	0	51	0	0	48	0	49	0	13	0	15	32	0	0	0	49	46	0	48	0	46	49	0	0	0	0	0	0	0	35	42	46	35	0	28	0	0	0	0	0	0	49	0	49	45	0	0	0	0	0	37	0	0	50	0	0	0	0	0	0	50	0	0	0	0	0	0	41	32	35	0	40	42	41	31	28	25	0	0	0	0	44	0	50	0	0	49	0	0	0	0	0	0	0	41	49	36	0	38	0	0	0	0	0	0	0	0	0	0	0	0	29	36	45	0	0	0	42	0	45	20	0	16	0	0	0	49	0	0	0	0	0	0	0	0	0	43	0	0	0	0	48	0	46	0	48	51	0	44	0	36	31	0	0	0	0	0	0	0	31	0	0	0	0	0	0	0	0	0	0	0	0	0	0	0	0	0	0	0	0	0	0	0	0	0	0	0	27	42	47	0	38	0	0	0	42	0	0	0	0	0	0	37	0	0	49	0	0	0	0	0	0	19	0	0	49	0	0	33	0	45	42	38	23	50	50	45	0	0	0	0	51	0	0	0	46	0	0	0	23	0	49	24	0	0	0	0	0	0	45	37	0	43	0	0	0	0	0	51	0	0	0	0	0	47	0	0	0	0	37	0	0	0.0	0.0	0.0	0.0	0.0	0.0	0.0	1.0	0.0	0.0	0.0	0.0	0.0	0.0	0.0	0.0	0.0	0.0	0.0	0.0	0.0	0.0	0.0	0.0	0.0	0.0	0.0	0.0	0.0	0.0	0.0	0.0	0.0	0.0	0.0	0.0	0.0	0.0	0.0
CTCAGAAAGGGTCGAT	38	Other	0.0	0	0	0	0	0	0	0	49	0	0	0	0	46	0	0	0	0	0	0	0	0	0	0	0	0	0	51	0	0	0	0	0	0	0	0	0	0	0	0	0	0	0	0	0	0	50	44	0	0	51	0	0	0	0	0	0	0	0	0	0	42	0	51	0	0	0	0	0	0	0	0	0	0	0	0	0	0	0	0	0	0	0	0	0	51	0	0	0	0	0	0	0	0	0	0	0	0	0	0	0	0	0	0	0	0	0	0	0	0	0	0	0	0	0	0	0	0	0	0	0	0	0	0	0	0	0	0	0	0	0	0	0	0	0	51	0	0	0	0	0	0	0	0	0	0	0	0	0	51	0	50	0	0	51	0	0	0	51	0	0	0	0	0	0	0	0	0	0	0	0	0	0	43	0	45	0	0	0	0	0	0	0	0	0	0	0	0	0	0	0	0	0	0	0	0	0	0	0	0	0	0	0	0	0	0	0	0	0	0	0	0	0	0	0	0	0	0	0	0	0	0	0	0	0	0	0	0	0	0	0	0	0	0	0	0	0	0	0	0	48	0	0	0	0	0	0	0	0	0	0	0	0	0	0	0	0	0	0	0	0	0	0	0	0	49	0	0	0	0	0	0	0	0	0	0	0	0	0	0	0	0	0	0	0	0	0	0	0	0	0	0	46	0	0	48	0	0	0	0	0	0	0	0	0	0	50	0	0	0	0	0	0	0	0	0	0	0	0	0	0	0	0	0	0	0.0	0.0	0.0	0.0	0.0	0.0	0.0	0.0	0.0	0.0	0.0	0.0	0.0	0.0	0.0	0.0	0.0	0.0	0.0	0.0	0.0	0.0	0.0	0.0	0.0	0.0	0.0	0.0	0.0	0.0	0.0	0.0	0.0	0.0	0.0	0.0	0.0	0.0	1.0
CTCCTAGAGGTGGGTT	38	Other	0.0	44	0	0	0	49	0	0	0	0	0	0	0	0	0	0	0	0	0	50	0	0	0	0	0	0	0	0	0	0	0	0	0	0	0	0	0	0	0	0	0	0	0	0	0	0	48	40	0	0	0	0	0	0	0	0	51	0	0	0	0	47	50	47	0	0	0	0	0	0	0	0	0	0	0	0	0	0	0	0	0	0	0	0	0	0	0	0	0	0	0	0	0	0	0	0	0	0	0	0	0	0	0	0	0	0	0	0	0	0	0	0	0	0	0	0	0	0	0	0	0	0	0	0	0	0	0	0	0	0	0	0	0	0	0	0	0	0	0	0	0	0	0	0	0	0	0	47	0	0	0	0	0	0	0	0	0	0	0	0	51	0	0	0	0	50	0	0	0	0	0	0	0	0	0	29	0	0	0	0	0	0	0	0	0	0	0	0	0	0	0	0	0	0	0	0	0	0	0	0	0	0	0	47	0	0	0	0	0	0	0	0	0	0	0	0	0	0	0	0	0	0	0	0	0	0	0	0	0	0	0	0	0	0	0	0	0	51	0	0	45	0	0	0	0	0	0	0	0	0	0	0	0	0	0	0	0	0	0	0	51	0	0	0	0	45	0	0	0	0	0	0	0	0	0	0	46	0	0	0	0	0	0	0	0	0	0	0	0	0	0	0	0	50	0	41	0	0	0	0	0	0	0	0	0	0	47	0	0	0	0	0	0	0	0	0	0	0	0	0	0	0	0	0	0	0.0	0.0	0.0	0.0	0.0	0.0	0.0	0.0	0.0	0.0	0.0	0.0	0.0	0.0	0.0	0.0	0.0	0.0	0.0	0.0	0.0	0.0	0.0	0.0	0.0	0.0	0.0	0.0	0.0	0.0	0.0	0.0	0.0	0.0	0.0	0.0	0.0	0.0	1.0
CTCGAGGCACCAGGTC	22	PNEC	0.21650530167253962	24	0	45	30	37	0	44	16	0	0	39	0	20	47	0	0	0	46	48	0	51	43	49	49	48	45	41	0	37	0	47	0	44	0	51	49	51	0	0	0	0	0	47	0	50	41	26	0	48	39	51	0	43	0	42	0	26	0	50	0	16	43	14	40	0	0	0	0	43	48	45	0	47	46	48	0	0	0	51	0	51	27	38	0	37	0	31	0	0	0	47	0	0	45	0	0	46	0	0	50	0	0	46	0	0	0	0	0	0	0	51	0	0	0	0	0	0	49	0	43	45	33	0	36	43	0	27	27	22	0	0	51	0	0	0	49	48	0	0	0	0	0	0	51	49	0	25	32	40	0	37	0	0	0	0	0	0	0	0	50	0	0	50	35	46	0	0	0	0	45	0	32	21	42	9	0	0	51	0	0	0	0	0	0	0	0	46	0	0	0	0	0	0	0	0	0	0	46	0	0	46	0	40	32	0	0	0	0	51	0	0	33	0	0	0	0	0	0	43	0	0	0	0	50	0	49	0	0	0	0	0	0	51	0	0	0	47	0	0	36	33	44	0	0	0	0	0	45	46	0	47	0	0	0	47	0	0	0	0	0	0	0	51	0	27	0	49	0	0	0	0	0	29	44	34	21	0	0	0	0	51	0	0	0	0	0	0	47	0	0	0	26	45	0	26	0	45	0	0	0	0	39	45	0	45	34	0	0	0	0	0	48	0	0	0	0	0	50	0	0	0	0	0	0	0.0	0.0	0.0	0.0	0.0	0.0	0.0	0.0	0.0	0.0	0.0	0.0	0.0	0.0	0.0	0.0	0.0	0.0	0.0	0.0	5.308138801683569e-08	0.0	0.9439703060539495	0.05594962759251832	0.0	0.0	0.0	0.0	0.0	0.0	0.0	0.0	8.001327207794568e-05	0.0	0.0	0.0	0.0	0.0	0.0
CTCGAGGTCCCTCTTT	18	Mast	0.0	28	36	0	31	42	0	42	15	0	0	22	43	13	49	0	0	0	48	40	0	0	0	0	33	0	43	27	0	0	0	41	0	0	36	47	0	0	0	0	46	0	51	31	46	0	29	14	41	0	41	0	0	46	0	49	44	47	42	0	0	26	47	27	47	0	47	44	0	0	0	0	49	44	0	0	0	0	0	0	0	0	14	0	0	38	0	27	46	0	0	46	0	0	0	0	0	30	45	35	48	0	0	42	0	0	42	44	0	51	0	0	0	0	0	0	48	0	41	0	0	0	22	0	0	0	0	15	13	5	42	0	49	0	32	44	41	46	0	0	0	0	48	0	0	0	38	27	34	27	40	23	0	0	0	0	0	49	0	0	44	0	0	0	20	37	49	51	0	0	24	0	25	10	41	6	0	50	0	0	0	50	0	0	0	0	0	40	51	45	0	0	44	35	0	48	48	49	25	0	0	38	0	44	29	43	0	38	0	0	41	0	24	0	0	0	0	0	36	42	0	0	0	0	49	0	51	0	0	0	43	51	0	0	0	0	0	46	40	45	20	41	24	0	30	0	0	0	46	32	42	40	0	0	44	46	0	0	34	46	0	0	0	0	46	25	43	41	43	0	46	47	0	33	34	35	19	47	0	44	51	0	0	50	0	0	0	0	35	0	39	0	9	42	39	16	0	44	48	0	45	42	38	27	0	0	26	0	0	37	0	46	37	47	0	0	45	48	35	0	0	38	50	0	0	0.0	0.0	0.0	0.0	0.0	0.0	0.0	0.0	0.0	0.0	0.0	0.0	0.0	0.0	0.0	0.0	0.0	0.0	1.0	0.0	0.0	0.0	0.0	0.0	0.0	0.0	0.0	0.0	0.0	0.0	0.0	0.0	0.0	0.0	0.0	0.0	0.0	0.0	0.0
CTTAACTCAGCTGTGC	38	Other	0.0	51	0	0	0	0	0	0	45	0	0	0	0	45	0	0	0	0	0	0	0	0	0	0	0	0	0	0	0	0	0	0	0	0	0	0	51	0	0	0	0	0	0	0	0	0	0	43	0	0	0	0	0	0	0	0	0	0	0	0	0	50	0	39	0	0	0	0	0	0	0	0	0	0	0	0	0	0	0	0	0	0	42	48	0	0	0	0	0	0	0	0	0	0	0	0	0	0	0	0	0	0	0	0	0	0	0	0	0	0	0	0	0	0	0	0	0	0	0	0	51	0	50	0	45	0	0	46	43	47	0	0	0	0	0	0	0	0	0	0	0	0	0	0	0	0	0	0	0	0	0	51	0	0	0	0	0	0	0	0	0	0	0	0	48	0	0	0	0	0	51	0	0	48	0	47	0	0	0	0	0	0	0	0	0	0	0	0	0	0	0	0	0	0	0	0	0	0	0	0	0	0	0	0	0	0	0	0	0	0	0	0	43	0	0	0	0	0	0	0	0	0	0	0	0	0	0	0	0	0	0	0	0	0	0	0	0	0	0	0	0	0	0	0	0	0	0	0	0	0	0	0	0	0	0	0	0	0	0	0	0	0	0	0	0	0	0	0	0	0	0	0	0	0	0	0	45	0	0	0	0	0	0	0	0	0	0	0	0	0	0	0	43	0	0	46	0	0	0	0	0	0	0	50	0	0	0	0	0	0	0	0	0	0	0	0	0	0	0	0	0	0	0	0	0	0.0	0.0	0.0	0.0	0.0	0.0	0.0	0.0	0.0	0.0	0.0	0.0	0.0	0.0	0.0	0.0	0.0	0.0	0.0	0.0	0.0	0.0	0.0	0.0	0.0	0.0	0.0	0.0	0.0	0.0	0.0	0.0	0.0	0.0	0.0	0.0	0.0	0.0	1.0
GACGGCTTCTCGAGTA	38	Other	0.0	45	0	0	49	0	0	0	40	0	0	47	0	38	0	0	0	0	0	0	0	0	0	0	0	0	0	0	0	0	0	0	0	0	0	0	0	0	0	0	0	0	0	0	0	0	0	34	0	0	0	0	49	0	0	0	0	0	0	0	50	0	0	0	0	0	0	0	0	0	0	0	0	0	0	0	0	0	0	0	0	0	41	0	0	0	0	0	0	0	0	0	0	0	0	0	0	48	0	0	0	0	0	51	0	0	0	0	0	0	0	0	0	0	0	0	0	0	0	0	0	0	44	0	44	48	0	45	40	42	0	0	0	0	0	0	0	0	0	0	0	0	0	0	0	0	0	0	51	0	0	47	0	0	0	0	0	0	0	0	0	0	0	0	0	0	0	0	0	0	0	0	0	36	0	34	0	0	0	0	0	0	0	0	0	0	0	0	0	0	0	0	0	0	0	0	0	0	0	0	0	0	0	0	49	0	0	0	0	0	0	0	41	0	0	0	0	0	0	0	0	0	0	0	0	0	0	0	0	0	0	0	0	0	0	0	0	0	0	0	0	0	0	0	0	0	0	0	0	0	0	0	0	0	0	0	0	0	0	0	0	0	0	0	0	0	0	0	0	0	0	0	0	0	50	0	0	0	0	0	0	0	0	0	0	0	0	0	0	0	0	0	38	0	0	42	0	0	0	0	0	0	0	0	0	0	0	0	0	0	0	0	0	0	0	0	0	0	0	0	51	0	0	0	0	0.0	0.0	0.0	0.0	0.0	0.0	0.0	0.0	0.0	0.0	0.0	0.0	0.0	0.0	0.0	0.0	0.0	0.0	0.0	0.0	0.0	0.0	0.0	0.0	0.0	0.0	0.0	0.0	0.0	0.0	0.0	0.0	0.0	0.0	0.0	0.0	0.0	0.0	1.0
GACTACATCTGGGCCA	38	Other	0.0	0	0	0	0	0	0	0	0	0	0	44	0	31	0	0	0	0	0	0	0	0	0	0	0	0	51	0	0	0	0	0	0	0	0	0	0	0	0	0	0	0	0	0	51	0	0	37	0	0	0	0	0	0	0	0	0	0	0	0	0	36	0	42	50	0	0	0	0	0	0	0	0	0	0	0	0	0	0	0	0	0	37	0	0	0	0	0	0	0	0	0	0	0	0	0	0	0	0	0	0	0	0	0	0	0	0	0	0	0	0	0	0	0	0	0	0	0	0	0	0	0	41	0	0	0	0	38	39	0	0	0	0	0	48	0	0	0	0	0	0	0	0	0	0	0	0	45	0	0	50	0	0	0	0	0	0	0	0	0	0	0	0	0	0	0	0	0	0	0	0	0	0	31	51	30	0	0	0	0	0	0	0	0	0	0	0	0	0	0	0	0	0	0	0	0	0	0	0	0	0	0	0	0	0	0	0	0	0	0	0	0	37	0	0	0	0	0	0	0	0	0	0	0	0	0	0	0	0	50	0	0	0	0	0	51	0	0	0	0	0	0	0	0	0	0	0	0	0	0	0	0	0	0	0	0	0	0	0	0	0	0	0	0	0	43	0	0	0	0	0	0	0	0	0	0	0	0	0	0	0	0	0	0	0	0	0	0	0	0	0	0	35	0	0	0	0	0	0	0	0	0	0	0	0	0	46	0	0	0	0	0	0	0	0	0	0	0	0	0	0	0	0	0	0	0.0	0.0	0.0	0.0	0.0	0.0	0.0	0.0	0.0	0.0	0.0	0.0	0.0	0.0	0.0	0.0	0.0	0.0	0.0	0.0	0.0	0.0	0.0	0.0	0.0	0.0	0.0	0.0	0.0	0.0	0.0	0.0	0.0	0.0	0.0	0.0	0.0	0.0	1.0
GATCAGTTCACCTTAT	3	B	0.0	22	34	46	37	40	43	36	26	48	0	31	36	23	33	0	0	0	37	30	49	0	34	43	35	0	28	40	0	42	0	33	0	34	34	38	45	48	47	0	37	51	40	41	43	45	38	6	42	43	42	45	38	30	0	32	36	31	39	37	45	17	40	12	27	48	37	39	0	41	47	41	45	42	42	44	0	46	46	0	48	0	36	43	47	28	0	46	44	0	0	38	45	0	40	0	37	38	46	32	36	0	0	29	0	0	33	45	0	45	0	0	0	44	45	0	49	0	45	51	45	34	36	48	38	39	44	24	33	27	38	0	0	0	42	41	44	36	0	46	0	0	46	0	0	45	40	39	46	38	0	35	0	0	0	0	0	36	44	0	45	46	0	47	39	31	39	0	51	0	39	0	38	26	32	14	0	46	45	38	0	42	40	51	49	0	0	42	42	31	47	49	41	42	36	36	35	46	38	0	0	40	0	33	28	41	48	0	0	44	28	0	22	47	49	0	45	47	46	32	0	0	48	0	43	0	0	0	0	38	39	0	41	45	49	47	0	38	39	0	35	31	45	46	31	0	0	0	38	37	38	38	48	0	45	34	0	40	35	0	0	0	0	0	0	21	37	37	36	46	0	37	47	41	32	26	22	0	38	40	50	45	0	44	0	47	47	41	32	50	44	0	29	40	43	28	0	35	37	0	46	35	27	35	0	42	31	0	39	35	42	47	36	41	0	51	34	0	36	0	40	40	29	0	0	0.0	0.0	0.0	1.0	0.0	0.0	0.0	0.0	0.0	0.0	0.0	0.0	0.0	0.0	0.0	0.0	0.0	0.0	0.0	0.0	0.0	0.0	0.0	0.0	0.0	0.0	0.0	0.0	0.0	0.0	0.0	0.0	0.0	0.0	0.0	0.0	0.0	0.0	0.0
GATCGTAAGCTAAACA	8	DC Langerhans	0.36782191785927565	36	46	50	47	46	0	0	30	0	0	40	0	26	0	0	0	0	0	47	0	0	47	0	0	49	42	44	0	41	0	50	51	49	47	0	0	0	51	0	0	0	50	46	0	0	44	28	0	0	0	0	0	0	0	0	0	33	0	0	0	33	0	21	42	0	0	0	50	48	0	0	0	0	0	51	0	0	0	0	0	0	29	39	0	47	0	44	50	0	0	49	50	0	50	0	0	41	0	48	0	0	0	0	0	0	51	0	0	0	0	0	0	51	0	0	0	0	0	0	0	41	37	0	41	44	0	32	32	26	0	0	0	0	43	50	51	0	0	51	0	0	0	0	0	0	0	43	50	43	0	20	0	0	0	0	0	0	0	0	0	0	0	0	42	45	0	0	0	0	0	0	29	22	0	23	0	0	0	0	0	0	0	0	0	0	0	45	0	0	50	0	0	50	47	47	0	50	39	0	0	0	0	42	38	0	0	0	0	0	0	0	34	0	0	0	0	0	0	0	0	0	0	0	51	0	0	0	0	0	0	0	0	0	0	0	0	0	0	0	39	44	46	0	41	0	0	0	48	51	0	45	0	0	0	0	0	0	50	0	0	0	0	0	0	28	50	51	0	0	0	0	0	47	36	46	32	0	0	0	0	0	0	0	0	0	0	0	49	0	50	0	19	47	0	29	0	0	0	0	0	0	43	39	0	48	29	0	0	0	0	0	0	0	0	0	0	49	49	0	0	0	46	0	0	0.0	0.0	0.12045064923243703	0.0	0.0	0.0	0.0	0.0	0.8795493507674755	0.0	0.0	0.0	0.0	0.0	0.0	0.0	0.0	0.0	0.0	0.0	0.0	0.0	0.0	0.0	0.0	0.0	0.0	0.0	0.0	0.0	0.0	0.0	0.0	0.0	0.0	0.0	0.0	0.0	0.0
GATGCTACACGGCCAT	13	ILC B	0.0001880215593716037	42	50	0	0	0	51	50	25	0	0	37	41	27	0	0	51	0	0	45	0	0	50	0	0	50	49	46	0	49	0	0	0	51	0	0	0	0	0	0	0	0	0	49	0	51	46	30	0	0	0	0	0	0	0	50	0	49	0	0	0	29	49	23	38	0	0	0	0	50	50	50	0	0	0	0	51	0	0	0	0	0	28	41	0	0	0	0	0	0	0	50	51	0	0	0	50	47	0	0	0	0	0	0	0	0	0	51	0	0	0	0	0	0	51	0	0	0	0	0	44	48	31	0	39	45	48	34	35	29	0	0	0	0	45	0	0	0	0	0	0	50	0	0	0	0	50	0	47	44	0	39	0	0	0	0	0	0	0	0	0	0	0	0	41	47	0	0	0	0	46	0	49	29	0	26	0	0	0	0	0	0	0	0	0	0	0	49	0	0	0	0	0	0	0	0	0	0	50	0	0	51	0	37	0	51	0	0	0	0	0	0	32	0	0	0	51	0	0	49	0	0	0	0	0	0	0	0	0	0	0	0	0	0	51	0	0	0	0	0	32	48	48	0	49	0	0	0	0	0	0	49	0	0	0	50	0	0	0	0	0	0	0	0	0	36	0	0	0	0	0	0	0	48	48	29	35	0	0	0	0	0	0	0	0	51	0	0	50	0	0	0	32	49	0	33	0	0	0	0	0	0	44	40	0	0	0	0	0	0	0	0	0	0	0	0	0	0	0	0	47	0	0	0	0	0.0	0.0	0.0	0.0	0.0	0.0	0.0	0.0	0.0	0.0	0.0	0.0	0.0	0.9999844222499256	0.0	0.0	1.5577462070599184e-05	0.0	0.0	0.0	0.0	0.0	0.0	0.0	0.0	0.0	0.0	2.87952397357745e-10	0.0	0.0	0.0	0.0	0.0	0.0	0.0	0.0	0.0	0.0	0.0
GCAAACTCAGTCAGCC	38	Other	0.0	0	0	0	51	50	0	0	0	0	0	0	0	43	0	0	0	0	0	0	0	0	0	0	0	51	0	50	0	0	0	0	0	0	0	0	0	0	0	0	0	0	0	0	0	0	0	45	0	0	0	0	51	0	0	0	0	0	0	0	0	39	0	0	0	0	0	0	0	0	51	0	0	0	0	0	0	0	0	0	0	0	49	50	0	0	0	0	0	0	0	0	0	0	0	0	0	51	0	0	0	0	0	0	0	0	0	0	0	0	0	0	0	0	0	0	0	0	0	0	50	0	51	0	50	50	0	0	0	49	0	0	0	0	0	0	0	0	0	0	0	0	0	0	0	0	0	0	0	0	0	0	0	0	0	0	0	0	0	0	0	0	0	0	0	51	0	0	0	0	0	0	51	38	0	38	0	0	0	0	0	0	0	0	0	0	0	0	0	0	0	0	0	0	0	0	0	0	0	0	0	0	0	0	51	0	0	0	0	0	0	0	47	0	0	0	0	0	0	0	0	0	0	0	0	0	0	0	0	0	0	0	0	0	0	0	0	0	0	0	0	0	0	0	0	0	0	0	0	0	0	0	0	0	0	0	0	0	0	0	0	0	0	0	0	0	0	0	0	0	0	0	0	0	0	0	43	0	0	0	0	0	0	0	0	0	0	0	0	0	0	0	0	0	0	0	0	0	0	0	0	0	0	49	0	0	0	0	0	0	0	0	0	0	0	0	0	0	0	0	0	0	0	0	0	0.0	0.0	0.0	0.0	0.0	0.0	0.0	0.0	0.0	0.0	0.0	0.0	0.0	0.0	0.0	0.0	0.0	0.0	0.0	0.0	0.0	0.0	0.0	0.0	0.0	0.0	0.0	0.0	0.0	0.0	0.0	0.0	0.0	0.0	0.0	0.0	0.0	0.0	1.0
GCATGCGTCTCGAGTA	38	Other	0.0	0	0	0	0	0	0	0	43	0	0	46	0	44	0	0	0	0	0	51	0	0	0	0	0	0	0	0	0	0	0	0	0	0	0	0	0	0	0	0	0	0	0	0	0	0	49	0	0	0	0	0	0	0	0	0	0	0	0	0	51	0	0	0	0	0	0	0	0	0	0	0	0	0	0	0	0	0	0	0	0	0	44	0	0	0	0	51	0	0	0	0	0	0	0	0	0	0	0	0	0	0	0	0	0	0	0	0	0	0	0	0	0	0	0	0	0	0	0	0	0	0	0	0	49	0	0	48	45	43	0	0	0	0	0	0	0	0	0	0	0	0	0	0	0	0	0	0	0	49	0	0	0	0	0	0	0	0	0	0	0	0	0	0	0	0	0	0	0	0	50	0	0	45	0	41	0	0	0	0	0	0	0	0	0	0	0	0	0	0	0	0	0	0	0	0	0	0	0	0	0	0	0	0	0	0	0	0	0	0	0	0	42	0	0	0	0	0	0	0	0	0	0	0	0	0	0	0	0	0	0	0	0	0	0	0	0	0	0	0	0	0	0	0	0	0	0	0	0	0	0	0	0	0	0	0	0	0	0	0	0	0	0	0	0	0	0	0	0	0	0	0	0	0	0	0	0	0	0	0	0	0	0	0	0	0	0	0	0	0	0	0	0	0	0	47	0	0	0	0	0	0	0	0	0	0	0	0	0	0	0	0	0	0	0	0	0	0	0	0	0	0	0	0	0	0.0	0.0	0.0	0.0	0.0	0.0	0.0	0.0	0.0	0.0	0.0	0.0	0.0	0.0	0.0	0.0	0.0	0.0	0.0	0.0	0.0	0.0	0.0	0.0	0.0	0.0	0.0	0.0	0.0	0.0	0.0	0.0	0.0	0.0	0.0	0.0	0.0	0.0	1.0
GCTGGGTAGATAGTCA	38	Other	0.0	48	0	0	0	0	0	0	0	0	0	0	0	41	51	0	0	0	0	0	0	0	0	0	0	0	0	49	0	0	0	0	0	0	0	0	0	0	0	0	0	0	0	0	0	0	0	0	0	0	0	0	0	0	0	0	0	0	0	0	0	37	0	36	0	0	0	0	0	51	0	0	0	0	0	0	0	0	0	0	0	0	38	0	0	0	0	0	0	0	0	0	0	0	0	0	0	0	0	0	0	0	0	0	0	0	0	0	0	0	0	0	0	0	0	0	0	0	0	0	0	0	42	0	0	0	0	49	44	41	0	0	0	0	0	0	0	0	0	0	0	0	0	0	0	0	0	48	0	0	0	46	0	0	0	0	0	0	0	0	0	0	0	0	0	0	0	0	0	0	0	0	0	33	0	40	0	0	0	0	0	0	0	0	0	0	0	0	0	0	0	0	0	0	0	0	0	0	0	0	0	0	0	0	47	0	0	0	0	0	0	0	40	0	0	0	0	0	0	0	0	0	0	0	0	0	0	0	0	0	0	0	0	0	0	0	0	0	0	0	43	0	0	0	0	0	0	0	0	0	0	0	0	0	0	0	0	0	0	0	0	0	0	0	0	0	0	0	0	0	0	0	0	0	0	0	38	0	0	0	0	0	0	0	0	0	0	0	0	0	0	0	37	0	0	37	0	0	0	0	0	0	49	51	0	0	0	0	0	0	0	0	0	0	0	0	0	0	0	0	0	0	0	0	0	0.0	0.0	0.0	0.0	0.0	0.0	0.0	0.0	0.0	0.0	0.0	0.0	0.0	0.0	0.0	0.0	0.0	0.0	0.0	0.0	0.0	0.0	0.0	0.0	0.0	0.0	0.0	0.0	0.0	0.0	0.0	0.0	0.0	0.0	0.0	0.0	0.0	0.0	1.0
GGACGTCCACCAGTTA	37	pDC	0.0	33	30	34	34	33	0	32	29	0	49	18	40	6	30	0	46	0	33	38	0	46	31	39	40	0	30	30	47	32	0	0	0	36	41	39	42	0	0	0	44	46	43	45	0	33	30	13	43	36	31	0	33	38	0	44	37	39	46	43	0	25	37	22	35	0	38	40	0	0	0	0	40	0	0	0	0	47	47	0	0	0	15	0	41	44	0	38	39	48	0	44	0	0	35	0	0	26	0	0	37	0	0	43	0	0	47	0	0	0	0	0	0	0	0	0	0	0	35	0	40	38	27	0	27	0	36	20	19	12	39	0	0	0	0	0	42	37	0	0	0	0	0	0	0	0	45	37	41	25	34	19	0	0	47	0	0	37	47	0	42	0	47	46	22	0	46	50	0	47	30	0	41	12	46	13	0	0	0	43	0	41	43	0	0	0	0	48	0	37	45	0	42	0	39	44	49	43	0	0	0	43	0	34	37	0	50	42	50	0	47	0	11	0	0	0	0	51	47	46	0	0	0	0	36	0	0	0	49	43	41	0	0	49	44	0	0	39	0	41	23	29	32	47	39	0	46	0	35	33	43	29	0	50	42	30	0	41	41	0	0	46	51	0	44	30	0	34	39	0	0	35	49	26	29	23	20	42	41	38	0	0	0	0	0	0	0	0	33	0	35	48	28	0	48	25	0	48	43	0	44	44	24	28	0	0	40	0	44	39	0	40	0	46	0	0	44	39	33	50	0	41	42	41	49	0.0	0.0	0.0	0.0	0.0	0.0	0.0	0.0	0.0	0.0	0.0	0.0	0.0	0.0	0.0	0.0	0.0	0.0	0.0	0.0	0.0	0.0	0.0	0.0	0.0	0.0	0.0	0.0	0.0	0.0	0.0	0.0	0.0	0.0	0.0	0.0	0.0	1.0	0.0
GGGAGATGTGCCTGCA	35	cMonocyte	0.0	29	33	48	26	25	49	38	32	0	0	36	38	25	31	0	0	0	38	33	0	0	0	44	39	47	29	28	0	39	0	44	48	35	0	41	0	49	48	0	0	0	0	35	0	49	23	16	48	41	34	48	39	34	0	29	39	25	0	46	0	28	41	18	33	0	32	0	0	0	0	0	0	45	0	0	0	0	0	47	0	0	31	27	50	31	0	41	0	0	51	0	0	0	48	0	41	37	47	38	40	48	0	32	0	0	39	46	0	46	0	0	0	0	0	0	0	0	47	0	38	42	39	0	32	33	50	25	30	23	43	0	0	0	33	0	0	41	0	0	0	0	0	0	0	0	39	42	36	45	0	33	51	50	0	0	51	41	0	0	0	47	0	0	40	35	0	0	0	46	43	0	31	25	29	18	0	48	48	0	0	43	0	0	0	0	0	43	46	36	0	0	0	46	0	50	37	0	26	0	0	47	0	0	30	44	0	37	0	0	38	0	28	0	0	0	50	0	49	29	51	0	0	0	39	0	0	0	0	0	47	0	44	46	46	0	0	42	41	0	33	37	29	0	35	0	48	0	47	39	48	42	0	41	46	42	0	0	36	0	0	48	0	0	47	39	42	0	41	0	0	41	50	44	41	43	26	0	48	0	0	0	0	0	0	0	0	50	36	0	40	0	22	0	45	31	51	50	35	0	0	46	41	44	50	36	36	0	0	38	43	0	38	0	0	0	0	0	40	0	0	0	36	0	0	0.0	0.0	0.0	0.0	0.0	0.0	0.0	0.0	0.0	0.0	0.0	0.0	0.0	0.0	0.0	0.0	0.0	0.0	0.0	0.0	0.0	0.0	0.0	0.0	0.0	0.0	0.0	0.0	0.0	0.0	0.0	0.0	0.0	0.0	0.0	1.0	0.0	0.0	0.0
GGTGAAGAGTTCGCAT	4	B Plasma	0.0	0	0	0	0	0	0	51	20	0	0	41	42	0	0	0	0	51	50	49	0	0	48	0	0	0	0	0	0	47	0	0	0	50	49	0	0	0	0	0	0	0	0	0	0	0	0	35	51	0	49	0	0	50	0	51	0	44	50	51	0	0	0	16	0	0	0	0	0	0	0	0	0	51	0	0	0	0	0	0	0	0	0	0	0	0	0	0	0	0	0	51	0	0	0	0	0	0	0	50	0	51	0	49	0	0	0	0	0	0	0	0	0	0	0	0	0	51	51	0	0	46	0	0	0	0	0	18	0	18	0	0	0	0	46	0	0	51	0	0	0	0	0	0	0	0	0	35	0	0	0	44	0	51	0	0	0	0	0	0	0	0	0	0	0	0	0	0	0	0	0	0	0	0	50	24	0	51	0	0	0	0	50	0	0	0	0	51	0	0	0	0	0	0	0	0	51	0	47	0	0	0	0	0	0	0	0	0	51	0	0	0	18	0	0	0	0	0	0	50	0	0	0	0	0	0	0	0	0	49	0	0	0	0	0	0	0	0	0	0	42	49	0	0	50	0	0	0	0	0	0	0	0	0	0	0	0	0	0	0	0	51	0	0	0	0	0	0	0	0	0	0	0	0	37	0	0	0	0	0	0	0	0	0	0	0	0	0	51	0	0	0	0	0	0	0	0	0	50	0	0	0	47	0	0	0	37	0	0	0	51	0	50	0	0	0	0	0	0	0	48	0	0	0	0	0.0	0.0	0.0	0.0	1.0	0.0	0.0	0.0	0.0	0.0	0.0	0.0	0.0	0.0	0.0	0.0	0.0	0.0	0.0	0.0	0.0	0.0	0.0	0.0	0.0	0.0	0.0	0.0	0.0	0.0	0.0	0.0	0.0	0.0	0.0	0.0	0.0	0.0	0.0
GGTGAAGGTCTCGTTC	38	Other	0.0	0	0	0	0	0	0	0	47	0	0	51	0	48	0	0	0	0	0	0	0	0	0	0	0	0	0	0	0	0	0	0	0	0	0	0	0	0	0	0	0	0	0	51	0	0	0	51	0	0	0	0	0	0	0	0	0	0	0	0	0	45	0	41	0	0	0	0	0	0	0	0	0	0	0	0	0	0	0	0	0	0	47	0	0	0	0	0	0	0	0	0	0	0	0	0	0	0	0	0	0	0	0	0	0	0	0	0	0	0	0	0	0	0	0	0	0	0	0	0	0	0	48	0	0	51	0	0	51	48	0	0	0	0	0	0	0	0	0	0	0	0	0	0	0	0	0	0	0	0	0	0	0	0	0	0	0	0	0	0	0	0	0	0	50	0	0	0	0	0	0	0	0	50	0	46	0	0	0	0	0	0	0	0	0	0	0	0	0	0	0	0	0	0	0	0	0	0	0	0	0	0	0	0	0	0	0	0	0	0	0	0	0	0	0	0	0	0	0	0	0	0	0	0	0	0	0	0	0	0	0	0	0	0	0	0	0	0	0	0	0	0	51	0	0	0	0	0	0	0	0	0	0	0	0	0	0	0	0	0	0	0	0	0	0	0	0	0	0	0	0	0	0	51	0	0	0	0	0	0	0	0	0	0	0	0	0	0	0	0	0	0	49	0	0	45	0	0	51	0	0	0	0	0	0	0	0	0	0	0	0	0	0	0	0	0	0	0	0	0	0	0	0	0	0	0.0	0.0	0.0	0.0	0.0	0.0	0.0	0.0	0.0	0.0	0.0	0.0	0.0	0.0	0.0	0.0	0.0	0.0	0.0	0.0	0.0	0.0	0.0	0.0	0.0	0.0	0.0	0.0	0.0	0.0	0.0	0.0	0.0	0.0	0.0	0.0	0.0	0.0	1.0
GTCACGGCAGGAATCG	38	Other	0.0	30	0	0	0	48	0	0	36	0	0	43	0	29	0	0	0	0	0	0	0	0	51	0	0	0	50	48	0	51	0	0	0	0	0	0	0	0	0	0	0	0	0	0	0	0	47	32	0	0	0	0	0	0	0	0	0	50	0	0	0	15	0	33	49	0	0	0	0	0	0	0	0	0	51	0	0	51	0	0	0	0	34	44	0	48	0	50	0	0	0	0	0	0	51	0	0	0	0	51	0	0	0	0	0	0	0	0	0	0	0	0	0	0	0	0	0	0	0	0	48	0	40	0	43	47	51	37	37	30	0	0	0	0	0	0	0	0	0	0	0	0	0	0	0	0	0	44	0	0	49	45	0	0	0	0	0	0	0	0	0	0	0	0	44	0	0	0	0	0	0	0	0	30	0	28	0	0	0	0	0	51	0	0	0	0	0	0	0	0	0	0	0	0	0	0	0	0	0	0	0	0	0	46	44	0	0	0	0	0	0	0	36	0	0	0	0	0	51	51	0	0	0	0	0	0	0	0	0	0	0	0	50	0	0	0	0	0	0	0	41	0	49	0	0	0	0	0	51	0	0	0	0	0	50	0	0	0	51	0	0	0	0	0	0	35	0	0	50	0	0	51	0	50	47	45	36	0	0	0	0	0	0	0	0	0	0	0	0	0	0	0	33	0	0	35	0	0	0	0	0	0	0	0	0	50	0	0	0	0	0	0	0	0	0	0	0	51	0	0	50	0	0	0	0	0.0	0.0	0.0	0.0	0.0	0.0	0.0	0.0	0.0	0.0	0.0	0.0	0.0	0.0	0.0	0.0	0.0	0.0	0.0	0.0	0.0	0.0	0.0	0.0	0.0	0.0	0.0	0.0	0.0	0.0	0.0	0.0	0.0	0.0	0.0	0.0	0.0	0.0	1.0
GTGCAGCGTGTGACCC	34	cDC2	1.0320128964021852e-12	34	41	0	33	47	0	34	22	0	0	28	46	17	45	0	0	0	36	31	0	50	41	0	0	0	26	0	0	36	0	38	0	46	38	45	0	0	0	0	48	0	0	34	0	47	28	24	0	44	0	0	0	42	0	0	49	43	0	47	0	34	46	31	46	0	44	0	0	0	0	0	0	0	0	0	0	48	0	0	0	0	21	32	0	45	0	39	0	51	0	32	0	0	43	0	46	0	0	0	46	0	0	33	0	0	45	48	0	48	0	0	0	0	0	50	0	0	46	0	36	43	0	0	0	0	0	14	18	17	48	0	0	0	29	0	0	40	0	0	0	0	0	0	0	0	43	19	29	35	0	30	0	0	0	0	0	43	0	0	0	0	0	0	30	0	51	0	0	0	31	51	48	19	40	25	0	0	0	0	51	49	0	0	0	0	0	39	0	42	44	0	0	40	44	40	0	0	29	0	0	45	0	30	43	0	0	46	0	0	40	0	14	0	0	0	0	0	0	37	0	49	51	0	0	0	0	0	0	0	0	0	0	0	47	0	0	45	51	46	38	27	31	0	43	0	0	0	32	40	0	36	0	47	0	0	0	46	44	0	0	0	0	0	0	22	38	43	34	0	49	46	0	40	45	44	33	51	0	49	0	0	0	48	0	0	0	0	0	0	37	0	21	43	51	21	0	51	0	0	0	39	37	36	0	0	45	0	46	34	48	0	0	0	0	0	48	45	0	0	0	46	41	47	0	0.0	0.0	0.0	0.0	0.0	3.218221139713665e-14	0.0	0.0	0.0	0.0	0.0	0.0	0.0	0.0	0.0	0.0	0.0	0.0	0.0	0.0	0.0	0.0	0.0	0.0	0.0	0.0	0.0	0.0	0.0	0.0	0.0	0.0	0.0	0.0	1.0	0.0	0.0	0.0	0.0
TACGGTACAGACGCTC	6	Ciliated	0.0	21	39	47	35	29	45	35	23	47	0	34	33	21	40	0	45	44	31	27	0	0	33	38	38	42	32	37	46	38	48	40	42	39	37	43	41	47	46	0	36	50	41	40	42	44	37	7	38	40	32	47	48	35	0	38	0	29	41	41	0	14	35	11	29	49	41	38	43	42	44	42	44	41	44	41	47	45	45	0	49	0	30	36	48	29	50	45	41	0	0	39	46	50	39	0	38	42	44	39	35	0	50	38	0	51	40	42	0	0	0	47	0	42	44	0	0	0	40	0	42	29	30	50	37	40	45	29	34	24	47	0	0	46	40	43	46	35	0	45	51	49	45	0	49	46	35	36	39	41	35	27	0	0	0	48	0	35	48	0	43	0	46	51	36	33	0	0	50	44	41	0	39	23	33	12	51	45	49	39	0	47	45	0	0	0	0	44	0	34	42	0	40	44	38	37	43	42	40	0	51	36	0	31	27	38	0	35	0	48	32	0	30	0	51	0	46	46	45	41	0	44	47	0	45	0	0	0	0	0	40	0	0	41	48	42	0	32	0	0	29	38	37	0	36	0	0	0	34	42	37	41	47	0	41	41	49	47	32	45	0	47	0	0	0	26	40	42	47	47	0	36	48	34	33	27	16	41	40	37	0	46	0	0	49	0	49	42	31	49	42	0	27	37	47	27	0	40	34	0	43	38	36	31	0	44	33	0	45	46	44	44	42	45	0	50	36	36	41	0	44	36	33	40	46	0.0	0.0	0.0	0.0	0.0	0.0	1.0	0.0	0.0	0.0	0.0	0.0	0.0	0.0	0.0	0.0	0.0	0.0	0.0	0.0	0.0	0.0	0.0	0.0	0.0	0.0	0.0	0.0	0.0	0.0	0.0	0.0	0.0	0.0	0.0	0.0	0.0	0.0	0.0
TACGGTAGTTGGGACA	18	Mast	0.0	31	43	0	43	45	0	40	33	0	0	23	26	14	0	0	0	0	0	42	0	0	36	45	51	0	47	42	0	35	0	46	49	32	0	44	46	0	0	0	39	0	46	0	0	32	34	19	0	47	46	0	45	40	0	33	48	40	0	45	0	22	45	19	31	0	46	0	0	0	0	0	0	0	0	0	0	0	0	0	0	0	0	31	0	40	0	36	0	0	0	42	0	0	0	0	0	32	0	45	0	50	0	44	0	0	44	0	51	0	0	0	0	0	0	0	0	0	0	0	34	35	0	0	0	0	0	28	23	13	0	0	0	0	0	0	0	0	0	0	0	0	0	0	0	0	36	34	35	26	43	34	0	0	0	0	0	0	0	0	0	0	51	0	24	43	50	0	0	0	36	0	42	16	35	10	0	0	0	0	0	48	0	0	0	0	0	29	50	0	43	0	47	45	43	39	0	0	43	0	0	0	0	41	23	0	0	48	0	0	46	0	9	0	0	0	0	0	0	0	0	0	0	0	0	0	0	0	0	48	0	0	49	0	0	46	0	44	43	42	30	35	25	0	40	0	0	0	31	44	51	0	0	0	0	49	0	51	43	48	0	0	0	0	0	20	46	0	33	0	0	40	0	27	25	25	31	45	44	48	0	0	0	0	0	0	51	0	41	0	43	0	16	39	50	17	0	38	41	0	0	43	34	42	0	38	30	0	0	42	50	0	41	0	0	0	0	0	0	0	0	51	0	46	0	0.0	0.0	0.0	0.0	0.0	0.0	0.0	0.0	0.0	0.0	0.0	0.0	0.0	0.0	0.0	0.0	0.0	0.0	1.0	0.0	0.0	0.0	0.0	0.0	0.0	0.0	0.0	0.0	0.0	0.0	0.0	0.0	0.0	0.0	0.0	0.0	0.0	0.0	0.0
TCAGCAAAGAAACCAT	4	B Plasma	0.0	39	38	41	24	36	0	0	35	0	0	26	47	15	0	0	48	0	45	34	0	48	0	0	36	45	37	32	49	0	0	49	46	0	42	0	0	0	0	0	47	0	0	0	0	31	36	15	46	38	33	0	44	44	0	46	41	38	0	0	0	31	39	29	37	0	48	0	0	0	0	0	0	0	0	45	0	0	0	0	0	0	19	29	0	43	0	30	0	0	0	0	0	0	0	0	45	0	0	42	43	0	0	45	0	0	43	0	0	0	0	0	0	0	0	0	0	50	36	0	0	37	0	0	30	32	0	22	21	11	51	0	0	0	0	0	45	0	0	0	0	0	0	0	0	0	42	24	31	39	37	32	0	0	0	0	0	50	0	0	0	0	0	0	37	40	0	0	0	49	27	0	30	17	47	17	0	0	0	0	0	0	0	0	0	0	0	0	0	48	0	0	45	0	51	38	39	0	28	0	0	34	0	35	45	50	0	39	0	0	45	0	20	0	0	0	0	0	48	40	0	0	0	0	40	0	0	0	0	0	45	0	47	0	0	0	0	0	47	50	22	0	42	0	42	0	0	0	0	45	0	30	0	45	0	43	0	0	0	0	0	0	0	50	0	38	47	0	0	0	48	45	0	46	40	36	27	0	43	46	0	48	51	0	0	0	0	46	40	0	36	0	11	0	0	20	0	42	47	0	0	0	26	48	0	0	38	0	0	47	0	49	0	51	0	48	47	41	39	0	0	44	44	0	0	0.0	0.0	0.0	0.0	1.0	0.0	0.0	0.0	0.0	0.0	0.0	0.0	0.0	0.0	0.0	0.0	0.0	0.0	0.0	0.0	0.0	0.0	0.0	0.0	0.0	0.0	0.0	0.0	0.0	0.0	0.0	0.0	0.0	0.0	0.0	0.0	0.0	0.0	0.0
TGAGCATAGGCAGGTT	38	Other	0.0	0	0	0	0	0	0	0	0	0	0	50	0	47	0	0	0	0	0	0	0	0	0	0	0	0	0	0	0	0	0	0	0	0	0	0	0	0	0	0	0	0	0	0	0	0	51	0	0	0	0	0	0	0	0	0	0	0	0	0	0	0	0	0	0	0	0	0	0	0	0	0	0	0	0	0	0	0	0	0	0	0	0	0	0	0	0	0	51	0	0	0	0	0	0	0	0	0	0	0	0	0	0	0	0	0	0	0	0	0	0	0	0	0	0	0	0	0	0	0	0	0	49	0	48	0	0	0	48	40	0	0	0	0	0	0	0	0	0	0	0	0	0	0	0	0	0	50	0	0	0	0	0	0	0	0	0	0	0	0	0	0	0	0	0	0	0	0	0	0	0	0	0	0	0	44	0	0	0	0	0	0	0	0	0	0	0	0	0	0	0	0	0	0	0	0	0	0	0	0	0	0	0	0	0	0	0	0	0	0	0	0	51	0	0	0	0	0	0	0	0	0	0	0	0	0	0	0	0	0	0	0	0	0	0	0	0	0	0	0	0	0	0	0	0	0	0	0	0	0	0	0	0	0	0	0	0	0	0	0	0	0	0	0	0	0	0	0	0	0	0	0	0	0	0	0	50	0	0	0	0	0	0	0	0	0	0	0	0	0	0	0	0	0	0	0	0	0	0	0	0	0	0	0	0	51	0	0	0	0	0	0	0	0	0	0	0	0	0	0	0	0	0	0	0	0.0	0.0	0.0	0.0	0.0	0.0	0.0	0.0	0.0	0.0	0.0	0.0	0.0	0.0	0.0	0.0	0.0	0.0	0.0	0.0	0.0	0.0	0.0	0.0	0.0	0.0	0.0	0.0	0.0	0.0	0.0	0.0	0.0	0.0	0.0	0.0	0.0	0.0	1.0
TGAGCATCAATCGAAA	21	NK	0.0747733015809709	25	45	0	36	44	0	45	18	0	0	24	29	12	38	0	50	48	0	44	50	0	0	47	37	0	31	26	0	0	0	39	47	33	44	46	0	0	0	0	49	0	47	44	49	34	26	25	0	0	30	0	37	41	0	48	43	27	0	0	0	30	0	28	48	0	45	47	0	0	0	0	0	0	0	0	0	0	0	0	0	0	16	0	0	46	0	32	0	0	0	33	0	0	0	0	40	29	0	44	45	0	0	0	0	0	37	0	0	49	0	50	0	0	48	51	50	0	0	0	32	31	0	0	0	0	0	33	12	3	0	51	0	50	31	0	47	50	0	0	0	0	0	0	0	0	49	21	33	24	0	40	0	0	0	0	0	48	0	0	0	0	0	0	32	44	47	0	0	0	0	0	27	7	49	20	0	0	0	0	0	0	44	0	0	0	0	30	48	46	0	0	0	0	45	46	44	0	30	0	0	37	0	38	0	42	51	41	0	0	37	0	15	50	0	0	0	0	42	39	0	0	0	0	0	0	47	0	0	0	0	0	0	0	0	0	0	48	48	47	21	47	38	0	46	0	49	51	33	41	0	31	0	0	48	45	0	0	40	50	0	0	0	0	0	40	34	45	35	0	0	49	0	37	31	32	29	0	0	0	0	0	0	49	0	0	0	48	0	0	48	0	25	0	38	0	0	33	39	0	0	40	23	47	0	0	44	0	50	36	46	45	0	0	0	0	38	46	34	0	0	0	49	48	0	0.0	0.0	0.0	0.0	0.0	0.0	0.0	0.0	0.0	0.0	0.0	0.0	0.006944016039268067	0.0	0.0	0.0	0.0	0.0	0.0	0.0	0.0	0.9876944350990426	0.0	0.0	0.0	0.0	0.0	0.0	0.005361548861714341	0.0	0.0	0.0	0.0	0.0	0.0	0.0	0.0	0.0	0.0
TGAGGGACAAGCGATG	38	Other	0.0	0	0	0	0	51	0	0	50	0	0	49	0	49	0	0	0	0	0	0	0	0	0	0	0	0	0	0	0	0	0	0	0	0	0	0	0	0	0	0	0	0	0	0	0	0	0	39	0	0	0	0	0	0	0	0	0	0	0	0	0	0	0	0	0	0	0	0	0	0	0	0	0	0	0	0	0	0	0	0	0	0	50	45	0	0	0	0	0	0	0	0	0	0	0	0	0	0	0	0	0	0	0	0	0	0	0	0	0	0	0	0	0	0	0	0	0	0	0	0	0	0	47	0	0	0	0	51	50	50	0	0	0	0	0	0	0	0	0	0	0	0	0	0	0	0	0	0	0	0	0	0	0	0	0	0	0	0	0	0	0	0	0	0	0	0	0	0	0	0	0	0	0	49	0	50	0	0	0	0	0	0	51	0	0	0	0	0	0	0	0	0	0	0	0	0	0	0	0	0	0	0	0	0	0	0	0	0	0	0	0	0	46	0	0	0	0	0	0	0	0	0	0	0	0	0	0	0	0	0	0	0	0	0	0	0	0	0	0	0	51	0	0	0	0	0	0	0	0	0	0	0	0	0	0	0	0	0	0	0	0	0	0	0	0	50	0	0	51	0	0	0	0	0	0	0	48	0	0	0	0	0	0	0	0	0	0	0	0	0	0	0	48	0	0	50	0	0	0	0	0	0	0	0	0	0	0	0	0	0	0	0	0	0	0	0	0	0	0	0	0	0	0	0	0	0.0	0.0	0.0	0.0	0.0	0.0	0.0	0.0	0.0	0.0	0.0	0.0	0.0	0.0	0.0	0.0	0.0	0.0	0.0	0.0	0.0	0.0	0.0	0.0	0.0	0.0	0.0	0.0	0.0	0.0	0.0	0.0	0.0	0.0	0.0	0.0	0.0	0.0	1.0
TGAGGGATCAATCACG	38	Other	0.0	0	0	0	0	0	0	0	46	0	0	0	0	36	0	0	0	0	0	0	0	0	0	0	0	0	0	0	51	0	0	0	0	0	0	0	0	0	0	0	0	0	0	0	0	0	0	50	0	0	0	0	0	0	0	0	0	0	0	0	0	49	0	43	51	0	0	0	0	0	0	0	0	0	0	0	0	0	0	0	0	0	0	0	0	0	0	0	0	0	0	0	0	0	0	0	0	50	0	0	0	0	0	0	0	0	0	0	0	0	0	0	0	0	0	0	0	0	0	0	0	0	0	0	0	0	0	0	0	37	0	0	0	0	0	0	0	0	0	0	0	0	0	0	0	0	0	0	0	0	0	49	0	0	0	0	0	0	0	0	0	0	0	0	0	0	0	0	0	0	0	0	0	42	0	37	0	0	0	0	0	0	0	0	0	0	0	0	0	51	0	0	0	0	0	0	0	0	0	0	0	0	0	50	50	0	0	0	0	0	0	0	0	0	0	0	0	0	0	0	0	0	0	0	0	0	0	0	0	0	0	0	51	0	0	0	0	0	0	0	44	0	0	0	0	0	0	0	0	0	0	0	0	0	0	0	0	0	0	0	0	0	0	0	0	48	0	0	0	0	0	0	0	0	0	0	47	0	0	0	0	0	0	0	0	0	0	0	0	0	0	0	41	0	0	44	0	0	0	0	0	0	0	0	0	0	51	0	0	0	0	0	0	0	0	0	0	0	0	0	0	0	0	0	0	0.0	0.0	0.0	0.0	0.0	0.0	0.0	0.0	0.0	0.0	0.0	0.0	0.0	0.0	0.0	0.0	0.0	0.0	0.0	0.0	0.0	0.0	0.0	0.0	0.0	0.0	0.0	0.0	0.0	0.0	0.0	0.0	0.0	0.0	0.0	0.0	0.0	0.0	1.0
TGAGGGATCCCTAACC	38	Other	0.0	50	0	0	0	0	0	0	42	0	0	45	51	40	0	0	0	0	51	0	0	0	0	0	0	0	0	0	0	0	0	0	0	0	0	0	0	0	0	0	0	0	0	0	0	0	0	49	0	0	0	0	0	0	0	0	0	0	0	0	0	46	0	46	0	0	0	0	0	0	0	0	0	0	0	0	0	0	0	0	0	0	0	0	0	50	0	0	0	0	0	0	0	0	0	0	0	49	0	0	0	0	0	0	0	0	0	0	0	0	0	0	0	0	0	0	0	0	0	0	0	0	0	0	0	0	0	47	0	36	0	0	0	0	0	0	0	0	0	0	0	0	0	0	0	0	0	0	0	0	0	0	0	0	0	0	0	0	0	0	0	0	0	0	47	0	0	0	0	0	49	0	0	41	0	39	0	0	0	0	0	0	0	0	0	0	0	0	0	0	0	0	0	0	0	0	0	0	51	0	0	0	0	51	0	0	0	51	0	0	51	0	0	0	0	0	0	0	0	0	0	0	0	0	0	0	0	0	0	0	0	0	0	0	0	0	0	0	0	0	0	0	0	0	0	0	0	0	0	0	0	0	0	0	0	0	0	0	0	0	0	0	0	0	0	47	0	0	0	0	0	0	0	0	0	0	0	0	0	0	0	0	0	0	0	0	0	0	0	0	0	0	40	0	0	0	0	0	0	0	0	0	0	0	0	0	49	0	0	0	0	0	0	0	0	0	0	0	0	0	0	0	0	0	0	0.0	0.0	0.0	0.0	0.0	0.0	0.0	0.0	0.0	0.0	0.0	0.0	0.0	0.0	0.0	0.0	0.0	0.0	0.0	0.0	0.0	0.0	0.0	0.0	0.0	0.0	0.0	0.0	0.0	0.0	0.0	0.0	0.0	0.0	0.0	0.0	0.0	0.0	1.0
TGAGGGATCCGTAGTA	11	Goblet	0.0	35	0	49	28	27	48	33	31	0	0	19	39	24	37	0	47	50	40	41	0	0	0	46	42	43	27	35	0	30	0	36	44	38	35	40	0	0	0	0	43	0	0	48	0	46	25	21	50	42	28	0	36	37	0	43	42	28	45	38	46	20	0	20	41	0	36	0	44	0	0	0	41	0	0	0	0	0	0	0	0	0	24	37	45	39	0	42	45	0	0	31	0	0	42	50	47	39	50	34	0	47	0	39	0	0	36	43	0	0	0	0	0	0	0	0	0	0	39	0	39	36	28	51	34	0	47	23	29	21	49	0	48	48	30	42	40	0	0	0	0	0	0	0	0	0	37	40	28	34	45	29	0	0	0	0	0	40	43	0	0	0	48	0	34	28	0	0	0	0	34	0	28	24	38	21	0	0	0	41	0	0	41	0	0	0	0	37	44	33	0	0	50	43	0	41	0	45	33	0	0	32	0	25	21	46	0	36	0	0	30	0	17	0	0	0	0	50	41	34	0	46	0	0	38	0	0	0	0	47	0	0	43	43	41	0	0	0	0	0	34	36	30	0	34	0	0	0	43	34	41	35	0	0	0	31	0	43	39	42	0	0	0	0	45	34	33	35	48	0	0	38	0	35	26	37	15	0	47	0	0	0	0	0	0	0	48	43	42	0	33	50	30	46	0	34	0	32	38	0	0	47	30	25	46	39	27	0	0	0	0	50	0	42	0	45	37	38	0	0	0	47	32	43	0	0.0	0.0	0.0	0.0	0.0	0.0	0.0	0.0	0.0	0.0	0.0	1.0	0.0	0.0	0.0	0.0	0.0	0.0	0.0	0.0	0.0	0.0	0.0	0.0	0.0	0.0	0.0	0.0	0.0	0.0	0.0	0.0	0.0	0.0	0.0	0.0	0.0	0.0	0.0
TGGGAAGAGCGGATCA	38	Other	0.0	0	0	0	0	0	0	0	38	0	0	0	50	42	0	0	0	0	0	0	0	0	0	0	0	0	0	0	0	0	0	0	0	0	0	0	0	0	0	0	0	0	0	0	0	0	0	41	0	0	0	0	0	0	0	0	0	0	0	0	0	38	0	38	0	0	0	0	0	0	0	0	0	0	0	0	0	0	0	0	0	0	0	0	0	0	0	0	0	0	0	0	0	0	0	0	0	0	0	0	0	0	0	0	0	0	0	0	0	0	0	0	0	0	0	0	0	0	0	0	49	0	0	0	0	0	0	41	49	35	0	0	0	0	0	0	0	0	0	0	0	0	0	0	0	0	51	0	0	0	0	0	0	0	0	0	0	0	0	0	0	0	0	0	0	0	0	0	0	0	0	0	0	39	0	42	0	0	0	51	0	0	0	0	0	0	0	0	0	0	51	0	0	0	0	0	0	0	0	0	0	0	0	0	0	0	0	0	0	0	0	0	39	0	0	0	0	0	0	0	0	0	0	0	0	0	0	0	0	0	0	0	0	0	0	0	0	0	0	0	46	51	0	0	0	0	0	0	0	0	0	0	0	0	0	0	0	0	0	0	0	0	0	0	0	0	51	0	0	0	0	0	0	0	0	50	41	0	0	0	0	0	0	0	0	0	0	0	0	0	0	0	0	0	0	38	0	0	0	0	0	51	0	0	0	0	0	0	0	0	0	0	51	0	0	0	51	0	0	0	0	0	0	0	0	0.0	0.0	0.0	0.0	0.0	0.0	0.0	0.0	0.0	0.0	0.0	0.0	0.0	0.0	0.0	0.0	0.0	0.0	0.0	0.0	0.0	0.0	0.0	0.0	0.0	0.0	0.0	0.0	0.0	0.0	0.0	0.0	0.0	0.0	0.0	0.0	0.0	0.0	1.0
TTGCGTCAGCTGAAAT	25	T	0.0	26	44	36	38	30	0	43	24	0	0	25	31	16	35	0	0	45	34	29	0	0	32	40	44	46	40	33	0	44	0	34	43	40	40	48	0	0	0	0	41	47	44	43	44	48	21	17	39	45	40	0	46	31	0	36	38	30	43	0	48	19	38	17	0	0	31	41	0	0	0	0	46	0	0	0	0	0	0	0	0	0	33	0	0	32	0	48	40	0	0	36	0	0	47	0	39	28	0	43	38	46	0	35	0	0	34	49	0	0	48	0	0	47	0	0	0	0	33	0	46	39	29	0	29	34	46	26	31	20	40	0	0	0	34	0	0	0	0	0	0	47	0	0	50	0	41	30	26	31	36	24	0	49	0	49	0	38	49	0	0	0	0	0	38	39	0	0	0	48	40	0	40	18	43	11	0	47	0	44	0	0	48	0	0	0	0	28	0	38	36	0	0	38	35	43	41	44	31	0	0	39	0	0	25	45	49	43	0	0	34	0	16	51	50	0	0	48	0	33	50	0	0	0	48	0	0	51	0	39	48	0	46	0	50	0	0	40	0	0	18	32	33	48	33	50	47	0	36	31	47	39	0	0	43	40	0	48	42	41	0	0	0	48	0	24	45	38	46	48	45	30	0	31	35	41	18	0	42	0	0	0	0	0	0	48	0	49	39	0	34	0	12	38	44	19	0	41	40	0	49	41	35	30	0	40	39	0	40	33	0	41	40	0	51	0	35	37	43	0	0	37	45	0	47	0.0	0.0	0.0	0.0	0.0	0.0	0.0	0.0	0.0	0.0	0.0	0.0	0.0	0.0	0.0	0.0	0.0	0.0	0.0	0.0	0.0	0.0	0.0	0.0	0.0	1.0	0.0	0.0	0.0	0.0	0.0	0.0	0.0	0.0	0.0	0.0	0.0	0.0	0.0
