barcodes	label_id	label	ent	CR2	FCER2	ST6GAL1	CD19	MS4A1	CD40	IL3RA	CD1A	CD9	KLRG1	GATA3	IL17RB	RORC	BTLA	B3GAT1	ICOS	PDCD1	CXCR5	NT5E	PECAM1	PTPRC	CD44	CR1	ITGAL	ITGAM	ITGAX	FCGR2C	GZMA	KLRC1	CD3D	CD3E	CD3G	IL6	IL10	CD80	CD86	mahalanobis_0	mahalanobis_1	mahalanobis_2	mahalanobis_3	mahalanobis_4	mahalanobis_5	mahalanobis_6	mahalanobis_7	mahalanobis_8	mahalanobis_9	mahalanobis_10	mahalanobis_11	mahalanobis_12
AAACCTGTCATGCATG	6	Mast cell	0.0	0	0	0	0	0	0	0	0	0	0	0	0	0	0	0	0	0	0	0	0	0	0	0	0	0	0	0	0	0	0	0	0	0	0	0	135	0.0	0.0	0.0	0.0	0.0	0.0	1.0	0.0	0.0	0.0	0.0	0.0	0.0
ACAGCCGGTTCCACGG	9	Natural killer cell	0.0	0	0	0	0	0	0	0	0	0	128	0	0	0	0	0	0	0	0	0	131	67	0	0	107	0	0	0	0	134	121	124	0	0	0	0	0	0.0	0.0	0.0	0.0	0.0	0.0	0.0	0.0	0.0	1.0	0.0	0.0	0.0
ACTATCTCAATCGAAA	6	Mast cell	0.0	98	128	0	0	99	126	0	0	0	0	0	0	0	0	0	0	0	0	0	0	99	0	0	0	0	0	0	0	0	0	0	117	0	0	0	0	0.0	0.0	0.0	0.0	0.0	0.0	1.0	0.0	0.0	0.0	0.0	0.0	0.0
ACTGATGGTCGAGATG	6	Mast cell	0.0	0	125	0	0	121	0	0	0	0	133	0	0	0	0	135	0	0	0	0	0	29	0	112	0	0	135	0	0	0	0	0	0	0	0	0	0	0.0	0.0	0.0	0.0	0.0	0.0	1.0	0.0	0.0	0.0	0.0	0.0	0.0
ACTGATGTCAACGCTA	0	B cell	0.0	133	135	0	0	68	0	0	0	0	0	0	0	0	0	0	0	0	0	0	133	0	0	0	0	0	0	0	0	0	0	0	0	0	0	0	0	1.0	0.0	0.0	0.0	0.0	0.0	0.0	0.0	0.0	0.0	0.0	0.0	0.0
ACTGATGTCCACTGGG	6	Mast cell	0.0	0	0	0	0	66	119	0	0	0	0	0	0	0	0	0	0	0	0	0	0	89	0	0	0	0	0	0	0	0	0	0	0	0	0	0	134	0.0	0.0	0.0	0.0	0.0	0.0	1.0	0.0	0.0	0.0	0.0	0.0	0.0
ACTTGTTAGCGTGTCC	0	B cell	0.0	0	0	0	0	132	0	0	0	0	0	0	0	0	0	0	0	0	0	0	0	0	0	0	135	0	0	0	0	0	0	0	0	0	0	0	0	1.0	0.0	0.0	0.0	0.0	0.0	0.0	0.0	0.0	0.0	0.0	0.0	0.0
ACTTTCATCATCGCTC	0	B cell	0.0	88	101	84	101	70	95	0	0	0	0	0	0	0	0	0	0	0	0	0	0	65	129	106	102	0	133	0	0	0	0	0	0	0	0	0	0	1.0	0.0	0.0	0.0	0.0	0.0	0.0	0.0	0.0	0.0	0.0	0.0	0.0
ACTTTCATCGGTGTTA	0	B cell	0.0	78	0	0	103	73	98	0	0	0	0	0	0	0	0	0	0	0	117	0	0	82	104	107	103	0	0	0	0	0	0	0	0	0	0	0	0	1.0	0.0	0.0	0.0	0.0	0.0	0.0	0.0	0.0	0.0	0.0	0.0	0.0
AGCGTCGCAACCGCCA	6	Mast cell	0.0	118	131	0	0	123	0	0	0	0	0	0	0	0	0	0	0	135	0	0	0	86	125	0	0	0	0	0	0	0	0	0	0	0	0	0	0	0.0	0.0	0.0	0.0	0.0	0.0	1.0	0.0	0.0	0.0	0.0	0.0	0.0
AGCGTCGTCACCTCGT	6	Mast cell	0.0	0	0	95	0	39	0	0	0	0	0	0	135	0	0	0	0	0	0	0	0	0	0	0	0	0	0	0	0	0	0	0	0	0	0	0	0	0.0	0.0	0.0	0.0	0.0	0.0	1.0	0.0	0.0	0.0	0.0	0.0	0.0
AGGCCACGTAGGGTAC	10	T cell	0.0	0	0	0	0	0	0	134	0	0	0	133	0	0	0	0	0	0	0	0	0	110	0	0	119	0	0	0	0	0	128	134	124	0	0	0	0	0.0	0.0	0.0	0.0	0.0	0.0	0.0	0.0	0.0	0.0	1.0	0.0	0.0
AGGTCATTCAGCTCTC	2	Germinal center B cell	0.0	0	115	0	0	57	0	0	0	134	0	0	0	0	0	0	0	0	0	0	0	19	0	0	0	0	0	0	0	0	0	0	0	0	0	0	0	0.0	0.0	1.0	0.0	0.0	0.0	0.0	0.0	0.0	0.0	0.0	0.0	0.0
ATAGACCCAGTAACGG	5	Helper T cell	0.0	0	0	76	0	0	86	0	0	0	0	0	0	0	133	0	129	129	131	0	0	112	80	0	132	0	0	0	0	0	118	128	118	0	0	0	0	0.0	0.0	0.0	0.0	0.0	1.0	0.0	0.0	0.0	0.0	0.0	0.0	0.0
ATCACGAAGATAGCAT	10	T cell	0.0	0	0	0	0	0	0	0	0	0	0	132	0	0	0	0	0	0	0	0	0	77	90	0	0	0	131	0	0	0	117	0	113	0	0	0	0	0.0	0.0	0.0	0.0	0.0	0.0	0.0	0.0	0.0	0.0	1.0	0.0	0.0
ATCATGGCAGCTTCGG	0	B cell	0.0	0	0	0	0	0	0	0	0	0	0	0	0	0	0	0	0	0	0	0	0	135	0	0	0	0	0	0	0	0	0	0	0	0	0	0	0	1.0	0.0	0.0	0.0	0.0	0.0	0.0	0.0	0.0	0.0	0.0	0.0	0.0
ATCCGAATCCTGCCAT	0	B cell	0.0	0	0	0	0	135	0	0	0	0	0	0	0	0	0	0	0	0	0	0	0	0	0	0	0	0	0	0	0	0	0	0	0	0	0	0	0	1.0	0.0	0.0	0.0	0.0	0.0	0.0	0.0	0.0	0.0	0.0	0.0	0.0
ATGCGATTCACTTATC	11	Tonsillar macrophage	9.185765467677243e-58	86	0	83	0	52	92	0	0	0	0	0	0	0	126	0	0	0	0	0	0	84	0	104	113	0	0	0	0	0	0	0	0	0	0	0	0	6.742007137031609e-60	0.0	0.0	0.0	0.0	0.0	0.0	0.0	0.0	0.0	0.0	1.0	0.0
ATTTCTGAGTGTTGAA	0	B cell	0.0	114	0	0	99	98	94	0	0	0	0	0	0	0	0	0	0	0	0	0	121	41	128	105	0	0	0	0	0	0	0	0	0	0	0	0	0	1.0	0.0	0.0	0.0	0.0	0.0	0.0	0.0	0.0	0.0	0.0	0.0	0.0
CAACCTCCAAACGTGG	6	Mast cell	0.0	112	0	0	0	50	91	0	135	0	0	0	0	0	0	0	0	0	132	0	0	57	83	0	0	0	0	0	0	0	0	0	0	0	0	0	0	0.0	0.0	0.0	0.0	0.0	0.0	1.0	0.0	0.0	0.0	0.0	0.0	0.0
CACACAAAGACTTGAA	0	B cell	0.0	0	0	0	0	126	0	0	0	0	0	0	0	0	0	0	0	0	0	0	0	0	0	0	0	0	0	0	0	0	0	0	0	0	0	0	0	1.0	0.0	0.0	0.0	0.0	0.0	0.0	0.0	0.0	0.0	0.0	0.0	0.0
CACACAACACATGACT	10	T cell	0.0	0	0	0	0	0	0	0	0	0	0	130	0	0	0	0	131	132	116	0	0	97	97	0	101	0	0	0	0	0	109	123	120	0	0	0	0	0.0	0.0	0.0	0.0	0.0	0.0	0.0	0.0	0.0	0.0	1.0	0.0	0.0
CACACAATCGGCATCG	0	B cell	0.0	0	0	135	0	127	135	0	0	0	0	0	0	0	0	0	0	0	0	0	0	0	0	0	0	0	0	0	0	0	0	0	0	0	0	0	0	1.0	0.0	0.0	0.0	0.0	0.0	0.0	0.0	0.0	0.0	0.0	0.0	0.0
CACAGGCCAATCGAAA	11	Tonsillar macrophage	0.0	109	0	72	93	53	114	0	0	0	0	0	0	0	0	0	0	0	0	0	120	36	0	96	0	0	0	0	0	0	110	0	0	0	0	0	0	0.0	0.0	0.0	0.0	0.0	0.0	0.0	0.0	0.0	0.0	0.0	1.0	0.0
CACAGGCGTAACGTTC	0	B cell	0.0	0	0	115	0	77	0	0	0	0	0	0	0	0	0	0	0	0	0	0	0	79	106	0	0	0	0	0	0	0	0	0	0	0	0	0	0	1.0	0.0	0.0	0.0	0.0	0.0	0.0	0.0	0.0	0.0	0.0	0.0	0.0
CAGAGAGAGGAATTAC	1	Dendritic cell	0.0	0	0	0	0	0	0	0	0	0	0	0	0	0	0	0	0	0	0	0	0	0	0	0	0	0	0	0	0	0	0	0	135	0	0	0	0	0.0	1.0	0.0	0.0	0.0	0.0	0.0	0.0	0.0	0.0	0.0	0.0	0.0
CAGATCAGTATAGGGC	9	Natural killer cell	0.0	0	0	0	0	0	0	0	0	0	134	0	0	0	0	0	0	0	0	0	0	124	133	0	133	0	0	0	133	135	133	0	0	0	0	0	0	0.0	0.0	0.0	0.0	0.0	0.0	0.0	0.0	0.0	1.0	0.0	0.0	0.0
CATCAAGCACCTCGTT	0	B cell	0.0	0	0	0	0	133	0	0	0	0	0	0	0	0	0	0	0	0	0	0	0	133	0	0	0	0	0	0	0	0	0	0	0	0	0	0	0	1.0	0.0	0.0	0.0	0.0	0.0	0.0	0.0	0.0	0.0	0.0	0.0	0.0
CATCCACCAAAGGCGT	0	B cell	0.0	121	0	126	0	51	97	0	0	0	0	0	0	0	0	0	0	0	0	0	0	53	0	134	0	0	0	0	0	0	0	0	0	0	0	0	0	1.0	0.0	0.0	0.0	0.0	0.0	0.0	0.0	0.0	0.0	0.0	0.0	0.0
CATCCACTCATACGGT	0	B cell	0.0	119	121	113	0	84	0	0	0	0	0	0	0	0	0	0	0	0	0	0	0	70	0	131	0	0	0	0	0	0	0	0	0	0	0	0	0	1.0	0.0	0.0	0.0	0.0	0.0	0.0	0.0	0.0	0.0	0.0	0.0	0.0
CATCCACTCGCTAGCG	6	Mast cell	0.0	105	0	85	102	95	96	0	0	0	0	0	0	0	0	0	0	0	119	0	0	39	75	0	97	0	0	0	0	0	0	0	0	0	0	131	0	0.0	0.0	0.0	0.0	0.0	0.0	1.0	0.0	0.0	0.0	0.0	0.0	0.0
CATCGGGGTCTTGTCC	0	B cell	0.0	0	127	124	0	115	0	0	0	0	0	0	0	0	0	0	0	0	0	0	0	0	114	0	0	0	0	0	0	0	0	0	0	0	0	0	0	1.0	0.0	0.0	0.0	0.0	0.0	0.0	0.0	0.0	0.0	0.0	0.0	0.0
CCACGGATCCCTCTTT	0	B cell	0.0	0	0	0	0	0	0	0	0	0	0	0	0	0	0	0	0	0	0	0	0	130	0	0	0	0	0	0	0	0	0	0	0	0	0	0	0	1.0	0.0	0.0	0.0	0.0	0.0	0.0	0.0	0.0	0.0	0.0	0.0	0.0
CCGGTAGAGAGGTTAT	0	B cell	0.0	0	133	0	131	106	121	0	0	0	0	0	0	0	0	0	0	0	0	134	0	107	0	135	0	0	0	0	0	0	0	0	0	135	0	0	0	1.0	0.0	0.0	0.0	0.0	0.0	0.0	0.0	0.0	0.0	0.0	0.0	0.0
CCTCAGTTCCACGAAT	0	B cell	0.0	84	124	77	95	71	87	135	0	0	0	0	0	0	0	0	0	0	122	0	0	23	81	101	0	0	0	0	0	0	0	0	0	0	0	0	0	1.0	0.0	0.0	0.0	0.0	0.0	0.0	0.0	0.0	0.0	0.0	0.0	0.0
CGATGGCTCAGGTAAA	0	B cell	0.0	0	0	0	130	120	0	0	0	0	0	0	0	0	0	0	0	0	0	0	0	58	0	0	0	0	0	0	0	0	0	0	0	0	0	0	0	1.0	0.0	0.0	0.0	0.0	0.0	0.0	0.0	0.0	0.0	0.0	0.0	0.0
CGGACACAGTAGTGCG	3	Group 2 innate lymphoid cell	0.0	0	0	0	0	0	0	0	0	0	131	0	0	0	0	0	0	0	121	0	127	90	108	0	122	133	0	0	132	0	113	122	126	0	0	0	0	0.0	0.0	0.0	1.0	0.0	0.0	0.0	0.0	0.0	0.0	0.0	0.0	0.0
CGTCCATTCAACACCA	0	B cell	0.0	110	0	110	0	76	93	0	0	0	0	0	0	0	0	0	0	0	0	0	0	100	0	0	128	0	0	0	0	0	0	0	0	0	0	0	0	1.0	0.0	0.0	0.0	0.0	0.0	0.0	0.0	0.0	0.0	0.0	0.0	0.0
CGTGTCTTCGATCCCT	10	T cell	0.0	0	0	134	0	0	0	0	0	0	0	0	0	0	0	0	0	0	0	0	0	127	0	0	0	0	0	0	0	0	134	135	0	0	0	0	0	0.0	0.0	0.0	0.0	0.0	0.0	0.0	0.0	0.0	0.0	1.0	0.0	0.0
CGTTAGACAATGACCT	11	Tonsillar macrophage	0.0	0	0	0	0	67	0	0	0	0	0	0	0	0	0	0	0	0	0	0	0	50	113	102	109	0	129	0	0	0	0	0	0	0	0	0	132	0.0	0.0	0.0	0.0	0.0	0.0	0.0	0.0	0.0	0.0	0.0	1.0	0.0
CGTTAGAGTAAGTAGT	0	B cell	0.0	107	0	0	0	97	116	0	0	0	0	0	0	0	0	0	0	0	0	133	0	114	132	124	0	0	0	0	0	0	0	0	0	0	0	0	0	1.0	0.0	0.0	0.0	0.0	0.0	0.0	0.0	0.0	0.0	0.0	0.0	0.0
CTACATTCAATGTTGC	6	Mast cell	0.0	77	0	0	0	44	0	0	0	0	0	0	0	0	0	0	0	0	0	0	117	52	0	93	96	0	0	0	0	0	0	0	0	0	0	129	126	0.0	0.0	0.0	0.0	0.0	0.0	1.0	0.0	0.0	0.0	0.0	0.0	0.0
CTACCCACACGGTAGA	0	B cell	0.0	0	111	0	126	81	0	0	0	0	0	0	0	0	0	0	0	0	0	0	0	64	105	0	0	0	0	0	0	0	0	0	0	0	0	0	0	1.0	0.0	0.0	0.0	0.0	0.0	0.0	0.0	0.0	0.0	0.0	0.0	0.0
CTACGTCTCCTGCCAT	0	B cell	0.0	135	0	0	0	0	0	0	0	0	0	0	0	0	0	0	0	0	0	0	0	0	0	0	0	0	0	0	0	0	0	0	0	0	0	0	0	1.0	0.0	0.0	0.0	0.0	0.0	0.0	0.0	0.0	0.0	0.0	0.0	0.0
CTCAGAATCTACCAGA	6	Mast cell	0.0	0	109	81	114	90	90	0	0	0	129	0	0	0	0	0	0	0	0	0	0	30	100	0	0	134	0	0	0	0	0	0	0	0	0	0	0	0.0	0.0	0.0	0.0	0.0	0.0	1.0	0.0	0.0	0.0	0.0	0.0	0.0
CTCATTACACAGAGGT	0	B cell	0.0	0	0	0	0	129	0	0	0	0	0	0	0	0	0	0	0	0	0	0	0	0	0	0	0	0	0	0	0	0	0	0	0	0	0	0	0	1.0	0.0	0.0	0.0	0.0	0.0	0.0	0.0	0.0	0.0	0.0	0.0	0.0
CTCGAGGGTATATGGA	10	T cell	0.0	0	0	89	0	0	0	0	0	0	0	0	0	0	0	0	130	0	0	0	0	46	88	109	0	0	0	0	0	0	125	129	129	0	0	0	0	0.0	0.0	0.0	0.0	0.0	0.0	0.0	0.0	0.0	0.0	1.0	0.0	0.0
CTCTGGTGTAATTGGA	10	T cell	0.0	0	0	121	0	0	0	0	0	0	0	0	0	0	129	0	0	0	0	0	0	62	0	0	121	0	0	0	0	0	112	119	115	0	0	0	0	0.0	0.0	0.0	0.0	0.0	0.0	0.0	0.0	0.0	0.0	1.0	0.0	0.0
CTCTGGTGTCTTGTCC	0	B cell	0.0	103	105	74	91	56	129	0	0	0	0	0	0	0	0	0	0	0	0	0	124	56	0	121	118	0	0	0	0	0	0	0	0	0	135	0	131	1.0	0.0	0.0	0.0	0.0	0.0	0.0	0.0	0.0	0.0	0.0	0.0	0.0
CTCTGGTGTGCTAGCC	6	Mast cell	0.0	0	103	73	116	54	112	0	0	0	0	0	0	0	0	0	0	0	0	0	0	33	0	0	0	0	0	0	0	0	0	0	0	0	0	0	129	0.0	0.0	0.0	0.0	0.0	0.0	1.0	0.0	0.0	0.0	0.0	0.0	0.0
CTGGTCTTCAACTCTT	7	Mesenchymal stem cell	4.6567568601495084e-83	0	0	108	113	103	0	0	0	0	0	0	0	0	0	0	0	0	0	131	128	74	99	129	0	0	0	0	0	0	0	0	0	0	0	0	0	2.389937660156561e-85	0.0	0.0	0.0	0.0	0.0	0.0	1.0	0.0	0.0	0.0	0.0	0.0
CTGGTCTTCAGGCGAA	6	Mast cell	0.0	82	0	71	0	64	103	0	0	0	0	0	0	0	0	0	0	128	112	0	0	48	77	0	0	0	0	0	0	0	0	0	0	0	0	0	0	0.0	0.0	0.0	0.0	0.0	0.0	1.0	0.0	0.0	0.0	0.0	0.0	0.0
CTTACCGGTCAACATC	4	Group 3 innate lymphoid cell	0.0	0	102	86	0	91	110	0	0	0	0	0	0	135	0	0	0	0	0	0	0	35	78	94	104	135	0	0	0	0	0	0	0	0	0	0	0	0.0	0.0	0.0	0.0	1.0	0.0	0.0	0.0	0.0	0.0	0.0	0.0	0.0
CTTAGGAAGGAATTAC	0	B cell	0.0	90	0	0	105	78	0	0	0	0	0	0	0	0	128	0	0	0	0	0	0	55	0	110	0	0	0	0	0	0	0	0	0	0	0	0	0	1.0	0.0	0.0	0.0	0.0	0.0	0.0	0.0	0.0	0.0	0.0	0.0	0.0
CTTCTCTAGCCGATTT	12	Other	1.7094452264782297e-102	100	0	0	112	82	0	0	0	0	132	0	0	0	0	0	0	0	0	0	0	75	120	0	125	0	0	0	0	0	0	0	0	0	0	0	0	7.128410582952787e-105	0.0	0.0	0.0	0.0	0.0	0.0	0.0	0.0	0.0	0.0	0.0	1.0
CTTCTCTGTAGGGTAC	3	Group 2 innate lymphoid cell	0.0	0	0	0	0	0	0	0	0	0	135	131	0	0	0	0	0	0	0	0	123	102	107	0	130	0	0	0	134	0	0	121	132	0	0	0	0	0.0	0.0	0.0	1.0	0.0	0.0	0.0	0.0	0.0	0.0	0.0	0.0	0.0
GAAATGACAAGTAGTA	8	Myeloid cell	0.0	87	0	100	108	87	79	0	0	0	0	0	0	0	0	0	0	0	0	0	118	71	101	91	114	0	125	135	0	0	0	0	111	0	0	0	0	0.0	0.0	0.0	0.0	0.0	0.0	0.0	0.0	1.0	0.0	0.0	0.0	0.0
GAAATGACATCTCCCA	0	B cell	0.0	0	0	0	0	134	0	0	0	0	0	0	0	0	0	0	0	0	0	0	0	0	0	0	0	0	0	0	0	0	0	0	0	0	0	0	0	1.0	0.0	0.0	0.0	0.0	0.0	0.0	0.0	0.0	0.0	0.0	0.0	0.0
GAACATCAGAGGTTAT	0	B cell	0.0	0	0	0	0	131	0	0	0	0	0	0	0	0	0	0	0	0	0	0	0	0	0	0	0	0	0	0	0	0	0	0	0	0	0	0	0	1.0	0.0	0.0	0.0	0.0	0.0	0.0	0.0	0.0	0.0	0.0	0.0	0.0
GACGTTACATCATCCC	0	B cell	0.0	92	132	93	0	83	105	0	0	0	0	0	0	0	0	0	0	0	135	0	0	28	0	111	0	0	0	0	0	0	0	0	0	0	0	0	0	1.0	0.0	0.0	0.0	0.0	0.0	0.0	0.0	0.0	0.0	0.0	0.0	0.0
GATCGTAAGGAATTAC	10	T cell	0.0	0	0	120	0	0	0	0	0	0	0	0	0	0	0	0	0	0	128	0	0	106	0	0	120	0	0	0	135	0	126	118	123	0	0	0	0	0.0	0.0	0.0	0.0	0.0	0.0	0.0	0.0	0.0	0.0	1.0	0.0	0.0
GATCGTACACAAGCCC	0	B cell	0.0	0	0	132	127	119	0	0	0	0	0	0	0	0	0	0	0	0	0	0	0	0	0	0	0	0	0	0	0	0	0	0	0	0	0	0	0	1.0	0.0	0.0	0.0	0.0	0.0	0.0	0.0	0.0	0.0	0.0	0.0	0.0
GATGAAACACGGTGTC	0	B cell	0.0	0	0	0	0	0	0	0	0	0	0	0	0	0	0	0	0	0	0	0	135	0	0	0	0	0	0	0	0	0	0	0	0	0	0	0	0	1.0	0.0	0.0	0.0	0.0	0.0	0.0	0.0	0.0	0.0	0.0	0.0	0.0
GATGAGGAGGGCATGT	6	Mast cell	3.727401181618729e-18	125	0	0	123	116	118	0	0	0	0	0	0	0	0	0	0	0	0	0	0	116	134	0	0	0	134	0	0	0	0	0	0	0	0	0	0	8.488143612420315e-20	0.0	0.0	0.0	0.0	0.0	1.0	0.0	0.0	0.0	0.0	0.0	0.0
GATGAGGCATCTCCCA	10	T cell	0.0	0	0	0	0	0	0	0	0	0	0	0	0	0	0	0	0	0	134	0	0	120	119	0	0	0	0	0	0	0	130	133	131	0	0	0	0	0.0	0.0	0.0	0.0	0.0	0.0	0.0	0.0	0.0	0.0	1.0	0.0	0.0
GCAGCCACAGTCAGAG	0	B cell	0.0	93	117	0	0	113	106	0	0	0	0	0	0	0	0	0	0	0	0	0	0	73	126	114	0	0	0	0	0	0	0	0	0	0	0	0	0	1.0	0.0	0.0	0.0	0.0	0.0	0.0	0.0	0.0	0.0	0.0	0.0	0.0
GCAGTTAGTTGTGGCC	0	B cell	0.0	124	129	106	111	55	127	0	0	0	0	0	0	0	0	0	0	0	0	0	0	87	0	118	124	0	0	0	0	0	0	0	0	134	0	0	0	1.0	0.0	0.0	0.0	0.0	0.0	0.0	0.0	0.0	0.0	0.0	0.0	0.0
GCTGCAGTCGTGGACC	0	B cell	0.0	117	130	0	128	117	128	0	0	0	0	0	0	0	0	0	0	0	0	0	0	40	0	0	0	0	0	0	0	0	0	0	0	0	0	0	0	1.0	0.0	0.0	0.0	0.0	0.0	0.0	0.0	0.0	0.0	0.0	0.0	0.0
GCTGGGTGTTGGACCC	6	Mast cell	0.0	108	0	79	0	80	120	0	0	0	0	0	0	0	0	0	0	0	0	0	0	27	0	0	110	0	0	0	0	0	0	0	0	0	0	133	128	0.0	0.0	0.0	0.0	0.0	0.0	1.0	0.0	0.0	0.0	0.0	0.0	0.0
GGACGTCCACCTATCC	0	B cell	0.0	0	0	0	133	124	133	0	0	0	0	0	0	0	0	0	0	0	0	0	0	122	0	0	0	0	0	0	0	0	0	0	0	0	0	0	0	1.0	0.0	0.0	0.0	0.0	0.0	0.0	0.0	0.0	0.0	0.0	0.0	0.0
GGAGCAACACCGGAAA	10	T cell	0.0	0	0	0	0	41	0	0	0	0	0	134	0	0	0	0	0	0	0	0	126	34	0	0	0	0	0	0	0	0	124	0	114	0	0	0	0	0.0	0.0	0.0	0.0	0.0	0.0	0.0	0.0	0.0	0.0	1.0	0.0	0.0
GGAGCAACAGTAGAGC	0	B cell	0.0	132	134	0	0	94	0	0	0	0	0	0	0	0	0	0	0	0	0	0	132	119	0	133	0	0	0	0	0	0	0	0	0	0	0	0	0	1.0	0.0	0.0	0.0	0.0	0.0	0.0	0.0	0.0	0.0	0.0	0.0	0.0
GGGACCTGTGAGTGAC	11	Tonsillar macrophage	3.942437387960002e-56	0	0	128	0	0	109	0	0	0	0	0	0	0	0	0	0	0	0	0	0	20	111	0	106	0	0	0	0	0	0	0	0	0	0	0	0	2.9763400101264575e-58	0.0	0.0	0.0	0.0	0.0	0.0	0.0	0.0	0.0	0.0	1.0	0.0
GGGACCTTCGCACTCT	2	Germinal center B cell	0.0	96	99	70	96	60	81	0	0	133	0	0	0	0	0	0	0	0	113	0	0	51	116	99	0	0	126	134	0	0	0	113	0	0	0	0	0	0.0	0.0	1.0	0.0	0.0	0.0	0.0	0.0	0.0	0.0	0.0	0.0	0.0
GGGAGATTCTGTCCGT	0	B cell	0.0	120	0	125	0	61	99	0	0	0	0	0	0	0	0	0	0	0	0	0	122	63	85	108	0	0	0	0	0	0	0	0	0	0	0	0	0	1.0	0.0	0.0	0.0	0.0	0.0	0.0	0.0	0.0	0.0	0.0	0.0	0.0
GGGATGACAGTAACGG	10	T cell	0.0	0	0	80	0	0	89	0	0	0	0	129	0	0	0	0	132	0	0	0	0	92	82	0	127	0	0	0	0	0	115	125	128	0	0	0	0	0.0	0.0	0.0	0.0	0.0	0.0	0.0	0.0	0.0	0.0	1.0	0.0	0.0
GGGATGATCTTTACAC	0	B cell	0.0	0	0	127	119	38	82	0	0	0	0	0	0	0	0	0	0	0	0	0	0	38	0	0	0	0	0	0	0	0	0	0	0	0	0	0	0	1.0	0.0	0.0	0.0	0.0	0.0	0.0	0.0	0.0	0.0	0.0	0.0	0.0
GGGTCTGAGCTGTTCA	0	B cell	0.0	126	114	0	0	112	115	0	0	0	0	0	0	0	0	0	0	0	0	0	0	104	0	128	0	0	0	0	0	0	0	0	0	133	0	0	0	1.0	0.0	0.0	0.0	0.0	0.0	0.0	0.0	0.0	0.0	0.0	0.0	0.0
GGGTTGCTCCTCTAGC	0	B cell	0.0	0	0	0	132	75	0	0	0	0	0	0	0	0	0	0	0	0	0	0	0	96	0	0	0	0	0	0	0	0	0	0	0	0	0	0	0	1.0	0.0	0.0	0.0	0.0	0.0	0.0	0.0	0.0	0.0	0.0	0.0	0.0
GGTGAAGCAAGAGGCT	0	B cell	0.0	0	0	0	0	0	0	0	0	0	0	0	0	0	0	0	0	0	0	0	0	131	0	0	0	0	0	0	0	0	0	0	0	0	0	0	0	1.0	0.0	0.0	0.0	0.0	0.0	0.0	0.0	0.0	0.0	0.0	0.0	0.0
GGTGAAGCACACAGAG	10	T cell	0.0	0	0	94	0	0	0	0	0	0	0	0	0	0	0	0	133	131	0	0	0	111	91	0	134	0	0	0	0	0	111	117	0	0	0	0	0	0.0	0.0	0.0	0.0	0.0	0.0	0.0	0.0	0.0	0.0	1.0	0.0	0.0
GGTGAAGTCACAATGC	0	B cell	0.0	95	0	131	0	49	0	0	0	0	0	0	0	0	0	0	0	0	0	0	0	22	79	0	0	0	0	0	0	0	0	0	0	0	0	0	0	1.0	0.0	0.0	0.0	0.0	0.0	0.0	0.0	0.0	0.0	0.0	0.0	0.0
GTCACGGAGGTGATAT	11	Tonsillar macrophage	1.287801316820051e-59	83	0	90	0	47	113	0	0	0	0	0	0	0	0	0	0	0	114	0	119	60	0	0	99	0	0	0	0	0	0	0	0	0	0	0	0	9.162903586774464e-62	0.0	0.0	0.0	0.0	0.0	0.0	0.0	0.0	0.0	0.0	1.0	0.0
GTCATTTCAATACGCT	0	B cell	0.0	106	123	116	104	114	0	0	0	0	0	0	0	0	0	0	0	0	124	0	0	44	86	122	115	0	0	0	0	0	0	0	0	0	0	0	0	1.0	0.0	0.0	0.0	0.0	0.0	0.0	0.0	0.0	0.0	0.0	0.0	0.0
GTCCTCAGTTAAGACA	10	T cell	0.0	0	0	0	0	0	0	0	0	0	0	0	0	0	0	0	0	0	0	0	130	101	0	0	0	0	0	0	0	0	129	0	134	0	0	0	0	0.0	0.0	0.0	0.0	0.0	0.0	0.0	0.0	0.0	0.0	1.0	0.0	0.0
GTCGTAAAGGCGCTCT	0	B cell	0.0	129	108	105	125	86	0	0	0	0	0	0	0	0	125	0	0	0	130	0	0	54	115	130	0	0	0	0	0	0	0	0	0	0	0	0	0	1.0	0.0	0.0	0.0	0.0	0.0	0.0	0.0	0.0	0.0	0.0	0.0	0.0
GTCGTAAGTTCAGTAC	0	B cell	0.0	134	0	0	134	122	0	0	0	0	0	0	0	0	0	0	0	0	0	0	0	0	0	0	0	0	0	0	0	0	0	0	0	0	0	0	0	1.0	0.0	0.0	0.0	0.0	0.0	0.0	0.0	0.0	0.0	0.0	0.0	0.0
GTCGTAATCATCGCTC	10	T cell	0.0	0	0	0	0	0	0	0	0	0	0	128	0	0	0	0	134	0	0	0	0	109	76	0	100	0	0	0	0	0	131	127	121	0	0	0	0	0.0	0.0	0.0	0.0	0.0	0.0	0.0	0.0	0.0	0.0	1.0	0.0	0.0
GTGCAGCCATAGAAAC	10	T cell	0.0	0	0	111	0	0	0	0	0	0	0	0	0	0	0	0	0	0	0	0	0	88	103	0	0	0	0	0	0	0	122	132	133	0	0	0	0	0.0	0.0	0.0	0.0	0.0	0.0	0.0	0.0	0.0	0.0	1.0	0.0	0.0
GTGCAGCGTTCCACGG	0	B cell	0.0	128	0	98	0	48	0	0	0	0	0	0	0	0	0	0	0	0	0	0	0	80	94	0	0	0	0	0	0	0	0	0	0	0	0	0	0	1.0	0.0	0.0	0.0	0.0	0.0	0.0	0.0	0.0	0.0	0.0	0.0	0.0
GTGCAGCTCGAATGCT	0	B cell	0.0	101	0	117	0	69	101	0	0	0	0	0	0	0	0	0	0	0	125	0	0	25	89	98	0	0	0	0	0	0	0	0	0	132	0	0	0	1.0	0.0	0.0	0.0	0.0	0.0	0.0	0.0	0.0	0.0	0.0	0.0	0.0
GTGCTTCAGTTAACGA	0	B cell	0.0	123	116	91	122	46	102	0	0	0	0	0	0	0	134	0	0	0	127	0	0	81	123	125	0	0	0	0	0	0	0	0	0	0	0	0	0	1.0	0.0	0.0	0.0	0.0	0.0	0.0	0.0	0.0	0.0	0.0	0.0	0.0
GTGCTTCCAAGCCATT	0	B cell	0.0	0	113	87	0	104	100	0	0	0	0	0	0	0	127	0	0	0	0	130	0	95	87	123	116	0	0	0	0	0	0	0	0	0	0	0	0	1.0	0.0	0.0	0.0	0.0	0.0	0.0	0.0	0.0	0.0	0.0	0.0	0.0
GTGCTTCCAGTAGAGC	0	B cell	0.0	0	0	0	0	0	0	0	0	0	0	0	0	0	0	0	0	0	0	0	0	129	0	0	0	0	0	0	0	0	0	0	0	0	0	0	0	1.0	0.0	0.0	0.0	0.0	0.0	0.0	0.0	0.0	0.0	0.0	0.0	0.0
GTGCTTCTCTCTAGGA	0	B cell	0.0	76	0	118	98	59	78	0	0	0	127	0	0	0	122	0	0	0	115	0	0	37	95	120	0	0	0	0	0	0	0	0	0	0	0	0	0	1.0	0.0	0.0	0.0	0.0	0.0	0.0	0.0	0.0	0.0	0.0	0.0	0.0
GTGTTAGCACCAGGTC	0	B cell	0.0	122	0	92	0	43	104	0	0	0	0	0	0	0	0	0	0	0	0	0	0	91	124	126	0	0	0	0	0	0	0	0	0	0	0	0	0	1.0	0.0	0.0	0.0	0.0	0.0	0.0	0.0	0.0	0.0	0.0	0.0	0.0
GTGTTAGTCGTAGGAG	0	B cell	0.0	81	104	96	94	88	84	0	0	0	0	0	0	0	123	0	0	0	0	132	0	83	102	100	0	0	0	0	0	0	0	0	0	0	0	0	0	1.0	0.0	0.0	0.0	0.0	0.0	0.0	0.0	0.0	0.0	0.0	0.0	0.0
GTTACAGAGGTGGGTT	10	T cell	0.0	0	0	104	0	0	0	0	0	0	0	0	0	0	131	0	0	0	0	0	0	121	117	0	0	0	0	0	0	0	120	130	130	0	0	0	0	0.0	0.0	0.0	0.0	0.0	0.0	0.0	0.0	0.0	0.0	1.0	0.0	0.0
TAAGCGTTCATTATCC	0	B cell	0.0	94	0	0	106	102	0	0	0	0	0	0	0	0	0	0	0	0	0	0	0	78	0	0	0	0	0	0	0	0	0	0	0	0	0	0	0	1.0	0.0	0.0	0.0	0.0	0.0	0.0	0.0	0.0	0.0	0.0	0.0	0.0
TACGGGCAGCGTGAGT	11	Tonsillar macrophage	0.0	0	0	0	0	0	0	0	0	0	0	0	0	0	0	0	0	0	0	0	0	0	0	0	0	0	0	0	0	0	135	0	0	0	0	0	0	0.0	0.0	0.0	0.0	0.0	0.0	0.0	0.0	0.0	0.0	0.0	1.0	0.0
TACGGGCTCACCCTCA	0	B cell	0.0	0	0	0	0	125	0	0	0	0	0	0	0	0	0	0	0	0	0	0	0	128	0	0	0	0	0	0	0	0	0	0	0	0	0	0	0	1.0	0.0	0.0	0.0	0.0	0.0	0.0	0.0	0.0	0.0	0.0	0.0	0.0
TACGGTAAGGCGATAC	5	Helper T cell	0.0	0	0	0	0	0	0	0	0	0	130	0	0	0	135	0	0	134	123	0	0	113	0	0	111	0	0	0	0	0	123	115	119	0	0	0	0	0.0	0.0	0.0	0.0	0.0	1.0	0.0	0.0	0.0	0.0	0.0	0.0	0.0
TAGACCACAAGCTGTT	0	B cell	0.0	0	0	0	0	0	0	0	0	0	0	0	0	0	0	0	0	0	0	0	0	126	0	0	0	0	0	0	0	0	0	0	0	0	0	0	0	1.0	0.0	0.0	0.0	0.0	0.0	0.0	0.0	0.0	0.0	0.0	0.0	0.0
TATCAGGGTGTTCGAT	0	B cell	0.0	0	0	119	0	105	0	0	0	0	0	0	0	0	0	0	0	0	0	0	0	31	130	113	0	0	0	0	0	0	0	0	0	0	0	0	0	1.0	0.0	0.0	0.0	0.0	0.0	0.0	0.0	0.0	0.0	0.0	0.0	0.0
TCAATCTAGAGTCTGG	0	B cell	0.0	0	122	114	0	118	130	0	0	0	0	0	0	0	0	0	0	0	0	0	129	43	0	0	0	0	0	0	0	0	0	0	0	0	0	0	0	1.0	0.0	0.0	0.0	0.0	0.0	0.0	0.0	0.0	0.0	0.0	0.0	0.0
TCAATCTGTCTGATCA	0	B cell	0.0	104	0	0	97	96	131	0	0	0	0	0	0	0	0	0	0	0	0	0	0	24	0	0	112	0	0	0	0	0	0	0	0	0	0	0	0	1.0	0.0	0.0	0.0	0.0	0.0	0.0	0.0	0.0	0.0	0.0	0.0	0.0
TCACAAGTCCGAACGC	2	Germinal center B cell	0.0	116	0	123	100	74	124	0	0	135	0	0	0	0	0	0	0	0	0	0	0	42	0	0	0	0	0	0	0	0	0	0	0	0	0	0	133	0.0	0.0	1.0	0.0	0.0	0.0	0.0	0.0	0.0	0.0	0.0	0.0	0.0
TCAGCAACACGAAACG	0	B cell	0.0	0	0	0	0	0	0	0	0	0	0	0	0	0	0	0	0	0	0	0	0	134	0	0	0	0	0	0	0	0	0	0	0	0	0	0	0	1.0	0.0	0.0	0.0	0.0	0.0	0.0	0.0	0.0	0.0	0.0	0.0	0.0
TCAGCAAGTAACGCGA	10	T cell	0.0	0	0	0	0	0	0	0	0	0	0	0	0	0	0	0	0	0	0	0	0	94	0	0	117	0	130	0	0	0	127	116	125	0	0	0	0	0.0	0.0	0.0	0.0	0.0	0.0	0.0	0.0	0.0	0.0	1.0	0.0	0.0
TCAGCAATCTATGTGG	10	T cell	0.0	0	0	101	0	0	0	0	0	0	0	0	0	0	0	134	128	0	0	0	0	68	122	0	131	0	0	0	0	0	119	120	116	0	0	0	0	0.0	0.0	0.0	0.0	0.0	0.0	0.0	0.0	0.0	0.0	1.0	0.0	0.0
TCATTACCATGGAATA	6	Mast cell	0.0	0	0	0	0	63	125	0	0	0	0	0	0	0	0	0	0	0	0	0	0	61	0	0	98	0	0	0	0	0	0	0	0	0	0	132	0	0.0	0.0	0.0	0.0	0.0	0.0	1.0	0.0	0.0	0.0	0.0	0.0	0.0
TCATTTGGTCCAGTTA	0	B cell	0.0	89	112	107	0	62	117	0	0	0	0	0	0	0	0	0	0	0	120	0	0	32	84	115	0	0	0	0	0	0	0	0	0	0	0	0	0	1.0	0.0	0.0	0.0	0.0	0.0	0.0	0.0	0.0	0.0	0.0	0.0	0.0
TCATTTGTCAACACCA	0	B cell	0.0	127	118	99	107	65	0	0	0	0	0	0	0	0	0	0	0	0	129	0	0	117	0	132	0	0	0	0	0	0	0	0	0	0	0	0	0	1.0	0.0	0.0	0.0	0.0	0.0	0.0	0.0	0.0	0.0	0.0	0.0	0.0
TCATTTGTCTGCGGCA	0	B cell	0.0	85	0	82	124	85	122	0	0	0	0	0	0	0	0	0	0	0	0	0	0	49	131	103	0	0	0	0	0	0	0	0	0	0	0	0	0	1.0	0.0	0.0	0.0	0.0	0.0	0.0	0.0	0.0	0.0	0.0	0.0	0.0
TCGGTAATCAACTCTT	0	B cell	0.0	0	0	0	0	130	0	0	0	0	0	0	0	0	0	0	0	0	0	0	0	132	0	0	0	0	0	0	0	0	0	0	0	0	0	0	0	1.0	0.0	0.0	0.0	0.0	0.0	0.0	0.0	0.0	0.0	0.0	0.0	0.0
TCGTAGACACCGCTAG	10	T cell	0.0	0	0	112	0	0	0	0	0	0	0	135	0	0	0	0	0	133	133	0	0	115	127	0	129	0	0	0	0	0	132	131	127	0	0	0	0	0.0	0.0	0.0	0.0	0.0	0.0	0.0	0.0	0.0	0.0	1.0	0.0	0.0
TGAGCATCAAACGTGG	0	B cell	0.0	0	0	0	0	128	0	0	0	0	0	0	0	0	0	0	0	0	0	135	0	0	0	0	0	0	0	0	0	0	0	0	0	0	0	0	0	1.0	0.0	0.0	0.0	0.0	0.0	0.0	0.0	0.0	0.0	0.0	0.0	0.0
TGATTTCCAAGCCATT	6	Mast cell	0.0	79	0	88	92	42	80	0	134	0	0	0	0	0	0	0	0	0	118	0	0	26	0	95	105	0	0	0	0	0	0	0	0	0	0	130	127	0.0	0.0	0.0	0.0	0.0	0.0	1.0	0.0	0.0	0.0	0.0	0.0	0.0
TGGGCGTAGTAGGCCA	10	T cell	0.0	0	110	109	0	0	0	0	0	0	0	0	0	0	132	0	135	130	0	0	0	123	0	0	0	0	0	0	0	0	116	114	122	0	0	0	0	0.0	0.0	0.0	0.0	0.0	0.0	0.0	0.0	0.0	0.0	1.0	0.0	0.0
TGGGCGTCAAATTGCC	0	B cell	0.0	0	0	129	0	109	0	0	0	0	0	0	0	0	0	0	0	0	0	0	0	105	0	0	0	0	0	0	0	0	0	0	0	0	0	0	0	1.0	0.0	0.0	0.0	0.0	0.0	0.0	0.0	0.0	0.0	0.0	0.0	0.0
TGGGCGTCACGGCGTT	6	Mast cell	1.220097836536144e-16	111	0	0	0	93	108	0	0	0	0	0	0	0	0	0	0	0	0	0	0	21	92	0	0	0	132	0	0	0	0	0	0	0	0	0	0	3.024553412693136e-18	0.0	0.0	0.0	0.0	0.0	1.0	0.0	0.0	0.0	0.0	0.0	0.0
TGGGCGTCAGCCTATA	2	Germinal center B cell	0.0	0	0	97	0	40	107	0	0	132	0	0	0	0	0	0	127	0	0	0	0	47	74	92	0	0	0	0	0	0	0	0	0	0	0	0	0	0.0	0.0	1.0	0.0	0.0	0.0	0.0	0.0	0.0	0.0	0.0	0.0	0.0
TGGGCGTTCGAATGCT	6	Mast cell	4.425340262706445e-18	0	106	102	110	111	0	0	0	0	0	0	0	0	124	0	0	0	0	0	0	72	0	0	0	0	128	0	0	0	0	0	0	0	0	0	0	1.0117980258524835e-19	0.0	0.0	0.0	0.0	0.0	1.0	0.0	0.0	0.0	0.0	0.0	0.0
TGGTTAGCAAGCCATT	0	B cell	0.0	97	107	75	0	101	85	0	0	0	0	0	0	0	0	0	0	0	0	0	0	93	109	0	0	0	0	0	0	0	0	0	0	0	0	0	0	1.0	0.0	0.0	0.0	0.0	0.0	0.0	0.0	0.0	0.0	0.0	0.0	0.0
TGTCCCACATCGGTTA	0	B cell	0.0	80	100	69	117	89	83	0	0	0	0	0	0	0	0	0	0	0	0	0	116	45	121	90	0	0	0	133	0	0	0	0	0	0	0	0	125	1.0	0.0	0.0	0.0	0.0	0.0	0.0	0.0	0.0	0.0	0.0	0.0	0.0
TGTCCCAGTGGTCTCG	1	Dendritic cell	0.0	0	0	0	118	108	0	0	0	0	0	0	0	0	0	0	0	0	0	0	0	66	112	0	0	0	0	0	0	0	0	0	112	0	0	0	130	0.0	1.0	0.0	0.0	0.0	0.0	0.0	0.0	0.0	0.0	0.0	0.0	0.0
TGTCCCATCGCGCCAA	0	B cell	0.0	130	120	103	0	107	0	0	0	0	0	0	0	0	130	0	0	0	0	0	0	98	98	0	0	0	0	0	0	0	0	0	0	0	0	0	0	1.0	0.0	0.0	0.0	0.0	0.0	0.0	0.0	0.0	0.0	0.0	0.0	0.0
TTAGGCACAATACGCT	8	Myeloid cell	0.0	99	0	78	120	100	88	0	0	0	0	0	0	0	121	0	0	0	0	0	0	59	93	97	108	132	127	0	0	0	0	0	0	0	0	0	0	0.0	0.0	0.0	0.0	0.0	0.0	0.0	0.0	1.0	0.0	0.0	0.0	0.0
TTAGGCAGTAGCGCTC	0	B cell	0.0	115	126	122	0	110	0	0	0	0	0	0	0	0	0	0	0	0	0	0	0	69	0	127	0	0	0	0	0	0	0	0	0	0	0	0	0	1.0	0.0	0.0	0.0	0.0	0.0	0.0	0.0	0.0	0.0	0.0	0.0	0.0
TTCGGTCTCATCACCC	0	B cell	0.0	0	0	0	135	0	0	0	0	0	0	0	0	0	0	0	0	0	0	0	0	0	0	0	0	0	0	0	0	0	0	0	0	0	0	0	0	1.0	0.0	0.0	0.0	0.0	0.0	0.0	0.0	0.0	0.0	0.0	0.0	0.0
TTGAACGGTCTTGCGG	10	T cell	0.0	0	0	0	0	0	0	0	0	0	0	0	0	0	0	0	0	0	0	0	0	118	135	0	126	0	0	0	131	0	114	126	0	0	0	0	0	0.0	0.0	0.0	0.0	0.0	0.0	0.0	0.0	0.0	0.0	1.0	0.0	0.0
TTTACTGGTGTCGCTG	6	Mast cell	0.0	0	0	133	0	79	134	0	0	0	0	0	0	0	0	0	0	0	0	0	134	125	0	0	0	0	0	0	0	0	0	0	0	0	0	135	0	0.0	0.0	0.0	0.0	0.0	0.0	1.0	0.0	0.0	0.0	0.0	0.0	0.0
TTTATGCCAGACGCTC	0	B cell	0.0	113	119	0	109	58	123	0	0	0	0	0	0	0	0	0	0	0	0	0	125	108	96	116	0	0	0	0	0	0	0	0	0	0	0	0	0	1.0	0.0	0.0	0.0	0.0	0.0	0.0	0.0	0.0	0.0	0.0	0.0	0.0
TTTCCTCAGGTCATCT	6	Mast cell	0.0	102	0	130	115	45	111	0	0	0	0	0	0	0	0	0	0	0	0	0	0	76	0	119	0	0	0	0	0	0	0	0	0	0	0	134	0	0.0	0.0	0.0	0.0	0.0	0.0	1.0	0.0	0.0	0.0	0.0	0.0	0.0
TTTCCTCCAAGGGTCA	0	B cell	0.0	131	0	0	129	92	132	0	0	0	0	0	0	0	0	0	0	0	0	0	0	85	118	117	123	0	0	0	0	0	0	0	0	0	0	0	0	1.0	0.0	0.0	0.0	0.0	0.0	0.0	0.0	0.0	0.0	0.0	0.0	0.0
TTTGGTTCACCTATCC	0	B cell	0.0	91	0	0	121	72	0	0	0	0	0	0	0	0	0	0	0	0	126	0	0	103	110	0	0	0	0	0	0	0	0	0	0	0	0	0	0	1.0	0.0	0.0	0.0	0.0	0.0	0.0	0.0	0.0	0.0	0.0	0.0	0.0
